order_id,customer_id,order_status,order_purchase_timestamp,order_approved_at,order_delivered_carrier_date,order_delivered_customer_date,order_estimated_delivery_date
ORD_0000001,CUST_000283,delivered,2023-11-30 08:33:29,2023-11-30 09:33:29,2023-12-05 09:33:29,2023-12-03 08:33:29,2023-12-01 08:33:29
ORD_0000002,CUST_000213,delivered,2023-06-03 04:36:37,2023-06-04 18:36:37,2023-06-05 18:36:37,2023-06-10 04:36:37,2023-06-08 04:36:37
ORD_0000003,CUST_000289,shipped,2025-03-09 03:50:18,2025-03-10 14:50:18,2025-03-14 14:50:18,,2025-03-22 03:50:18
ORD_0000004,CUST_000312,delivered,2024-04-29 01:11:17,2024-04-30 03:11:17,2024-05-05 03:11:17,2024-05-13 01:11:17,2024-05-20 01:11:17
ORD_0000005,CUST_000356,delivered,2024-02-16 01:25:56,2024-02-16 23:25:56,2024-02-17 23:25:56,2024-03-01 01:25:56,2024-03-03 01:25:56
ORD_0000006,CUST_000011,shipped,2023-12-12 09:19:17,2023-12-13 17:19:17,2023-12-14 17:19:17,,2023-12-21 09:19:17
ORD_0000007,CUST_000069,delivered,2023-11-04 23:28:49,2023-11-05 20:28:49,2023-11-09 20:28:49,2023-11-14 23:28:49,2023-11-18 23:28:49
ORD_0000008,CUST_000109,shipped,2025-04-23 13:47:31,2025-04-24 23:47:31,2025-04-25 23:47:31,,2025-05-12 13:47:31
ORD_0000009,CUST_000406,delivered,2023-06-12 02:19:45,2023-06-13 11:19:45,2023-06-18 11:19:45,2023-06-22 02:19:45,2023-06-22 02:19:45
ORD_0000010,CUST_000449,delivered,2023-07-25 01:15:02,2023-07-26 07:15:02,2023-07-29 07:15:02,2023-08-05 01:15:02,2023-08-05 01:15:02
ORD_0000011,CUST_000141,processing,2024-01-13 14:32:25,2024-01-15 07:32:25,,,2024-02-01 14:32:25
ORD_0000012,CUST_000305,delivered,2024-04-01 05:55:30,2024-04-02 19:55:30,2024-04-05 19:55:30,2024-04-14 05:55:30,2024-04-13 05:55:30
ORD_0000013,CUST_000429,delivered,2023-09-22 23:53:44,2023-09-23 05:53:44,2023-09-27 05:53:44,2023-10-09 23:53:44,2023-10-09 23:53:44
ORD_0000014,CUST_000439,delivered,2023-08-15 20:14:43,2023-08-16 10:14:43,2023-08-20 10:14:43,2023-08-31 20:14:43,2023-09-05 20:14:43
ORD_0000015,CUST_000011,delivered,2025-03-10 21:00:30,2025-03-11 06:00:30,2025-03-16 06:00:30,2025-03-27 21:00:30,2025-04-02 21:00:30
ORD_0000016,CUST_000413,delivered,2023-11-09 22:45:41,2023-11-10 16:45:41,2023-11-14 16:45:41,2023-11-15 22:45:41,2023-11-17 22:45:41
ORD_0000017,CUST_000236,delivered,2023-09-16 06:29:19,2023-09-18 02:29:19,2023-09-23 02:29:19,2023-10-01 06:29:19,2023-10-06 06:29:19
ORD_0000018,CUST_000340,delivered,2024-01-19 17:41:38,2024-01-21 08:41:38,2024-01-22 08:41:38,2024-01-28 17:41:38,2024-02-01 17:41:38
ORD_0000019,CUST_000033,delivered,2023-12-11 08:40:20,2023-12-12 02:40:20,2023-12-15 02:40:20,2023-12-23 08:40:20,2023-12-23 08:40:20
ORD_0000020,CUST_000461,delivered,2023-02-28 19:25:42,2023-03-01 16:25:42,2023-03-02 16:25:42,2023-03-11 19:25:42,2023-03-18 19:25:42
ORD_0000021,CUST_000255,delivered,2023-10-30 08:58:26,2023-10-31 10:58:26,2023-11-01 10:58:26,2023-11-04 08:58:26,2023-11-04 08:58:26
ORD_0000022,CUST_000176,delivered,2025-01-13 22:14:43,2025-01-15 09:14:43,2025-01-19 09:14:43,2025-01-16 22:14:43,2025-01-23 22:14:43
ORD_0000023,CUST_000184,shipped,2024-06-03 09:54:10,2024-06-05 04:54:10,2024-06-07 04:54:10,,2024-06-11 09:54:10
ORD_0000024,CUST_000372,canceled,2025-04-07 17:48:58,2025-04-08 05:48:58,,,2025-04-20 17:48:58
ORD_0000025,CUST_000336,shipped,2023-04-02 07:22:14,2023-04-04 07:22:14,2023-04-08 07:22:14,,2023-04-14 07:22:14
ORD_0000026,CUST_000300,delivered,2023-10-29 14:54:07,2023-10-30 21:54:07,2023-11-04 21:54:07,2023-11-11 14:54:07,2023-11-17 14:54:07
ORD_0000027,CUST_000484,delivered,2024-09-27 02:30:56,2024-09-27 15:30:56,2024-10-01 15:30:56,2024-10-02 02:30:56,2024-10-01 02:30:56
ORD_0000028,CUST_000071,delivered,2023-07-25 10:26:36,2023-07-26 16:26:36,2023-07-28 16:26:36,2023-08-07 10:26:36,2023-08-05 10:26:36
ORD_0000029,CUST_000250,delivered,2023-12-07 20:11:20,2023-12-09 13:11:20,2023-12-13 13:11:20,2023-12-14 20:11:20,2023-12-13 20:11:20
ORD_0000030,CUST_000296,delivered,2025-02-21 05:31:50,2025-02-21 11:31:50,2025-02-25 11:31:50,2025-03-12 05:31:50,2025-03-19 05:31:50
ORD_0000031,CUST_000220,delivered,2024-02-18 13:30:24,2024-02-18 14:30:24,2024-02-20 14:30:24,2024-02-29 13:30:24,2024-03-02 13:30:24
ORD_0000032,CUST_000388,delivered,2024-06-27 06:01:43,2024-06-27 07:01:43,2024-06-29 07:01:43,2024-06-28 06:01:43,2024-06-28 06:01:43
ORD_0000033,CUST_000356,delivered,2023-12-19 09:08:06,2023-12-20 10:08:06,2023-12-23 10:08:06,2024-01-04 09:08:06,2024-01-05 09:08:06
ORD_0000034,CUST_000486,delivered,2023-10-25 14:46:33,2023-10-27 05:46:33,2023-10-31 05:46:33,2023-11-10 14:46:33,2023-11-17 14:46:33
ORD_0000035,CUST_000069,delivered,2023-12-17 15:22:48,2023-12-18 04:22:48,2023-12-22 04:22:48,2023-12-30 15:22:48,2023-12-29 15:22:48
ORD_0000036,CUST_000109,delivered,2025-01-21 00:37:32,2025-01-21 11:37:32,2025-01-22 11:37:32,2025-02-05 00:37:32,2025-02-08 00:37:32
ORD_0000037,CUST_000449,delivered,2024-10-17 08:49:34,2024-10-19 00:49:34,2024-10-20 00:49:34,2024-10-26 08:49:34,2024-10-23 08:49:34
ORD_0000038,CUST_000025,delivered,2024-12-07 03:26:28,2024-12-08 04:26:28,2024-12-11 04:26:28,2024-12-16 03:26:28,2024-12-20 03:26:28
ORD_0000039,CUST_000360,delivered,2023-06-06 06:44:43,2023-06-07 23:44:43,2023-06-11 23:44:43,2023-06-11 06:44:43,2023-06-12 06:44:43
ORD_0000040,CUST_000319,delivered,2024-09-12 22:08:26,2024-09-13 05:08:26,2024-09-18 05:08:26,2024-09-20 22:08:26,2024-09-18 22:08:26
ORD_0000041,CUST_000145,delivered,2023-04-27 03:31:12,2023-04-28 18:31:12,2023-05-01 18:31:12,2023-05-11 03:31:12,2023-05-13 03:31:12
ORD_0000042,CUST_000361,delivered,2024-02-24 09:10:02,2024-02-25 21:10:02,2024-02-27 21:10:02,2024-02-25 09:10:02,2024-02-29 09:10:02
ORD_0000043,CUST_000170,processing,2023-08-29 00:00:42,2023-08-29 06:00:42,,,2023-09-07 00:00:42
ORD_0000044,CUST_000487,delivered,2023-04-03 16:04:46,2023-04-05 15:04:46,2023-04-08 15:04:46,2023-04-07 16:04:46,2023-04-14 16:04:46
ORD_0000045,CUST_000119,delivered,2024-04-12 09:16:29,2024-04-12 13:16:29,2024-04-14 13:16:29,2024-04-30 09:16:29,2024-05-02 09:16:29
ORD_0000046,CUST_000411,delivered,2024-11-24 10:27:47,2024-11-24 18:27:47,2024-11-25 18:27:47,2024-11-28 10:27:47,2024-11-25 10:27:47
ORD_0000047,CUST_000437,delivered,2023-05-22 21:41:10,2023-05-23 19:41:10,2023-05-27 19:41:10,2023-06-08 21:41:10,2023-06-06 21:41:10
ORD_0000048,CUST_000191,delivered,2025-04-14 10:11:07,2025-04-15 12:11:07,2025-04-19 12:11:07,2025-05-01 10:11:07,2025-05-02 10:11:07
ORD_0000049,CUST_000428,delivered,2024-01-30 22:54:30,2024-02-01 01:54:30,2024-02-03 01:54:30,2024-02-19 22:54:30,2024-02-16 22:54:30
ORD_0000050,CUST_000483,delivered,2023-06-13 03:26:58,2023-06-14 17:26:58,2023-06-19 17:26:58,2023-06-30 03:26:58,2023-07-07 03:26:58
ORD_0000051,CUST_000225,delivered,2023-07-05 19:24:49,2023-07-06 18:24:49,2023-07-08 18:24:49,2023-07-09 19:24:49,2023-07-12 19:24:49
ORD_0000052,CUST_000226,delivered,2023-02-17 02:16:41,2023-02-17 23:16:41,2023-02-22 23:16:41,2023-03-01 02:16:41,2023-03-07 02:16:41
ORD_0000053,CUST_000371,delivered,2024-08-01 07:42:55,2024-08-02 05:42:55,2024-08-07 05:42:55,2024-08-22 07:42:55,2024-08-22 07:42:55
ORD_0000054,CUST_000247,delivered,2023-12-21 21:43:41,2023-12-22 22:43:41,2023-12-27 22:43:41,2024-01-02 21:43:41,2024-01-08 21:43:41
ORD_0000055,CUST_000028,shipped,2023-01-12 20:59:10,2023-01-14 05:59:10,2023-01-18 05:59:10,,2023-01-27 20:59:10
ORD_0000056,CUST_000165,delivered,2023-09-04 10:17:03,2023-09-05 19:17:03,2023-09-09 19:17:03,2023-09-16 10:17:03,2023-09-19 10:17:03
ORD_0000057,CUST_000419,delivered,2023-08-29 02:29:28,2023-08-30 15:29:28,2023-09-03 15:29:28,2023-09-04 02:29:28,2023-09-08 02:29:28
ORD_0000058,CUST_000382,delivered,2024-10-31 00:06:25,2024-11-01 03:06:25,2024-11-06 03:06:25,2024-11-12 00:06:25,2024-11-09 00:06:25
ORD_0000059,CUST_000423,shipped,2023-04-04 19:39:40,2023-04-05 15:39:40,2023-04-10 15:39:40,,2023-04-15 19:39:40
ORD_0000060,CUST_000187,delivered,2025-04-25 01:52:14,2025-04-26 07:52:14,2025-05-01 07:52:14,2025-05-15 01:52:14,2025-05-21 01:52:14
ORD_0000061,CUST_000243,delivered,2025-01-03 21:23:45,2025-01-05 02:23:45,2025-01-07 02:23:45,2025-01-14 21:23:45,2025-01-21 21:23:45
ORD_0000062,CUST_000494,delivered,2025-03-30 09:35:33,2025-03-31 09:35:33,2025-04-01 09:35:33,2025-04-10 09:35:33,2025-04-09 09:35:33
ORD_0000063,CUST_000253,delivered,2023-05-24 22:47:46,2023-05-26 01:47:46,2023-05-31 01:47:46,2023-06-09 22:47:46,2023-06-12 22:47:46
ORD_0000064,CUST_000111,delivered,2024-04-13 06:45:21,2024-04-13 13:45:21,2024-04-14 13:45:21,2024-04-26 06:45:21,2024-05-03 06:45:21
ORD_0000065,CUST_000429,delivered,2024-11-19 18:07:49,2024-11-20 23:07:49,2024-11-25 23:07:49,2024-12-02 18:07:49,2024-12-06 18:07:49
ORD_0000066,CUST_000003,shipped,2024-06-27 23:03:35,2024-06-29 03:03:35,2024-07-03 03:03:35,,2024-07-09 23:03:35
ORD_0000067,CUST_000400,delivered,2023-07-01 22:37:11,2023-07-03 21:37:11,2023-07-04 21:37:11,2023-07-06 22:37:11,2023-07-08 22:37:11
ORD_0000068,CUST_000259,delivered,2024-01-29 13:38:58,2024-01-31 10:38:58,2024-02-03 10:38:58,2024-02-08 13:38:58,2024-02-11 13:38:58
ORD_0000069,CUST_000494,delivered,2023-12-18 09:28:51,2023-12-18 18:28:51,2023-12-23 18:28:51,2023-12-28 09:28:51,2023-12-29 09:28:51
ORD_0000070,CUST_000432,delivered,2024-12-19 17:55:20,2024-12-21 15:55:20,2024-12-26 15:55:20,2024-12-22 17:55:20,2024-12-29 17:55:20
ORD_0000071,CUST_000112,delivered,2023-07-25 06:39:45,2023-07-26 01:39:45,2023-07-28 01:39:45,2023-08-08 06:39:45,2023-08-07 06:39:45
ORD_0000072,CUST_000258,delivered,2024-07-09 22:40:20,2024-07-11 20:40:20,2024-07-14 20:40:20,2024-07-22 22:40:20,2024-07-27 22:40:20
ORD_0000073,CUST_000246,delivered,2024-08-19 18:42:45,2024-08-20 21:42:45,2024-08-25 21:42:45,2024-08-29 18:42:45,2024-08-26 18:42:45
ORD_0000074,CUST_000268,delivered,2023-04-20 00:24:09,2023-04-20 04:24:09,2023-04-22 04:24:09,2023-05-06 00:24:09,2023-05-07 00:24:09
ORD_0000075,CUST_000385,delivered,2025-03-15 05:18:43,2025-03-15 22:18:43,2025-03-16 22:18:43,2025-03-22 05:18:43,2025-03-27 05:18:43
ORD_0000076,CUST_000017,delivered,2024-01-03 14:06:39,2024-01-05 10:06:39,2024-01-07 10:06:39,2024-01-14 14:06:39,2024-01-21 14:06:39
ORD_0000077,CUST_000288,delivered,2024-02-03 07:32:50,2024-02-05 04:32:50,2024-02-06 04:32:50,2024-02-13 07:32:50,2024-02-20 07:32:50
ORD_0000078,CUST_000161,delivered,2024-07-19 01:00:47,2024-07-19 18:00:47,2024-07-23 18:00:47,2024-07-28 01:00:47,2024-07-28 01:00:47
ORD_0000079,CUST_000467,delivered,2024-10-10 22:45:41,2024-10-11 22:45:41,2024-10-16 22:45:41,2024-10-25 22:45:41,2024-10-25 22:45:41
ORD_0000080,CUST_000151,canceled,2024-04-04 05:43:04,2024-04-04 17:43:04,,,2024-04-15 05:43:04
ORD_0000081,CUST_000062,delivered,2024-01-22 01:27:17,2024-01-23 13:27:17,2024-01-25 13:27:17,2024-01-28 01:27:17,2024-01-30 01:27:17
ORD_0000082,CUST_000239,delivered,2024-12-27 04:02:09,2024-12-28 01:02:09,2025-01-02 01:02:09,2025-01-10 04:02:09,2025-01-17 04:02:09
ORD_0000083,CUST_000155,delivered,2024-05-17 18:35:22,2024-05-17 23:35:22,2024-05-20 23:35:22,2024-05-18 18:35:22,2024-05-23 18:35:22
ORD_0000084,CUST_000035,delivered,2025-03-16 16:10:26,2025-03-18 03:10:26,2025-03-19 03:10:26,2025-03-23 16:10:26,2025-03-25 16:10:26
ORD_0000085,CUST_000114,delivered,2023-08-07 21:21:21,2023-08-08 21:21:21,2023-08-13 21:21:21,2023-08-11 21:21:21,2023-08-18 21:21:21
ORD_0000086,CUST_000005,processing,2023-04-28 21:22:28,2023-04-29 13:22:28,,,2023-05-13 21:22:28
ORD_0000087,CUST_000471,delivered,2024-09-28 07:02:43,2024-09-29 04:02:43,2024-09-30 04:02:43,2024-10-03 07:02:43,2024-10-04 07:02:43
ORD_0000088,CUST_000013,delivered,2024-06-13 11:32:51,2024-06-14 20:32:51,2024-06-15 20:32:51,2024-06-23 11:32:51,2024-06-24 11:32:51
ORD_0000089,CUST_000460,canceled,2024-10-29 06:20:32,2024-10-29 12:20:32,,,2024-11-23 06:20:32
ORD_0000090,CUST_000274,delivered,2023-01-08 20:04:13,2023-01-10 15:04:13,2023-01-12 15:04:13,2023-01-28 20:04:13,2023-02-04 20:04:13
ORD_0000091,CUST_000218,shipped,2023-04-17 06:34:53,2023-04-19 03:34:53,2023-04-23 03:34:53,,2023-05-01 06:34:53
ORD_0000092,CUST_000079,delivered,2023-01-25 14:45:21,2023-01-25 17:45:21,2023-01-26 17:45:21,2023-01-27 14:45:21,2023-01-26 14:45:21
ORD_0000093,CUST_000407,processing,2023-09-15 17:04:36,2023-09-16 08:04:36,,,2023-09-23 17:04:36
ORD_0000094,CUST_000222,delivered,2023-11-20 00:24:43,2023-11-20 08:24:43,2023-11-25 08:24:43,2023-12-06 00:24:43,2023-12-04 00:24:43
ORD_0000095,CUST_000388,delivered,2025-02-02 18:02:44,2025-02-02 23:02:44,2025-02-07 23:02:44,2025-02-14 18:02:44,2025-02-15 18:02:44
ORD_0000096,CUST_000311,delivered,2023-03-30 09:48:59,2023-03-31 14:48:59,2023-04-01 14:48:59,2023-04-18 09:48:59,2023-04-22 09:48:59
ORD_0000097,CUST_000081,delivered,2024-06-30 07:08:47,2024-07-01 09:08:47,2024-07-06 09:08:47,2024-07-07 07:08:47,2024-07-08 07:08:47
ORD_0000098,CUST_000347,delivered,2025-03-25 23:41:23,2025-03-26 00:41:23,2025-03-31 00:41:23,2025-04-09 23:41:23,2025-04-08 23:41:23
ORD_0000099,CUST_000064,delivered,2023-02-12 00:36:38,2023-02-13 02:36:38,2023-02-14 02:36:38,2023-02-18 00:36:38,2023-02-20 00:36:38
ORD_0000100,CUST_000109,delivered,2024-02-27 20:54:32,2024-02-28 06:54:32,2024-03-01 06:54:32,2024-03-17 20:54:32,2024-03-23 20:54:32
ORD_0000101,CUST_000428,delivered,2023-09-16 06:07:11,2023-09-18 01:07:11,2023-09-19 01:07:11,2023-10-06 06:07:11,2023-10-11 06:07:11
ORD_0000102,CUST_000237,delivered,2024-10-22 17:04:18,2024-10-24 12:04:18,2024-10-25 12:04:18,2024-10-24 17:04:18,2024-10-24 17:04:18
ORD_0000103,CUST_000372,delivered,2024-08-17 15:21:22,2024-08-18 00:21:22,2024-08-20 00:21:22,2024-08-28 15:21:22,2024-08-28 15:21:22
ORD_0000104,CUST_000163,delivered,2024-05-12 14:21:39,2024-05-14 09:21:39,2024-05-19 09:21:39,2024-05-22 14:21:39,2024-05-21 14:21:39
ORD_0000105,CUST_000290,delivered,2024-08-03 11:51:20,2024-08-04 15:51:20,2024-08-07 15:51:20,2024-08-11 11:51:20,2024-08-18 11:51:20
ORD_0000106,CUST_000224,delivered,2023-10-11 11:08:43,2023-10-13 10:08:43,2023-10-17 10:08:43,2023-10-21 11:08:43,2023-10-25 11:08:43
ORD_0000107,CUST_000229,delivered,2024-01-03 09:31:35,2024-01-03 16:31:35,2024-01-08 16:31:35,2024-01-18 09:31:35,2024-01-17 09:31:35
ORD_0000108,CUST_000457,delivered,2024-07-05 06:16:46,2024-07-06 23:16:46,2024-07-07 23:16:46,2024-07-20 06:16:46,2024-07-17 06:16:46
ORD_0000109,CUST_000435,delivered,2024-06-03 20:01:52,2024-06-05 10:01:52,2024-06-10 10:01:52,2024-06-13 20:01:52,2024-06-14 20:01:52
ORD_0000110,CUST_000279,delivered,2024-07-06 15:41:49,2024-07-07 01:41:49,2024-07-09 01:41:49,2024-07-14 15:41:49,2024-07-20 15:41:49
ORD_0000111,CUST_000376,delivered,2023-10-25 04:29:32,2023-10-26 13:29:32,2023-10-29 13:29:32,2023-11-03 04:29:32,2023-11-09 04:29:32
ORD_0000112,CUST_000351,delivered,2023-06-19 16:08:28,2023-06-20 03:08:28,2023-06-25 03:08:28,2023-06-27 16:08:28,2023-07-04 16:08:28
ORD_0000113,CUST_000447,delivered,2023-05-30 23:46:30,2023-05-31 22:46:30,2023-06-04 22:46:30,2023-06-07 23:46:30,2023-06-07 23:46:30
ORD_0000114,CUST_000022,delivered,2024-11-15 06:33:58,2024-11-16 06:33:58,2024-11-20 06:33:58,2024-11-27 06:33:58,2024-11-24 06:33:58
ORD_0000115,CUST_000021,delivered,2024-10-26 10:06:45,2024-10-27 20:06:45,2024-10-30 20:06:45,2024-11-07 10:06:45,2024-11-12 10:06:45
ORD_0000116,CUST_000292,delivered,2023-06-28 12:41:24,2023-06-29 12:41:24,2023-06-30 12:41:24,2023-07-04 12:41:24,2023-07-09 12:41:24
ORD_0000117,CUST_000129,delivered,2024-01-21 07:33:25,2024-01-22 06:33:25,2024-01-25 06:33:25,2024-01-25 07:33:25,2024-01-31 07:33:25
ORD_0000118,CUST_000004,delivered,2024-05-28 04:28:10,2024-05-28 19:28:10,2024-05-31 19:28:10,2024-06-05 04:28:10,2024-06-05 04:28:10
ORD_0000119,CUST_000077,delivered,2023-07-11 05:23:38,2023-07-13 03:23:38,2023-07-15 03:23:38,2023-07-22 05:23:38,2023-07-20 05:23:38
ORD_0000120,CUST_000247,delivered,2024-11-22 15:30:13,2024-11-24 05:30:13,2024-11-28 05:30:13,2024-12-03 15:30:13,2024-11-30 15:30:13
ORD_0000121,CUST_000125,delivered,2023-02-14 04:36:37,2023-02-14 15:36:37,2023-02-19 15:36:37,2023-02-25 04:36:37,2023-02-22 04:36:37
ORD_0000122,CUST_000086,canceled,2023-09-22 05:33:25,2023-09-23 20:33:25,,,2023-10-13 05:33:25
ORD_0000123,CUST_000010,canceled,2025-01-06 23:42:52,2025-01-07 18:42:52,,,2025-01-19 23:42:52
ORD_0000124,CUST_000445,delivered,2024-05-08 05:14:53,2024-05-09 08:14:53,2024-05-14 08:14:53,2024-05-20 05:14:53,2024-05-19 05:14:53
ORD_0000125,CUST_000320,delivered,2024-11-06 16:16:10,2024-11-08 15:16:10,2024-11-12 15:16:10,2024-11-16 16:16:10,2024-11-19 16:16:10
ORD_0000126,CUST_000198,shipped,2023-05-16 03:01:12,2023-05-17 13:01:12,2023-05-22 13:01:12,,2023-06-04 03:01:12
ORD_0000127,CUST_000215,delivered,2025-04-26 04:38:06,2025-04-26 16:38:06,2025-05-01 16:38:06,2025-04-29 04:38:06,2025-05-04 04:38:06
ORD_0000128,CUST_000258,delivered,2025-02-09 03:05:30,2025-02-10 22:05:30,2025-02-15 22:05:30,2025-02-18 03:05:30,2025-02-23 03:05:30
ORD_0000129,CUST_000424,delivered,2023-01-02 21:41:27,2023-01-04 07:41:27,2023-01-05 07:41:27,2023-01-12 21:41:27,2023-01-16 21:41:27
ORD_0000130,CUST_000405,processing,2025-02-26 12:22:37,2025-02-28 12:22:37,,,2025-03-15 12:22:37
ORD_0000131,CUST_000051,processing,2024-03-11 04:16:30,2024-03-11 19:16:30,,,2024-03-31 04:16:30
ORD_0000132,CUST_000210,delivered,2023-09-21 06:00:45,2023-09-23 06:00:45,2023-09-28 06:00:45,2023-10-09 06:00:45,2023-10-14 06:00:45
ORD_0000133,CUST_000061,delivered,2024-06-16 00:24:41,2024-06-16 14:24:41,2024-06-19 14:24:41,2024-06-23 00:24:41,2024-06-26 00:24:41
ORD_0000134,CUST_000334,delivered,2024-08-22 08:16:54,2024-08-23 19:16:54,2024-08-26 19:16:54,2024-09-08 08:16:54,2024-09-14 08:16:54
ORD_0000135,CUST_000142,delivered,2024-11-27 12:48:13,2024-11-28 15:48:13,2024-12-03 15:48:13,2024-12-04 12:48:13,2024-12-09 12:48:13
ORD_0000136,CUST_000248,delivered,2023-09-17 09:36:22,2023-09-19 07:36:22,2023-09-21 07:36:22,2023-09-27 09:36:22,2023-10-04 09:36:22
ORD_0000137,CUST_000061,canceled,2025-02-04 07:28:50,2025-02-06 04:28:50,,,2025-02-17 07:28:50
ORD_0000138,CUST_000411,delivered,2024-07-17 19:44:43,2024-07-19 17:44:43,2024-07-23 17:44:43,2024-07-27 19:44:43,2024-08-03 19:44:43
ORD_0000139,CUST_000003,processing,2025-04-03 02:52:09,2025-04-04 09:52:09,,,2025-04-10 02:52:09
ORD_0000140,CUST_000190,processing,2023-03-23 19:02:46,2023-03-24 20:02:46,,,2023-04-07 19:02:46
ORD_0000141,CUST_000315,delivered,2024-11-02 16:18:45,2024-11-04 07:18:45,2024-11-06 07:18:45,2024-11-12 16:18:45,2024-11-12 16:18:45
ORD_0000142,CUST_000436,delivered,2024-11-03 16:18:12,2024-11-03 19:18:12,2024-11-08 19:18:12,2024-11-08 16:18:12,2024-11-13 16:18:12
ORD_0000143,CUST_000358,delivered,2023-08-26 19:10:43,2023-08-26 22:10:43,2023-08-27 22:10:43,2023-09-08 19:10:43,2023-09-09 19:10:43
ORD_0000144,CUST_000400,delivered,2024-02-14 11:42:25,2024-02-15 13:42:25,2024-02-20 13:42:25,2024-02-22 11:42:25,2024-02-19 11:42:25
ORD_0000145,CUST_000378,delivered,2024-12-21 02:58:05,2024-12-22 14:58:05,2024-12-27 14:58:05,2024-12-31 02:58:05,2025-01-01 02:58:05
ORD_0000146,CUST_000116,delivered,2024-09-12 06:29:59,2024-09-13 08:29:59,2024-09-16 08:29:59,2024-09-18 06:29:59,2024-09-17 06:29:59
ORD_0000147,CUST_000209,delivered,2024-06-02 03:35:04,2024-06-03 12:35:04,2024-06-04 12:35:04,2024-06-12 03:35:04,2024-06-17 03:35:04
ORD_0000148,CUST_000417,canceled,2025-03-23 18:16:44,2025-03-24 23:16:44,,,2025-03-30 18:16:44
ORD_0000149,CUST_000248,delivered,2025-02-27 07:48:21,2025-02-28 13:48:21,2025-03-05 13:48:21,2025-03-11 07:48:21,2025-03-12 07:48:21
ORD_0000150,CUST_000035,delivered,2024-01-27 20:50:14,2024-01-29 16:50:14,2024-02-01 16:50:14,2024-02-01 20:50:14,2024-02-04 20:50:14
ORD_0000151,CUST_000490,delivered,2023-12-28 16:34:00,2023-12-30 13:34:00,2024-01-01 13:34:00,2024-01-08 16:34:00,2024-01-10 16:34:00
ORD_0000152,CUST_000039,delivered,2024-07-21 05:30:20,2024-07-22 04:30:20,2024-07-27 04:30:20,2024-08-07 05:30:20,2024-08-08 05:30:20
ORD_0000153,CUST_000094,delivered,2025-02-03 21:59:58,2025-02-04 10:59:58,2025-02-06 10:59:58,2025-02-13 21:59:58,2025-02-14 21:59:58
ORD_0000154,CUST_000106,delivered,2023-08-23 06:53:15,2023-08-24 22:53:15,2023-08-25 22:53:15,2023-09-06 06:53:15,2023-09-04 06:53:15
ORD_0000155,CUST_000472,delivered,2023-03-22 21:42:31,2023-03-24 13:42:31,2023-03-29 13:42:31,2023-04-10 21:42:31,2023-04-12 21:42:31
ORD_0000156,CUST_000318,shipped,2023-11-19 15:57:56,2023-11-21 04:57:56,2023-11-25 04:57:56,,2023-11-24 15:57:56
ORD_0000157,CUST_000392,delivered,2024-06-07 08:25:14,2024-06-08 21:25:14,2024-06-13 21:25:14,2024-06-16 08:25:14,2024-06-21 08:25:14
ORD_0000158,CUST_000017,delivered,2024-05-29 11:25:55,2024-05-31 07:25:55,2024-06-04 07:25:55,2024-06-08 11:25:55,2024-06-06 11:25:55
ORD_0000159,CUST_000358,delivered,2024-06-14 14:20:44,2024-06-14 15:20:44,2024-06-16 15:20:44,2024-06-24 14:20:44,2024-06-26 14:20:44
ORD_0000160,CUST_000314,delivered,2023-09-23 05:35:16,2023-09-23 21:35:16,2023-09-28 21:35:16,2023-10-04 05:35:16,2023-10-06 05:35:16
ORD_0000161,CUST_000188,delivered,2023-07-08 15:27:13,2023-07-09 18:27:13,2023-07-12 18:27:13,2023-07-14 15:27:13,2023-07-18 15:27:13
ORD_0000162,CUST_000093,delivered,2024-08-08 04:36:43,2024-08-08 19:36:43,2024-08-11 19:36:43,2024-08-18 04:36:43,2024-08-18 04:36:43
ORD_0000163,CUST_000285,delivered,2024-03-18 12:12:09,2024-03-20 12:12:09,2024-03-21 12:12:09,2024-03-27 12:12:09,2024-04-03 12:12:09
ORD_0000164,CUST_000265,delivered,2024-06-30 23:20:50,2024-07-02 07:20:50,2024-07-07 07:20:50,2024-07-13 23:20:50,2024-07-19 23:20:50
ORD_0000165,CUST_000025,delivered,2024-02-12 03:44:10,2024-02-12 07:44:10,2024-02-15 07:44:10,2024-02-21 03:44:10,2024-02-25 03:44:10
ORD_0000166,CUST_000382,delivered,2023-12-09 08:23:23,2023-12-10 20:23:23,2023-12-13 20:23:23,2023-12-21 08:23:23,2023-12-23 08:23:23
ORD_0000167,CUST_000011,canceled,2024-02-26 03:22:55,2024-02-27 23:22:55,,,2024-03-21 03:22:55
ORD_0000168,CUST_000276,delivered,2023-06-28 09:22:20,2023-06-30 05:22:20,2023-07-04 05:22:20,2023-07-18 09:22:20,2023-07-16 09:22:20
ORD_0000169,CUST_000196,shipped,2024-09-20 09:29:40,2024-09-20 19:29:40,2024-09-23 19:29:40,,2024-09-27 09:29:40
ORD_0000170,CUST_000435,delivered,2023-03-15 02:10:21,2023-03-15 17:10:21,2023-03-18 17:10:21,2023-03-27 02:10:21,2023-03-28 02:10:21
ORD_0000171,CUST_000310,delivered,2024-10-22 12:17:56,2024-10-23 17:17:56,2024-10-26 17:17:56,2024-11-01 12:17:56,2024-11-05 12:17:56
ORD_0000172,CUST_000212,delivered,2023-06-21 05:54:01,2023-06-21 14:54:01,2023-06-24 14:54:01,2023-06-25 05:54:01,2023-06-23 05:54:01
ORD_0000173,CUST_000108,canceled,2023-06-20 12:06:06,2023-06-20 17:06:06,,,2023-07-04 12:06:06
ORD_0000174,CUST_000269,delivered,2025-02-22 02:06:16,2025-02-23 18:06:16,2025-02-27 18:06:16,2025-03-02 02:06:16,2025-03-03 02:06:16
ORD_0000175,CUST_000118,delivered,2023-09-11 23:18:28,2023-09-13 16:18:28,2023-09-18 16:18:28,2023-09-19 23:18:28,2023-09-26 23:18:28
ORD_0000176,CUST_000183,canceled,2023-11-30 15:29:55,2023-12-02 02:29:55,,,2023-12-14 15:29:55
ORD_0000177,CUST_000228,delivered,2023-05-19 22:34:11,2023-05-21 12:34:11,2023-05-26 12:34:11,2023-05-28 22:34:11,2023-06-02 22:34:11
ORD_0000178,CUST_000159,delivered,2023-12-22 15:34:14,2023-12-22 21:34:14,2023-12-25 21:34:14,2023-12-31 15:34:14,2024-01-03 15:34:14
ORD_0000179,CUST_000134,delivered,2023-06-09 09:00:00,2023-06-10 19:00:00,2023-06-12 19:00:00,2023-06-18 09:00:00,2023-06-15 09:00:00
ORD_0000180,CUST_000353,delivered,2024-05-18 15:19:00,2024-05-19 19:19:00,2024-05-24 19:19:00,2024-06-05 15:19:00,2024-06-05 15:19:00
ORD_0000181,CUST_000408,shipped,2023-01-08 17:23:12,2023-01-09 20:23:12,2023-01-13 20:23:12,,2023-01-28 17:23:12
ORD_0000182,CUST_000200,delivered,2025-04-28 12:14:16,2025-04-28 18:14:16,2025-04-30 18:14:16,2025-05-07 12:14:16,2025-05-12 12:14:16
ORD_0000183,CUST_000392,delivered,2025-03-30 19:51:44,2025-04-01 15:51:44,2025-04-06 15:51:44,2025-04-08 19:51:44,2025-04-06 19:51:44
ORD_0000184,CUST_000094,delivered,2023-05-20 09:07:40,2023-05-21 15:07:40,2023-05-24 15:07:40,2023-05-27 09:07:40,2023-06-02 09:07:40
ORD_0000185,CUST_000252,canceled,2023-07-12 10:01:09,2023-07-12 14:01:09,,,2023-08-04 10:01:09
ORD_0000186,CUST_000138,delivered,2023-05-09 22:28:46,2023-05-09 23:28:46,2023-05-11 23:28:46,2023-05-21 22:28:46,2023-05-18 22:28:46
ORD_0000187,CUST_000253,unavailable,2023-08-11 10:26:19,2023-08-12 18:26:19,,,2023-08-24 10:26:19
ORD_0000188,CUST_000042,delivered,2025-02-07 04:03:17,2025-02-08 06:03:17,2025-02-12 06:03:17,2025-02-16 04:03:17,2025-02-15 04:03:17
ORD_0000189,CUST_000099,unavailable,2023-09-14 12:53:00,2023-09-14 20:53:00,,,2023-09-29 12:53:00
ORD_0000190,CUST_000127,delivered,2025-01-25 01:12:29,2025-01-27 01:12:29,2025-02-01 01:12:29,2025-01-30 01:12:29,2025-02-06 01:12:29
ORD_0000191,CUST_000107,delivered,2024-04-29 12:43:19,2024-04-30 09:43:19,2024-05-01 09:43:19,2024-05-09 12:43:19,2024-05-07 12:43:19
ORD_0000192,CUST_000130,shipped,2024-05-07 20:19:12,2024-05-08 20:19:12,2024-05-10 20:19:12,,2024-05-09 20:19:12
ORD_0000193,CUST_000121,delivered,2024-10-10 13:20:00,2024-10-11 00:20:00,2024-10-16 00:20:00,2024-10-22 13:20:00,2024-10-19 13:20:00
ORD_0000194,CUST_000497,delivered,2023-02-13 18:50:44,2023-02-15 01:50:44,2023-02-17 01:50:44,2023-02-24 18:50:44,2023-02-26 18:50:44
ORD_0000195,CUST_000395,delivered,2023-04-02 07:10:31,2023-04-02 13:10:31,2023-04-05 13:10:31,2023-04-27 07:10:31,2023-05-04 07:10:31
ORD_0000196,CUST_000031,delivered,2023-03-03 11:41:09,2023-03-05 08:41:09,2023-03-06 08:41:09,2023-03-06 11:41:09,2023-03-05 11:41:09
ORD_0000197,CUST_000250,delivered,2023-08-27 10:35:50,2023-08-29 04:35:50,2023-09-02 04:35:50,2023-09-04 10:35:50,2023-09-07 10:35:50
ORD_0000198,CUST_000184,delivered,2025-01-11 04:16:57,2025-01-11 07:16:57,2025-01-15 07:16:57,2025-01-18 04:16:57,2025-01-23 04:16:57
ORD_0000199,CUST_000151,delivered,2024-07-09 22:31:12,2024-07-11 11:31:12,2024-07-14 11:31:12,2024-07-15 22:31:12,2024-07-21 22:31:12
ORD_0000200,CUST_000469,delivered,2024-07-21 05:04:33,2024-07-21 15:04:33,2024-07-24 15:04:33,2024-08-07 05:04:33,2024-08-12 05:04:33
ORD_0000201,CUST_000188,delivered,2024-04-09 00:49:40,2024-04-10 09:49:40,2024-04-12 09:49:40,2024-04-20 00:49:40,2024-04-22 00:49:40
ORD_0000202,CUST_000398,delivered,2024-09-27 07:20:46,2024-09-27 12:20:46,2024-10-02 12:20:46,2024-10-06 07:20:46,2024-10-09 07:20:46
ORD_0000203,CUST_000098,delivered,2024-06-20 21:31:49,2024-06-22 09:31:49,2024-06-25 09:31:49,2024-06-29 21:31:49,2024-06-27 21:31:49
ORD_0000204,CUST_000050,delivered,2024-06-19 21:04:02,2024-06-20 06:04:02,2024-06-21 06:04:02,2024-07-03 21:04:02,2024-07-03 21:04:02
ORD_0000205,CUST_000055,delivered,2024-05-12 06:06:02,2024-05-13 19:06:02,2024-05-17 19:06:02,2024-05-18 06:06:02,2024-05-24 06:06:02
ORD_0000206,CUST_000132,delivered,2023-02-20 11:14:38,2023-02-22 09:14:38,2023-02-24 09:14:38,2023-02-25 11:14:38,2023-03-04 11:14:38
ORD_0000207,CUST_000252,delivered,2023-03-23 14:51:40,2023-03-23 18:51:40,2023-03-27 18:51:40,2023-04-09 14:51:40,2023-04-06 14:51:40
ORD_0000208,CUST_000422,delivered,2024-09-23 08:33:02,2024-09-25 07:33:02,2024-09-28 07:33:02,2024-09-26 08:33:02,2024-09-24 08:33:02
ORD_0000209,CUST_000484,delivered,2023-08-10 16:06:06,2023-08-12 15:06:06,2023-08-16 15:06:06,2023-08-19 16:06:06,2023-08-19 16:06:06
ORD_0000210,CUST_000292,delivered,2024-10-02 05:35:47,2024-10-03 17:35:47,2024-10-04 17:35:47,2024-10-13 05:35:47,2024-10-20 05:35:47
ORD_0000211,CUST_000296,delivered,2024-01-02 21:29:44,2024-01-04 16:29:44,2024-01-05 16:29:44,2024-01-17 21:29:44,2024-01-20 21:29:44
ORD_0000212,CUST_000259,delivered,2023-12-12 21:10:34,2023-12-14 12:10:34,2023-12-17 12:10:34,2023-12-21 21:10:34,2023-12-23 21:10:34
ORD_0000213,CUST_000282,delivered,2023-11-29 11:26:48,2023-12-01 04:26:48,2023-12-04 04:26:48,2023-12-10 11:26:48,2023-12-10 11:26:48
ORD_0000214,CUST_000193,delivered,2025-02-23 17:59:47,2025-02-24 10:59:47,2025-02-28 10:59:47,2025-03-08 17:59:47,2025-03-12 17:59:47
ORD_0000215,CUST_000492,delivered,2024-02-11 00:46:02,2024-02-11 19:46:02,2024-02-16 19:46:02,2024-02-23 00:46:02,2024-02-20 00:46:02
ORD_0000216,CUST_000154,delivered,2023-08-16 06:54:20,2023-08-16 08:54:20,2023-08-19 08:54:20,2023-08-28 06:54:20,2023-09-02 06:54:20
ORD_0000217,CUST_000262,delivered,2024-07-23 18:59:36,2024-07-24 04:59:36,2024-07-28 04:59:36,2024-07-30 18:59:36,2024-08-01 18:59:36
ORD_0000218,CUST_000456,delivered,2024-08-19 07:14:16,2024-08-20 03:14:16,2024-08-24 03:14:16,2024-08-30 07:14:16,2024-09-05 07:14:16
ORD_0000219,CUST_000470,delivered,2023-08-11 23:04:46,2023-08-12 20:04:46,2023-08-14 20:04:46,2023-08-19 23:04:46,2023-08-25 23:04:46
ORD_0000220,CUST_000420,delivered,2023-04-08 19:41:19,2023-04-08 22:41:19,2023-04-13 22:41:19,2023-04-16 19:41:19,2023-04-19 19:41:19
ORD_0000221,CUST_000041,delivered,2025-03-09 01:58:49,2025-03-09 23:58:49,2025-03-13 23:58:49,2025-03-11 01:58:49,2025-03-11 01:58:49
ORD_0000222,CUST_000383,delivered,2024-10-30 19:59:00,2024-11-01 12:59:00,2024-11-05 12:59:00,2024-11-12 19:59:00,2024-11-09 19:59:00
ORD_0000223,CUST_000157,delivered,2024-06-20 01:20:34,2024-06-21 14:20:34,2024-06-26 14:20:34,2024-06-29 01:20:34,2024-07-06 01:20:34
ORD_0000224,CUST_000375,delivered,2024-02-07 14:48:38,2024-02-09 03:48:38,2024-02-11 03:48:38,2024-02-17 14:48:38,2024-02-20 14:48:38
ORD_0000225,CUST_000149,delivered,2025-03-16 12:09:08,2025-03-17 10:09:08,2025-03-22 10:09:08,2025-03-24 12:09:08,2025-03-25 12:09:08
ORD_0000226,CUST_000044,delivered,2024-02-13 16:27:49,2024-02-15 13:27:49,2024-02-17 13:27:49,2024-02-21 16:27:49,2024-02-25 16:27:49
ORD_0000227,CUST_000287,delivered,2023-07-22 15:25:41,2023-07-24 04:25:41,2023-07-29 04:25:41,2023-08-02 15:25:41,2023-08-02 15:25:41
ORD_0000228,CUST_000037,delivered,2023-09-30 13:20:43,2023-10-02 02:20:43,2023-10-06 02:20:43,2023-10-10 13:20:43,2023-10-13 13:20:43
ORD_0000229,CUST_000188,delivered,2023-12-23 06:20:22,2023-12-24 21:20:22,2023-12-27 21:20:22,2024-01-01 06:20:22,2024-01-05 06:20:22
ORD_0000230,CUST_000320,delivered,2023-05-30 14:02:59,2023-05-31 05:02:59,2023-06-03 05:02:59,2023-06-13 14:02:59,2023-06-12 14:02:59
ORD_0000231,CUST_000388,delivered,2025-01-15 02:07:47,2025-01-15 06:07:47,2025-01-20 06:07:47,2025-01-28 02:07:47,2025-01-29 02:07:47
ORD_0000232,CUST_000008,delivered,2023-12-18 22:51:07,2023-12-19 18:51:07,2023-12-20 18:51:07,2023-12-23 22:51:07,2023-12-25 22:51:07
ORD_0000233,CUST_000108,delivered,2025-01-27 17:13:13,2025-01-29 04:13:13,2025-02-01 04:13:13,2025-02-04 17:13:13,2025-02-03 17:13:13
ORD_0000234,CUST_000356,processing,2024-12-16 21:01:24,2024-12-18 11:01:24,,,2025-01-02 21:01:24
ORD_0000235,CUST_000023,delivered,2023-09-19 05:03:18,2023-09-19 18:03:18,2023-09-24 18:03:18,2023-09-30 05:03:18,2023-09-27 05:03:18
ORD_0000236,CUST_000035,delivered,2024-02-02 21:17:42,2024-02-04 16:17:42,2024-02-05 16:17:42,2024-02-13 21:17:42,2024-02-10 21:17:42
ORD_0000237,CUST_000150,unavailable,2024-10-26 12:14:24,2024-10-27 21:14:24,,,2024-11-17 12:14:24
ORD_0000238,CUST_000273,delivered,2023-04-01 05:12:32,2023-04-02 11:12:32,2023-04-03 11:12:32,2023-04-10 05:12:32,2023-04-07 05:12:32
ORD_0000239,CUST_000127,delivered,2024-06-26 09:21:31,2024-06-27 11:21:31,2024-06-28 11:21:31,2024-07-02 09:21:31,2024-07-09 09:21:31
ORD_0000240,CUST_000155,delivered,2023-08-30 16:17:51,2023-08-30 20:17:51,2023-09-03 20:17:51,2023-09-09 16:17:51,2023-09-06 16:17:51
ORD_0000241,CUST_000484,processing,2024-07-22 08:14:09,2024-07-23 06:14:09,,,2024-08-01 08:14:09
ORD_0000242,CUST_000267,delivered,2024-11-25 19:55:40,2024-11-27 15:55:40,2024-11-29 15:55:40,2024-12-02 19:55:40,2024-12-08 19:55:40
ORD_0000243,CUST_000079,delivered,2024-03-12 09:58:38,2024-03-13 07:58:38,2024-03-15 07:58:38,2024-03-20 09:58:38,2024-03-25 09:58:38
ORD_0000244,CUST_000351,delivered,2025-03-30 06:55:08,2025-03-31 02:55:08,2025-04-05 02:55:08,2025-04-08 06:55:08,2025-04-07 06:55:08
ORD_0000245,CUST_000221,processing,2025-02-27 04:41:59,2025-02-28 17:41:59,,,2025-03-03 04:41:59
ORD_0000246,CUST_000095,shipped,2023-11-22 04:46:01,2023-11-23 01:46:01,2023-11-27 01:46:01,,2023-12-13 04:46:01
ORD_0000247,CUST_000156,processing,2024-03-29 23:59:52,2024-03-31 16:59:52,,,2024-04-03 23:59:52
ORD_0000248,CUST_000068,delivered,2023-07-09 00:48:39,2023-07-10 16:48:39,2023-07-15 16:48:39,2023-07-22 00:48:39,2023-07-28 00:48:39
ORD_0000249,CUST_000119,delivered,2024-09-02 07:14:43,2024-09-02 09:14:43,2024-09-06 09:14:43,2024-09-20 07:14:43,2024-09-24 07:14:43
ORD_0000250,CUST_000365,delivered,2024-10-27 11:11:54,2024-10-28 12:11:54,2024-10-30 12:11:54,2024-11-17 11:11:54,2024-11-16 11:11:54
ORD_0000251,CUST_000099,processing,2023-08-20 01:26:48,2023-08-20 02:26:48,,,2023-09-09 01:26:48
ORD_0000252,CUST_000104,shipped,2025-02-14 06:04:11,2025-02-15 11:04:11,2025-02-19 11:04:11,,2025-02-23 06:04:11
ORD_0000253,CUST_000444,delivered,2024-04-13 07:27:25,2024-04-13 10:27:25,2024-04-17 10:27:25,2024-04-20 07:27:25,2024-04-26 07:27:25
ORD_0000254,CUST_000305,delivered,2024-07-03 16:41:56,2024-07-05 14:41:56,2024-07-10 14:41:56,2024-07-15 16:41:56,2024-07-13 16:41:56
ORD_0000255,CUST_000232,delivered,2024-04-12 01:56:15,2024-04-13 11:56:15,2024-04-14 11:56:15,2024-04-19 01:56:15,2024-04-26 01:56:15
ORD_0000256,CUST_000493,shipped,2023-02-20 06:18:28,2023-02-21 08:18:28,2023-02-24 08:18:28,,2023-03-09 06:18:28
ORD_0000257,CUST_000086,delivered,2024-03-08 09:39:58,2024-03-08 13:39:58,2024-03-10 13:39:58,2024-03-17 09:39:58,2024-03-15 09:39:58
ORD_0000258,CUST_000370,canceled,2024-05-27 03:11:49,2024-05-28 17:11:49,,,2024-06-12 03:11:49
ORD_0000259,CUST_000070,delivered,2024-02-07 13:20:28,2024-02-07 15:20:28,2024-02-12 15:20:28,2024-02-23 13:20:28,2024-02-27 13:20:28
ORD_0000260,CUST_000047,delivered,2023-09-14 10:44:41,2023-09-16 08:44:41,2023-09-17 08:44:41,2023-09-18 10:44:41,2023-09-16 10:44:41
ORD_0000261,CUST_000059,delivered,2024-12-24 14:40:23,2024-12-24 20:40:23,2024-12-28 20:40:23,2025-01-02 14:40:23,2025-01-08 14:40:23
ORD_0000262,CUST_000487,delivered,2023-06-13 12:35:24,2023-06-13 15:35:24,2023-06-16 15:35:24,2023-06-14 12:35:24,2023-06-20 12:35:24
ORD_0000263,CUST_000447,delivered,2024-11-06 04:10:55,2024-11-06 14:10:55,2024-11-07 14:10:55,2024-11-11 04:10:55,2024-11-15 04:10:55
ORD_0000264,CUST_000148,canceled,2024-10-03 05:07:57,2024-10-03 14:07:57,,,2024-10-15 05:07:57
ORD_0000265,CUST_000319,shipped,2025-02-22 08:00:29,2025-02-23 16:00:29,2025-02-28 16:00:29,,2025-03-11 08:00:29
ORD_0000266,CUST_000122,delivered,2023-08-11 18:42:30,2023-08-13 00:42:30,2023-08-14 00:42:30,2023-08-17 18:42:30,2023-08-23 18:42:30
ORD_0000267,CUST_000308,delivered,2023-01-07 07:56:35,2023-01-08 01:56:35,2023-01-13 01:56:35,2023-01-16 07:56:35,2023-01-15 07:56:35
ORD_0000268,CUST_000076,shipped,2023-02-26 20:22:02,2023-02-27 06:22:02,2023-03-04 06:22:02,,2023-03-16 20:22:02
ORD_0000269,CUST_000153,unavailable,2023-12-06 02:03:06,2023-12-07 05:03:06,,,2023-12-22 02:03:06
ORD_0000270,CUST_000355,delivered,2024-12-17 19:36:50,2024-12-19 07:36:50,2024-12-23 07:36:50,2024-12-27 19:36:50,2025-01-02 19:36:50
ORD_0000271,CUST_000185,delivered,2023-02-06 02:49:19,2023-02-06 23:49:19,2023-02-10 23:49:19,2023-02-18 02:49:19,2023-02-23 02:49:19
ORD_0000272,CUST_000034,shipped,2023-10-27 15:08:07,2023-10-29 12:08:07,2023-11-01 12:08:07,,2023-11-04 15:08:07
ORD_0000273,CUST_000212,delivered,2024-06-21 06:44:13,2024-06-22 22:44:13,2024-06-27 22:44:13,2024-06-28 06:44:13,2024-06-26 06:44:13
ORD_0000274,CUST_000248,delivered,2025-01-11 22:38:59,2025-01-13 20:38:59,2025-01-18 20:38:59,2025-01-17 22:38:59,2025-01-19 22:38:59
ORD_0000275,CUST_000133,delivered,2024-06-22 18:39:22,2024-06-23 03:39:22,2024-06-27 03:39:22,2024-06-28 18:39:22,2024-07-02 18:39:22
ORD_0000276,CUST_000414,unavailable,2023-07-04 19:14:45,2023-07-05 14:14:45,,,2023-07-10 19:14:45
ORD_0000277,CUST_000061,delivered,2023-01-25 14:40:50,2023-01-25 22:40:50,2023-01-27 22:40:50,2023-02-05 14:40:50,2023-02-08 14:40:50
ORD_0000278,CUST_000024,delivered,2023-12-08 11:35:51,2023-12-10 04:35:51,2023-12-12 04:35:51,2023-12-09 11:35:51,2023-12-10 11:35:51
ORD_0000279,CUST_000131,delivered,2025-03-20 02:19:19,2025-03-21 11:19:19,2025-03-22 11:19:19,2025-03-30 02:19:19,2025-04-02 02:19:19
ORD_0000280,CUST_000371,delivered,2024-08-05 19:01:53,2024-08-06 07:01:53,2024-08-09 07:01:53,2024-08-24 19:01:53,2024-08-31 19:01:53
ORD_0000281,CUST_000246,delivered,2024-04-30 01:41:08,2024-05-01 08:41:08,2024-05-05 08:41:08,2024-05-14 01:41:08,2024-05-16 01:41:08
ORD_0000282,CUST_000237,shipped,2025-03-13 13:59:47,2025-03-13 17:59:47,2025-03-16 17:59:47,,2025-03-24 13:59:47
ORD_0000283,CUST_000372,delivered,2024-11-25 10:35:34,2024-11-25 12:35:34,2024-11-28 12:35:34,2024-12-05 10:35:34,2024-12-07 10:35:34
ORD_0000284,CUST_000034,unavailable,2023-06-02 08:53:01,2023-06-03 06:53:01,,,2023-06-11 08:53:01
ORD_0000285,CUST_000274,delivered,2023-06-19 18:38:24,2023-06-20 06:38:24,2023-06-23 06:38:24,2023-07-02 18:38:24,2023-06-29 18:38:24
ORD_0000286,CUST_000140,delivered,2024-02-28 02:31:56,2024-02-28 18:31:56,2024-03-02 18:31:56,2024-03-08 02:31:56,2024-03-08 02:31:56
ORD_0000287,CUST_000269,delivered,2023-11-06 05:07:23,2023-11-06 08:07:23,2023-11-07 08:07:23,2023-11-13 05:07:23,2023-11-17 05:07:23
ORD_0000288,CUST_000464,delivered,2024-05-27 04:12:21,2024-05-28 11:12:21,2024-06-02 11:12:21,2024-06-08 04:12:21,2024-06-09 04:12:21
ORD_0000289,CUST_000398,delivered,2023-12-02 04:49:55,2023-12-02 11:49:55,2023-12-07 11:49:55,2023-12-13 04:49:55,2023-12-10 04:49:55
ORD_0000290,CUST_000236,delivered,2024-02-01 22:55:33,2024-02-02 06:55:33,2024-02-03 06:55:33,2024-02-16 22:55:33,2024-02-23 22:55:33
ORD_0000291,CUST_000435,delivered,2024-08-31 02:21:29,2024-08-31 05:21:29,2024-09-03 05:21:29,2024-09-15 02:21:29,2024-09-22 02:21:29
ORD_0000292,CUST_000457,delivered,2023-08-03 10:12:12,2023-08-04 05:12:12,2023-08-07 05:12:12,2023-08-18 10:12:12,2023-08-22 10:12:12
ORD_0000293,CUST_000344,delivered,2023-05-01 08:09:10,2023-05-02 02:09:10,2023-05-07 02:09:10,2023-05-07 08:09:10,2023-05-12 08:09:10
ORD_0000294,CUST_000180,delivered,2024-07-16 10:17:09,2024-07-18 08:17:09,2024-07-23 08:17:09,2024-07-31 10:17:09,2024-07-31 10:17:09
ORD_0000295,CUST_000088,delivered,2023-03-14 09:39:57,2023-03-15 07:39:57,2023-03-16 07:39:57,2023-04-02 09:39:57,2023-04-09 09:39:57
ORD_0000296,CUST_000026,delivered,2023-04-19 12:03:05,2023-04-20 16:03:05,2023-04-25 16:03:05,2023-05-03 12:03:05,2023-05-09 12:03:05
ORD_0000297,CUST_000323,delivered,2024-12-07 22:28:39,2024-12-08 21:28:39,2024-12-10 21:28:39,2024-12-14 22:28:39,2024-12-19 22:28:39
ORD_0000298,CUST_000041,delivered,2025-02-12 14:36:08,2025-02-12 20:36:08,2025-02-16 20:36:08,2025-02-15 14:36:08,2025-02-13 14:36:08
ORD_0000299,CUST_000234,delivered,2023-11-14 21:41:45,2023-11-16 03:41:45,2023-11-18 03:41:45,2023-12-01 21:41:45,2023-12-02 21:41:45
ORD_0000300,CUST_000468,delivered,2024-01-08 12:11:44,2024-01-10 07:11:44,2024-01-13 07:11:44,2024-01-23 12:11:44,2024-01-27 12:11:44
ORD_0000301,CUST_000250,delivered,2023-01-31 02:30:07,2023-02-01 01:30:07,2023-02-03 01:30:07,2023-02-07 02:30:07,2023-02-13 02:30:07
ORD_0000302,CUST_000066,delivered,2024-06-04 03:25:52,2024-06-06 01:25:52,2024-06-09 01:25:52,2024-06-21 03:25:52,2024-06-26 03:25:52
ORD_0000303,CUST_000333,delivered,2023-03-14 09:34:29,2023-03-15 11:34:29,2023-03-17 11:34:29,2023-03-23 09:34:29,2023-03-27 09:34:29
ORD_0000304,CUST_000197,delivered,2023-03-09 10:13:52,2023-03-11 07:13:52,2023-03-15 07:13:52,2023-03-22 10:13:52,2023-03-28 10:13:52
ORD_0000305,CUST_000404,delivered,2023-12-17 17:44:15,2023-12-18 05:44:15,2023-12-19 05:44:15,2023-12-27 17:44:15,2023-12-31 17:44:15
ORD_0000306,CUST_000059,delivered,2024-08-29 19:29:20,2024-08-31 07:29:20,2024-09-04 07:29:20,2024-09-03 19:29:20,2024-09-02 19:29:20
ORD_0000307,CUST_000158,delivered,2024-02-20 02:38:06,2024-02-21 22:38:06,2024-02-25 22:38:06,2024-02-26 02:38:06,2024-02-23 02:38:06
ORD_0000308,CUST_000047,delivered,2023-08-11 04:56:37,2023-08-12 21:56:37,2023-08-14 21:56:37,2023-08-23 04:56:37,2023-08-30 04:56:37
ORD_0000309,CUST_000077,delivered,2024-04-08 17:18:24,2024-04-10 09:18:24,2024-04-12 09:18:24,2024-04-23 17:18:24,2024-04-24 17:18:24
ORD_0000310,CUST_000292,delivered,2025-03-24 21:19:58,2025-03-26 01:19:58,2025-03-29 01:19:58,2025-04-07 21:19:58,2025-04-05 21:19:58
ORD_0000311,CUST_000299,shipped,2023-01-09 19:32:25,2023-01-10 04:32:25,2023-01-11 04:32:25,,2023-01-11 19:32:25
ORD_0000312,CUST_000001,shipped,2024-12-21 17:52:22,2024-12-22 01:52:22,2024-12-23 01:52:22,,2025-01-04 17:52:22
ORD_0000313,CUST_000222,delivered,2024-12-20 18:25:40,2024-12-21 15:25:40,2024-12-25 15:25:40,2024-12-31 18:25:40,2025-01-07 18:25:40
ORD_0000314,CUST_000089,shipped,2024-05-01 04:12:35,2024-05-02 05:12:35,2024-05-05 05:12:35,,2024-05-18 04:12:35
ORD_0000315,CUST_000079,delivered,2023-10-23 21:08:08,2023-10-23 22:08:08,2023-10-24 22:08:08,2023-11-04 21:08:08,2023-11-11 21:08:08
ORD_0000316,CUST_000224,shipped,2023-05-20 02:08:41,2023-05-21 05:08:41,2023-05-26 05:08:41,,2023-06-05 02:08:41
ORD_0000317,CUST_000320,delivered,2023-07-04 14:32:27,2023-07-06 02:32:27,2023-07-10 02:32:27,2023-07-14 14:32:27,2023-07-20 14:32:27
ORD_0000318,CUST_000004,delivered,2024-08-14 15:54:46,2024-08-15 07:54:46,2024-08-18 07:54:46,2024-08-23 15:54:46,2024-08-26 15:54:46
ORD_0000319,CUST_000475,delivered,2024-07-13 18:23:02,2024-07-13 21:23:02,2024-07-16 21:23:02,2024-07-26 18:23:02,2024-07-24 18:23:02
ORD_0000320,CUST_000073,delivered,2025-01-17 23:33:54,2025-01-18 17:33:54,2025-01-19 17:33:54,2025-01-29 23:33:54,2025-02-03 23:33:54
ORD_0000321,CUST_000456,delivered,2024-09-16 02:15:30,2024-09-17 19:15:30,2024-09-18 19:15:30,2024-09-24 02:15:30,2024-09-30 02:15:30
ORD_0000322,CUST_000160,delivered,2024-09-19 01:57:21,2024-09-20 12:57:21,2024-09-24 12:57:21,2024-09-27 01:57:21,2024-10-01 01:57:21
ORD_0000323,CUST_000263,delivered,2024-04-25 18:46:21,2024-04-26 21:46:21,2024-04-29 21:46:21,2024-05-03 18:46:21,2024-05-09 18:46:21
ORD_0000324,CUST_000384,delivered,2023-11-08 23:50:36,2023-11-09 16:50:36,2023-11-13 16:50:36,2023-11-20 23:50:36,2023-11-26 23:50:36
ORD_0000325,CUST_000087,delivered,2024-08-09 01:42:18,2024-08-11 01:42:18,2024-08-14 01:42:18,2024-08-19 01:42:18,2024-08-17 01:42:18
ORD_0000326,CUST_000436,delivered,2025-03-13 08:16:08,2025-03-15 00:16:08,2025-03-18 00:16:08,2025-03-21 08:16:08,2025-03-18 08:16:08
ORD_0000327,CUST_000380,delivered,2023-04-25 19:11:58,2023-04-27 09:11:58,2023-05-01 09:11:58,2023-05-07 19:11:58,2023-05-07 19:11:58
ORD_0000328,CUST_000249,unavailable,2023-07-05 16:55:02,2023-07-06 14:55:02,,,2023-07-13 16:55:02
ORD_0000329,CUST_000305,delivered,2025-04-21 04:53:31,2025-04-22 07:53:31,2025-04-24 07:53:31,2025-05-03 04:53:31,2025-05-02 04:53:31
ORD_0000330,CUST_000108,delivered,2024-08-14 23:53:22,2024-08-15 03:53:22,2024-08-16 03:53:22,2024-08-22 23:53:22,2024-08-19 23:53:22
ORD_0000331,CUST_000086,delivered,2024-04-20 12:30:19,2024-04-21 19:30:19,2024-04-26 19:30:19,2024-05-03 12:30:19,2024-05-06 12:30:19
ORD_0000332,CUST_000243,delivered,2023-09-26 04:33:55,2023-09-27 08:33:55,2023-10-01 08:33:55,2023-10-08 04:33:55,2023-10-11 04:33:55
ORD_0000333,CUST_000348,processing,2023-11-20 16:43:02,2023-11-20 23:43:02,,,2023-11-26 16:43:02
ORD_0000334,CUST_000313,delivered,2024-10-29 08:21:17,2024-10-30 02:21:17,2024-11-02 02:21:17,2024-11-02 08:21:17,2024-11-09 08:21:17
ORD_0000335,CUST_000300,delivered,2024-02-05 14:49:43,2024-02-07 14:49:43,2024-02-12 14:49:43,2024-02-21 14:49:43,2024-02-28 14:49:43
ORD_0000336,CUST_000354,delivered,2023-07-04 10:35:00,2023-07-06 06:35:00,2023-07-07 06:35:00,2023-07-08 10:35:00,2023-07-05 10:35:00
ORD_0000337,CUST_000211,delivered,2023-04-11 16:06:43,2023-04-12 21:06:43,2023-04-15 21:06:43,2023-04-23 16:06:43,2023-04-29 16:06:43
ORD_0000338,CUST_000048,canceled,2023-02-28 19:42:57,2023-03-01 09:42:57,,,2023-03-19 19:42:57
ORD_0000339,CUST_000063,delivered,2024-12-26 03:05:54,2024-12-27 18:05:54,2025-01-01 18:05:54,2025-01-06 03:05:54,2025-01-04 03:05:54
ORD_0000340,CUST_000357,canceled,2023-07-08 08:18:29,2023-07-10 03:18:29,,,2023-07-21 08:18:29
ORD_0000341,CUST_000233,delivered,2023-10-11 13:44:57,2023-10-13 08:44:57,2023-10-16 08:44:57,2023-10-25 13:44:57,2023-10-26 13:44:57
ORD_0000342,CUST_000398,delivered,2023-03-05 12:24:21,2023-03-05 16:24:21,2023-03-08 16:24:21,2023-03-22 12:24:21,2023-03-21 12:24:21
ORD_0000343,CUST_000226,delivered,2023-03-13 15:59:12,2023-03-15 07:59:12,2023-03-19 07:59:12,2023-03-27 15:59:12,2023-03-30 15:59:12
ORD_0000344,CUST_000112,delivered,2024-09-20 20:06:58,2024-09-22 01:06:58,2024-09-23 01:06:58,2024-10-02 20:06:58,2024-09-29 20:06:58
ORD_0000345,CUST_000038,delivered,2023-03-14 18:46:16,2023-03-15 23:46:16,2023-03-19 23:46:16,2023-03-28 18:46:16,2023-03-25 18:46:16
ORD_0000346,CUST_000341,processing,2024-02-04 08:09:44,2024-02-05 06:09:44,,,2024-02-25 08:09:44
ORD_0000347,CUST_000002,delivered,2024-06-11 22:49:31,2024-06-13 05:49:31,2024-06-14 05:49:31,2024-06-18 22:49:31,2024-06-22 22:49:31
ORD_0000348,CUST_000063,delivered,2024-08-03 17:59:22,2024-08-04 15:59:22,2024-08-08 15:59:22,2024-08-13 17:59:22,2024-08-10 17:59:22
ORD_0000349,CUST_000324,delivered,2024-10-24 02:23:34,2024-10-25 00:23:34,2024-10-29 00:23:34,2024-11-01 02:23:34,2024-11-01 02:23:34
ORD_0000350,CUST_000091,delivered,2024-07-21 01:24:42,2024-07-21 14:24:42,2024-07-25 14:24:42,2024-07-30 01:24:42,2024-07-28 01:24:42
ORD_0000351,CUST_000323,delivered,2024-12-06 11:31:05,2024-12-08 04:31:05,2024-12-10 04:31:05,2024-12-15 11:31:05,2024-12-21 11:31:05
ORD_0000352,CUST_000123,delivered,2024-05-15 12:04:50,2024-05-16 23:04:50,2024-05-20 23:04:50,2024-05-26 12:04:50,2024-05-31 12:04:50
ORD_0000353,CUST_000495,delivered,2025-04-11 14:01:02,2025-04-12 12:01:02,2025-04-13 12:01:02,2025-04-26 14:01:02,2025-05-03 14:01:02
ORD_0000354,CUST_000342,delivered,2024-06-19 14:43:55,2024-06-21 01:43:55,2024-06-26 01:43:55,2024-06-28 14:43:55,2024-06-28 14:43:55
ORD_0000355,CUST_000474,delivered,2023-03-15 01:47:09,2023-03-16 09:47:09,2023-03-20 09:47:09,2023-03-28 01:47:09,2023-03-28 01:47:09
ORD_0000356,CUST_000360,delivered,2024-10-26 04:00:11,2024-10-27 21:00:11,2024-10-30 21:00:11,2024-10-31 04:00:11,2024-10-29 04:00:11
ORD_0000357,CUST_000234,delivered,2024-09-17 05:53:37,2024-09-17 10:53:37,2024-09-18 10:53:37,2024-10-03 05:53:37,2024-10-09 05:53:37
ORD_0000358,CUST_000113,delivered,2023-03-06 06:27:21,2023-03-08 06:27:21,2023-03-11 06:27:21,2023-03-16 06:27:21,2023-03-14 06:27:21
ORD_0000359,CUST_000500,shipped,2024-12-01 18:34:08,2024-12-02 15:34:08,2024-12-04 15:34:08,,2024-12-19 18:34:08
ORD_0000360,CUST_000033,delivered,2023-05-04 08:09:48,2023-05-05 11:09:48,2023-05-08 11:09:48,2023-05-11 08:09:48,2023-05-16 08:09:48
ORD_0000361,CUST_000085,delivered,2024-03-25 07:59:37,2024-03-25 10:59:37,2024-03-30 10:59:37,2024-03-31 07:59:37,2024-04-04 07:59:37
ORD_0000362,CUST_000042,delivered,2023-01-07 00:11:59,2023-01-07 06:11:59,2023-01-12 06:11:59,2023-01-16 00:11:59,2023-01-17 00:11:59
ORD_0000363,CUST_000214,delivered,2024-12-11 15:44:08,2024-12-12 05:44:08,2024-12-15 05:44:08,2024-12-16 15:44:08,2024-12-15 15:44:08
ORD_0000364,CUST_000313,delivered,2024-12-09 01:38:11,2024-12-10 23:38:11,2024-12-11 23:38:11,2024-12-18 01:38:11,2024-12-25 01:38:11
ORD_0000365,CUST_000424,delivered,2025-03-12 09:22:26,2025-03-12 10:22:26,2025-03-14 10:22:26,2025-03-26 09:22:26,2025-03-24 09:22:26
ORD_0000366,CUST_000317,delivered,2024-01-06 17:32:14,2024-01-07 23:32:14,2024-01-09 23:32:14,2024-01-18 17:32:14,2024-01-19 17:32:14
ORD_0000367,CUST_000028,shipped,2023-07-18 03:50:09,2023-07-19 23:50:09,2023-07-23 23:50:09,,2023-07-23 03:50:09
ORD_0000368,CUST_000028,delivered,2024-10-22 11:18:13,2024-10-23 15:18:13,2024-10-28 15:18:13,2024-11-01 11:18:13,2024-11-05 11:18:13
ORD_0000369,CUST_000023,delivered,2023-04-17 23:03:59,2023-04-19 10:03:59,2023-04-20 10:03:59,2023-04-27 23:03:59,2023-04-27 23:03:59
ORD_0000370,CUST_000370,delivered,2024-03-31 18:37:20,2024-04-01 21:37:20,2024-04-04 21:37:20,2024-04-10 18:37:20,2024-04-10 18:37:20
ORD_0000371,CUST_000399,delivered,2023-04-23 10:14:06,2023-04-24 02:14:06,2023-04-26 02:14:06,2023-05-07 10:14:06,2023-05-11 10:14:06
ORD_0000372,CUST_000300,delivered,2024-05-11 01:56:27,2024-05-11 11:56:27,2024-05-16 11:56:27,2024-05-28 01:56:27,2024-06-01 01:56:27
ORD_0000373,CUST_000092,delivered,2024-02-01 11:08:29,2024-02-03 10:08:29,2024-02-06 10:08:29,2024-02-20 11:08:29,2024-02-19 11:08:29
ORD_0000374,CUST_000017,delivered,2024-12-09 18:03:17,2024-12-10 03:03:17,2024-12-14 03:03:17,2024-12-22 18:03:17,2024-12-26 18:03:17
ORD_0000375,CUST_000215,delivered,2023-06-25 10:14:56,2023-06-26 05:14:56,2023-07-01 05:14:56,2023-07-06 10:14:56,2023-07-11 10:14:56
ORD_0000376,CUST_000438,delivered,2023-08-24 02:26:54,2023-08-25 12:26:54,2023-08-27 12:26:54,2023-08-29 02:26:54,2023-09-04 02:26:54
ORD_0000377,CUST_000243,delivered,2024-04-18 08:00:46,2024-04-19 12:00:46,2024-04-21 12:00:46,2024-04-26 08:00:46,2024-04-26 08:00:46
ORD_0000378,CUST_000457,delivered,2024-08-28 04:58:36,2024-08-28 05:58:36,2024-08-29 05:58:36,2024-09-15 04:58:36,2024-09-12 04:58:36
ORD_0000379,CUST_000241,delivered,2025-01-21 16:02:27,2025-01-23 02:02:27,2025-01-24 02:02:27,2025-01-27 16:02:27,2025-02-01 16:02:27
ORD_0000380,CUST_000386,delivered,2023-01-13 22:46:26,2023-01-14 12:46:26,2023-01-17 12:46:26,2023-01-24 22:46:26,2023-01-24 22:46:26
ORD_0000381,CUST_000332,delivered,2023-04-03 00:30:42,2023-04-03 20:30:42,2023-04-07 20:30:42,2023-04-14 00:30:42,2023-04-11 00:30:42
ORD_0000382,CUST_000500,delivered,2024-04-10 14:49:08,2024-04-12 12:49:08,2024-04-15 12:49:08,2024-04-22 14:49:08,2024-04-29 14:49:08
ORD_0000383,CUST_000238,delivered,2024-12-21 20:00:55,2024-12-23 13:00:55,2024-12-26 13:00:55,2025-01-01 20:00:55,2025-01-02 20:00:55
ORD_0000384,CUST_000358,delivered,2024-09-19 17:36:50,2024-09-20 07:36:50,2024-09-21 07:36:50,2024-09-30 17:36:50,2024-10-06 17:36:50
ORD_0000385,CUST_000451,canceled,2023-12-10 23:59:03,2023-12-12 08:59:03,,,2023-12-18 23:59:03
ORD_0000386,CUST_000197,delivered,2024-01-10 14:39:02,2024-01-11 14:39:02,2024-01-16 14:39:02,2024-01-20 14:39:02,2024-01-18 14:39:02
ORD_0000387,CUST_000288,delivered,2024-12-27 06:08:21,2024-12-27 22:08:21,2024-12-31 22:08:21,2025-01-03 06:08:21,2025-01-03 06:08:21
ORD_0000388,CUST_000386,delivered,2025-02-01 07:20:22,2025-02-02 01:20:22,2025-02-06 01:20:22,2025-02-06 07:20:22,2025-02-07 07:20:22
ORD_0000389,CUST_000028,delivered,2023-03-06 11:22:28,2023-03-07 19:22:28,2023-03-08 19:22:28,2023-03-12 11:22:28,2023-03-17 11:22:28
ORD_0000390,CUST_000461,canceled,2023-10-27 14:39:23,2023-10-29 10:39:23,,,2023-11-02 14:39:23
ORD_0000391,CUST_000097,delivered,2024-04-13 02:05:25,2024-04-13 14:05:25,2024-04-14 14:05:25,2024-04-23 02:05:25,2024-04-22 02:05:25
ORD_0000392,CUST_000255,delivered,2023-06-04 06:33:40,2023-06-04 08:33:40,2023-06-09 08:33:40,2023-06-19 06:33:40,2023-06-18 06:33:40
ORD_0000393,CUST_000243,delivered,2023-12-22 13:28:47,2023-12-24 07:28:47,2023-12-26 07:28:47,2024-01-04 13:28:47,2024-01-04 13:28:47
ORD_0000394,CUST_000428,delivered,2024-06-16 20:21:26,2024-06-18 10:21:26,2024-06-21 10:21:26,2024-07-05 20:21:26,2024-07-09 20:21:26
ORD_0000395,CUST_000304,delivered,2024-11-12 22:33:53,2024-11-14 10:33:53,2024-11-17 10:33:53,2024-11-14 22:33:53,2024-11-15 22:33:53
ORD_0000396,CUST_000088,canceled,2025-03-19 08:14:30,2025-03-20 08:14:30,,,2025-03-30 08:14:30
ORD_0000397,CUST_000076,processing,2023-12-28 09:29:10,2023-12-30 01:29:10,,,2024-01-09 09:29:10
ORD_0000398,CUST_000430,delivered,2024-12-26 22:57:42,2024-12-27 08:57:42,2024-12-28 08:57:42,2025-01-06 22:57:42,2025-01-03 22:57:42
ORD_0000399,CUST_000163,delivered,2024-08-11 04:28:16,2024-08-12 04:28:16,2024-08-17 04:28:16,2024-08-18 04:28:16,2024-08-20 04:28:16
ORD_0000400,CUST_000076,delivered,2024-01-17 14:34:10,2024-01-19 01:34:10,2024-01-20 01:34:10,2024-01-26 14:34:10,2024-01-29 14:34:10
ORD_0000401,CUST_000477,delivered,2024-05-26 04:29:59,2024-05-27 01:29:59,2024-06-01 01:29:59,2024-06-09 04:29:59,2024-06-10 04:29:59
ORD_0000402,CUST_000243,delivered,2023-10-24 18:42:09,2023-10-26 07:42:09,2023-10-30 07:42:09,2023-10-31 18:42:09,2023-11-02 18:42:09
ORD_0000403,CUST_000353,delivered,2023-04-26 23:30:57,2023-04-27 02:30:57,2023-05-02 02:30:57,2023-05-11 23:30:57,2023-05-17 23:30:57
ORD_0000404,CUST_000431,delivered,2023-08-14 14:22:05,2023-08-15 11:22:05,2023-08-17 11:22:05,2023-08-26 14:22:05,2023-09-01 14:22:05
ORD_0000405,CUST_000270,delivered,2023-08-16 08:12:01,2023-08-16 14:12:01,2023-08-20 14:12:01,2023-08-23 08:12:01,2023-08-28 08:12:01
ORD_0000406,CUST_000202,delivered,2023-07-19 15:20:38,2023-07-21 06:20:38,2023-07-22 06:20:38,2023-07-29 15:20:38,2023-08-05 15:20:38
ORD_0000407,CUST_000185,delivered,2024-02-12 04:45:54,2024-02-13 08:45:54,2024-02-16 08:45:54,2024-02-25 04:45:54,2024-02-26 04:45:54
ORD_0000408,CUST_000229,delivered,2024-07-28 02:13:46,2024-07-29 07:13:46,2024-08-02 07:13:46,2024-08-10 02:13:46,2024-08-14 02:13:46
ORD_0000409,CUST_000148,processing,2023-06-17 23:57:27,2023-06-19 22:57:27,,,2023-07-01 23:57:27
ORD_0000410,CUST_000074,unavailable,2023-08-01 09:30:55,2023-08-02 19:30:55,,,2023-08-16 09:30:55
ORD_0000411,CUST_000478,delivered,2024-08-27 12:05:00,2024-08-28 15:05:00,2024-08-31 15:05:00,2024-09-07 12:05:00,2024-09-13 12:05:00
ORD_0000412,CUST_000387,delivered,2023-05-21 06:11:53,2023-05-22 07:11:53,2023-05-26 07:11:53,2023-06-06 06:11:53,2023-06-03 06:11:53
ORD_0000413,CUST_000422,delivered,2025-04-26 09:53:37,2025-04-27 05:53:37,2025-05-01 05:53:37,2025-05-05 09:53:37,2025-05-04 09:53:37
ORD_0000414,CUST_000135,delivered,2023-11-04 20:53:40,2023-11-06 03:53:40,2023-11-09 03:53:40,2023-11-21 20:53:40,2023-11-24 20:53:40
ORD_0000415,CUST_000092,delivered,2024-05-18 22:41:15,2024-05-19 00:41:15,2024-05-22 00:41:15,2024-05-27 22:41:15,2024-06-02 22:41:15
ORD_0000416,CUST_000382,shipped,2024-01-06 18:30:36,2024-01-07 22:30:36,2024-01-11 22:30:36,,2024-01-16 18:30:36
ORD_0000417,CUST_000192,delivered,2024-06-08 23:36:01,2024-06-09 16:36:01,2024-06-10 16:36:01,2024-06-18 23:36:01,2024-06-17 23:36:01
ORD_0000418,CUST_000183,delivered,2023-06-17 01:17:23,2023-06-18 04:17:23,2023-06-21 04:17:23,2023-06-30 01:17:23,2023-06-27 01:17:23
ORD_0000419,CUST_000149,delivered,2023-10-26 16:40:59,2023-10-26 21:40:59,2023-10-28 21:40:59,2023-11-03 16:40:59,2023-11-02 16:40:59
ORD_0000420,CUST_000279,delivered,2023-11-27 10:52:54,2023-11-29 06:52:54,2023-12-02 06:52:54,2023-12-01 10:52:54,2023-12-08 10:52:54
ORD_0000421,CUST_000358,delivered,2024-12-05 11:06:34,2024-12-07 01:06:34,2024-12-09 01:06:34,2024-12-20 11:06:34,2024-12-22 11:06:34
ORD_0000422,CUST_000399,delivered,2024-05-11 13:21:58,2024-05-12 00:21:58,2024-05-14 00:21:58,2024-05-27 13:21:58,2024-06-01 13:21:58
ORD_0000423,CUST_000114,shipped,2023-07-12 17:39:44,2023-07-14 03:39:44,2023-07-19 03:39:44,,2023-07-28 17:39:44
ORD_0000424,CUST_000236,delivered,2023-03-20 03:52:08,2023-03-20 05:52:08,2023-03-23 05:52:08,2023-03-31 03:52:08,2023-04-02 03:52:08
ORD_0000425,CUST_000072,delivered,2025-04-16 14:56:38,2025-04-18 00:56:38,2025-04-21 00:56:38,2025-05-01 14:56:38,2025-04-29 14:56:38
ORD_0000426,CUST_000114,delivered,2023-05-12 22:09:44,2023-05-13 13:09:44,2023-05-15 13:09:44,2023-05-29 22:09:44,2023-05-28 22:09:44
ORD_0000427,CUST_000041,delivered,2024-03-11 22:48:50,2024-03-12 06:48:50,2024-03-16 06:48:50,2024-03-19 22:48:50,2024-03-17 22:48:50
ORD_0000428,CUST_000017,delivered,2025-03-23 21:32:37,2025-03-24 01:32:37,2025-03-27 01:32:37,2025-04-05 21:32:37,2025-04-02 21:32:37
ORD_0000429,CUST_000034,delivered,2023-11-05 21:00:48,2023-11-06 04:00:48,2023-11-11 04:00:48,2023-11-14 21:00:48,2023-11-13 21:00:48
ORD_0000430,CUST_000344,canceled,2023-12-26 00:05:09,2023-12-28 00:05:09,,,2024-01-15 00:05:09
ORD_0000431,CUST_000179,delivered,2023-12-27 05:54:32,2023-12-29 04:54:32,2024-01-03 04:54:32,2024-01-06 05:54:32,2024-01-12 05:54:32
ORD_0000432,CUST_000391,canceled,2023-01-15 16:13:45,2023-01-16 05:13:45,,,2023-01-23 16:13:45
ORD_0000433,CUST_000462,processing,2025-02-11 17:00:46,2025-02-12 00:00:46,,,2025-02-28 17:00:46
ORD_0000434,CUST_000188,canceled,2024-12-15 18:11:28,2024-12-17 14:11:28,,,2024-12-19 18:11:28
ORD_0000435,CUST_000428,delivered,2023-12-30 12:27:13,2023-12-31 21:27:13,2024-01-01 21:27:13,2024-01-15 12:27:13,2024-01-19 12:27:13
ORD_0000436,CUST_000057,delivered,2024-06-16 04:31:48,2024-06-17 04:31:48,2024-06-22 04:31:48,2024-06-21 04:31:48,2024-06-18 04:31:48
ORD_0000437,CUST_000043,delivered,2023-12-02 15:07:24,2023-12-03 10:07:24,2023-12-06 10:07:24,2023-12-07 15:07:24,2023-12-07 15:07:24
ORD_0000438,CUST_000284,shipped,2024-02-22 09:54:27,2024-02-22 22:54:27,2024-02-26 22:54:27,,2024-03-08 09:54:27
ORD_0000439,CUST_000189,delivered,2023-07-03 00:43:31,2023-07-04 20:43:31,2023-07-08 20:43:31,2023-07-10 00:43:31,2023-07-08 00:43:31
ORD_0000440,CUST_000074,delivered,2024-02-09 12:44:37,2024-02-09 19:44:37,2024-02-11 19:44:37,2024-02-23 12:44:37,2024-02-21 12:44:37
ORD_0000441,CUST_000187,delivered,2023-07-23 10:12:38,2023-07-24 12:12:38,2023-07-28 12:12:38,2023-08-08 10:12:38,2023-08-14 10:12:38
ORD_0000442,CUST_000304,delivered,2023-10-07 20:25:22,2023-10-09 03:25:22,2023-10-13 03:25:22,2023-10-12 20:25:22,2023-10-16 20:25:22
ORD_0000443,CUST_000262,delivered,2023-10-13 04:49:29,2023-10-13 11:49:29,2023-10-17 11:49:29,2023-10-16 04:49:29,2023-10-15 04:49:29
ORD_0000444,CUST_000016,delivered,2023-04-12 23:03:53,2023-04-13 04:03:53,2023-04-14 04:03:53,2023-04-20 23:03:53,2023-04-19 23:03:53
ORD_0000445,CUST_000196,delivered,2024-09-11 21:20:09,2024-09-12 17:20:09,2024-09-13 17:20:09,2024-09-19 21:20:09,2024-09-24 21:20:09
ORD_0000446,CUST_000393,delivered,2024-05-19 14:12:18,2024-05-21 09:12:18,2024-05-26 09:12:18,2024-05-22 14:12:18,2024-05-23 14:12:18
ORD_0000447,CUST_000278,unavailable,2023-12-18 17:34:01,2023-12-18 20:34:01,,,2024-01-10 17:34:01
ORD_0000448,CUST_000162,delivered,2024-01-21 14:29:02,2024-01-21 17:29:02,2024-01-24 17:29:02,2024-02-04 14:29:02,2024-02-03 14:29:02
ORD_0000449,CUST_000252,delivered,2024-03-17 04:19:45,2024-03-18 05:19:45,2024-03-19 05:19:45,2024-03-28 04:19:45,2024-04-02 04:19:45
ORD_0000450,CUST_000351,shipped,2024-07-06 18:30:30,2024-07-08 06:30:30,2024-07-13 06:30:30,,2024-07-09 18:30:30
ORD_0000451,CUST_000201,delivered,2023-09-27 15:37:24,2023-09-29 07:37:24,2023-10-02 07:37:24,2023-10-10 15:37:24,2023-10-07 15:37:24
ORD_0000452,CUST_000066,delivered,2024-01-11 11:51:47,2024-01-13 01:51:47,2024-01-16 01:51:47,2024-01-26 11:51:47,2024-01-29 11:51:47
ORD_0000453,CUST_000050,delivered,2024-03-14 11:22:26,2024-03-15 10:22:26,2024-03-17 10:22:26,2024-03-24 11:22:26,2024-03-30 11:22:26
ORD_0000454,CUST_000044,delivered,2024-12-05 02:55:19,2024-12-05 10:55:19,2024-12-06 10:55:19,2024-12-21 02:55:19,2024-12-26 02:55:19
ORD_0000455,CUST_000167,delivered,2023-02-08 14:42:55,2023-02-09 18:42:55,2023-02-13 18:42:55,2023-02-23 14:42:55,2023-03-01 14:42:55
ORD_0000456,CUST_000012,delivered,2023-11-21 12:36:24,2023-11-22 09:36:24,2023-11-26 09:36:24,2023-12-07 12:36:24,2023-12-05 12:36:24
ORD_0000457,CUST_000354,delivered,2024-11-22 06:21:31,2024-11-23 15:21:31,2024-11-26 15:21:31,2024-12-01 06:21:31,2024-12-04 06:21:31
ORD_0000458,CUST_000104,shipped,2024-05-23 20:54:50,2024-05-24 01:54:50,2024-05-29 01:54:50,,2024-06-02 20:54:50
ORD_0000459,CUST_000148,delivered,2023-09-29 01:19:36,2023-09-30 03:19:36,2023-10-05 03:19:36,2023-10-13 01:19:36,2023-10-19 01:19:36
ORD_0000460,CUST_000049,delivered,2024-08-29 10:17:04,2024-08-30 23:17:04,2024-09-03 23:17:04,2024-09-04 10:17:04,2024-09-07 10:17:04
ORD_0000461,CUST_000108,delivered,2023-12-22 02:41:52,2023-12-22 22:41:52,2023-12-25 22:41:52,2023-12-30 02:41:52,2023-12-30 02:41:52
ORD_0000462,CUST_000213,delivered,2024-02-16 08:39:32,2024-02-17 14:39:32,2024-02-22 14:39:32,2024-02-27 08:39:32,2024-02-26 08:39:32
ORD_0000463,CUST_000452,delivered,2023-01-20 20:45:33,2023-01-21 08:45:33,2023-01-23 08:45:33,2023-01-31 20:45:33,2023-02-04 20:45:33
ORD_0000464,CUST_000138,canceled,2024-10-15 17:51:39,2024-10-16 21:51:39,,,2024-10-29 17:51:39
ORD_0000465,CUST_000031,delivered,2024-06-18 06:23:29,2024-06-18 16:23:29,2024-06-21 16:23:29,2024-06-27 06:23:29,2024-06-25 06:23:29
ORD_0000466,CUST_000325,delivered,2023-07-28 13:17:52,2023-07-29 08:17:52,2023-08-01 08:17:52,2023-08-09 13:17:52,2023-08-16 13:17:52
ORD_0000467,CUST_000308,delivered,2023-08-30 12:15:07,2023-08-30 22:15:07,2023-09-01 22:15:07,2023-09-07 12:15:07,2023-09-11 12:15:07
ORD_0000468,CUST_000287,delivered,2024-03-22 13:41:57,2024-03-22 16:41:57,2024-03-25 16:41:57,2024-03-27 13:41:57,2024-03-26 13:41:57
ORD_0000469,CUST_000015,delivered,2023-09-22 08:42:35,2023-09-22 20:42:35,2023-09-23 20:42:35,2023-10-07 08:42:35,2023-10-04 08:42:35
ORD_0000470,CUST_000029,processing,2023-03-27 10:38:19,2023-03-27 15:38:19,,,2023-04-06 10:38:19
ORD_0000471,CUST_000460,delivered,2024-01-08 21:42:56,2024-01-09 03:42:56,2024-01-11 03:42:56,2024-01-24 21:42:56,2024-01-29 21:42:56
ORD_0000472,CUST_000478,canceled,2023-05-04 16:42:53,2023-05-06 06:42:53,,,2023-05-27 16:42:53
ORD_0000473,CUST_000129,delivered,2024-05-23 02:15:38,2024-05-23 10:15:38,2024-05-26 10:15:38,2024-05-29 02:15:38,2024-06-01 02:15:38
ORD_0000474,CUST_000413,delivered,2025-02-05 23:15:59,2025-02-07 03:15:59,2025-02-08 03:15:59,2025-02-16 23:15:59,2025-02-15 23:15:59
ORD_0000475,CUST_000110,delivered,2023-10-09 14:26:16,2023-10-11 04:26:16,2023-10-16 04:26:16,2023-10-17 14:26:16,2023-10-19 14:26:16
ORD_0000476,CUST_000280,shipped,2024-03-09 15:43:15,2024-03-10 09:43:15,2024-03-12 09:43:15,,2024-03-24 15:43:15
ORD_0000477,CUST_000244,delivered,2025-01-02 11:52:19,2025-01-02 13:52:19,2025-01-07 13:52:19,2025-01-18 11:52:19,2025-01-15 11:52:19
ORD_0000478,CUST_000354,delivered,2025-03-18 21:15:16,2025-03-20 09:15:16,2025-03-23 09:15:16,2025-03-27 21:15:16,2025-04-03 21:15:16
ORD_0000479,CUST_000063,delivered,2024-07-01 07:54:28,2024-07-02 08:54:28,2024-07-06 08:54:28,2024-07-17 07:54:28,2024-07-18 07:54:28
ORD_0000480,CUST_000047,processing,2025-04-22 07:19:13,2025-04-22 18:19:13,,,2025-05-04 07:19:13
ORD_0000481,CUST_000163,delivered,2025-04-11 20:26:50,2025-04-11 23:26:50,2025-04-12 23:26:50,2025-04-22 20:26:50,2025-04-26 20:26:50
ORD_0000482,CUST_000378,delivered,2024-02-27 10:45:27,2024-02-27 17:45:27,2024-03-01 17:45:27,2024-02-28 10:45:27,2024-03-04 10:45:27
ORD_0000483,CUST_000034,delivered,2023-12-27 13:38:46,2023-12-29 01:38:46,2024-01-02 01:38:46,2024-01-02 13:38:46,2024-01-09 13:38:46
ORD_0000484,CUST_000329,delivered,2023-07-08 20:28:50,2023-07-10 14:28:50,2023-07-14 14:28:50,2023-07-11 20:28:50,2023-07-11 20:28:50
ORD_0000485,CUST_000322,delivered,2023-11-09 10:36:05,2023-11-09 18:36:05,2023-11-14 18:36:05,2023-11-19 10:36:05,2023-11-26 10:36:05
ORD_0000486,CUST_000391,delivered,2023-05-14 19:43:26,2023-05-15 16:43:26,2023-05-17 16:43:26,2023-05-19 19:43:26,2023-05-20 19:43:26
ORD_0000487,CUST_000089,delivered,2024-12-04 18:52:20,2024-12-05 13:52:20,2024-12-09 13:52:20,2024-12-13 18:52:20,2024-12-16 18:52:20
ORD_0000488,CUST_000484,delivered,2024-08-07 07:01:01,2024-08-08 19:01:01,2024-08-10 19:01:01,2024-08-17 07:01:01,2024-08-15 07:01:01
ORD_0000489,CUST_000499,delivered,2024-04-18 06:16:44,2024-04-18 17:16:44,2024-04-23 17:16:44,2024-04-24 06:16:44,2024-04-22 06:16:44
ORD_0000490,CUST_000491,delivered,2024-01-12 05:36:07,2024-01-12 06:36:07,2024-01-16 06:36:07,2024-01-21 05:36:07,2024-01-25 05:36:07
ORD_0000491,CUST_000424,delivered,2024-11-20 15:07:14,2024-11-22 13:07:14,2024-11-25 13:07:14,2024-11-30 15:07:14,2024-11-29 15:07:14
ORD_0000492,CUST_000221,delivered,2023-07-31 19:13:52,2023-08-01 14:13:52,2023-08-03 14:13:52,2023-08-11 19:13:52,2023-08-14 19:13:52
ORD_0000493,CUST_000093,delivered,2024-02-23 04:01:18,2024-02-23 21:01:18,2024-02-27 21:01:18,2024-03-04 04:01:18,2024-03-11 04:01:18
ORD_0000494,CUST_000332,shipped,2024-04-14 02:00:30,2024-04-14 11:00:30,2024-04-18 11:00:30,,2024-04-27 02:00:30
ORD_0000495,CUST_000109,delivered,2024-12-31 12:45:27,2025-01-02 12:45:27,2025-01-03 12:45:27,2025-01-15 12:45:27,2025-01-17 12:45:27
ORD_0000496,CUST_000477,canceled,2023-08-29 15:58:22,2023-08-31 06:58:22,,,2023-09-16 15:58:22
ORD_0000497,CUST_000364,delivered,2025-02-05 01:00:16,2025-02-06 10:00:16,2025-02-09 10:00:16,2025-02-24 01:00:16,2025-02-23 01:00:16
ORD_0000498,CUST_000496,delivered,2024-07-26 01:37:11,2024-07-26 18:37:11,2024-07-30 18:37:11,2024-08-02 01:37:11,2024-08-04 01:37:11
ORD_0000499,CUST_000450,delivered,2024-04-24 04:05:20,2024-04-26 02:05:20,2024-04-28 02:05:20,2024-05-10 04:05:20,2024-05-09 04:05:20
ORD_0000500,CUST_000256,delivered,2023-10-15 23:23:59,2023-10-17 03:23:59,2023-10-20 03:23:59,2023-10-25 23:23:59,2023-10-31 23:23:59
ORD_0000501,CUST_000425,processing,2025-02-18 08:33:20,2025-02-19 12:33:20,,,2025-02-27 08:33:20
ORD_0000502,CUST_000285,delivered,2024-11-04 20:51:28,2024-11-05 00:51:28,2024-11-06 00:51:28,2024-11-21 20:51:28,2024-11-21 20:51:28
ORD_0000503,CUST_000094,delivered,2023-02-06 15:16:10,2023-02-08 13:16:10,2023-02-09 13:16:10,2023-02-23 15:16:10,2023-02-20 15:16:10
ORD_0000504,CUST_000227,delivered,2024-01-01 22:35:31,2024-01-03 04:35:31,2024-01-05 04:35:31,2024-01-08 22:35:31,2024-01-06 22:35:31
ORD_0000505,CUST_000179,shipped,2023-04-06 06:55:18,2023-04-06 18:55:18,2023-04-11 18:55:18,,2023-04-26 06:55:18
ORD_0000506,CUST_000300,delivered,2023-08-06 18:00:33,2023-08-08 07:00:33,2023-08-09 07:00:33,2023-08-18 18:00:33,2023-08-18 18:00:33
ORD_0000507,CUST_000394,delivered,2024-05-25 21:06:56,2024-05-26 19:06:56,2024-05-27 19:06:56,2024-05-30 21:06:56,2024-05-28 21:06:56
ORD_0000508,CUST_000429,delivered,2023-11-28 04:01:05,2023-11-29 10:01:05,2023-12-03 10:01:05,2023-12-12 04:01:05,2023-12-16 04:01:05
ORD_0000509,CUST_000322,canceled,2023-10-03 19:42:00,2023-10-04 17:42:00,,,2023-10-12 19:42:00
ORD_0000510,CUST_000486,delivered,2025-01-19 23:58:51,2025-01-21 12:58:51,2025-01-22 12:58:51,2025-01-24 23:58:51,2025-01-31 23:58:51
ORD_0000511,CUST_000145,canceled,2023-11-27 01:47:04,2023-11-28 13:47:04,,,2023-12-04 01:47:04
ORD_0000512,CUST_000123,delivered,2025-02-28 12:05:01,2025-03-01 02:05:01,2025-03-05 02:05:01,2025-03-12 12:05:01,2025-03-13 12:05:01
ORD_0000513,CUST_000332,delivered,2025-02-09 20:09:07,2025-02-10 16:09:07,2025-02-14 16:09:07,2025-02-16 20:09:07,2025-02-23 20:09:07
ORD_0000514,CUST_000309,delivered,2023-05-15 11:42:06,2023-05-16 11:42:06,2023-05-20 11:42:06,2023-05-20 11:42:06,2023-05-24 11:42:06
ORD_0000515,CUST_000454,delivered,2024-02-02 15:17:36,2024-02-04 06:17:36,2024-02-08 06:17:36,2024-02-17 15:17:36,2024-02-20 15:17:36
ORD_0000516,CUST_000323,unavailable,2024-03-12 02:02:32,2024-03-13 00:02:32,,,2024-03-23 02:02:32
ORD_0000517,CUST_000115,delivered,2024-10-25 21:45:09,2024-10-27 05:45:09,2024-11-01 05:45:09,2024-11-05 21:45:09,2024-11-03 21:45:09
ORD_0000518,CUST_000465,delivered,2025-03-31 15:19:09,2025-04-01 00:19:09,2025-04-04 00:19:09,2025-04-09 15:19:09,2025-04-09 15:19:09
ORD_0000519,CUST_000268,delivered,2024-03-13 09:36:03,2024-03-14 21:36:03,2024-03-15 21:36:03,2024-03-19 09:36:03,2024-03-22 09:36:03
ORD_0000520,CUST_000049,delivered,2024-04-20 21:46:36,2024-04-21 14:46:36,2024-04-26 14:46:36,2024-04-27 21:46:36,2024-04-25 21:46:36
ORD_0000521,CUST_000394,delivered,2024-05-30 00:07:47,2024-05-31 19:07:47,2024-06-02 19:07:47,2024-06-07 00:07:47,2024-06-10 00:07:47
ORD_0000522,CUST_000449,delivered,2024-12-22 09:20:37,2024-12-24 08:20:37,2024-12-28 08:20:37,2025-01-01 09:20:37,2025-01-07 09:20:37
ORD_0000523,CUST_000414,delivered,2023-09-29 10:58:55,2023-09-29 22:58:55,2023-09-30 22:58:55,2023-10-09 10:58:55,2023-10-16 10:58:55
ORD_0000524,CUST_000055,delivered,2024-03-20 17:01:00,2024-03-21 19:01:00,2024-03-23 19:01:00,2024-03-24 17:01:00,2024-03-31 17:01:00
ORD_0000525,CUST_000245,canceled,2024-04-16 22:25:55,2024-04-18 17:25:55,,,2024-04-27 22:25:55
ORD_0000526,CUST_000417,delivered,2024-09-23 11:44:43,2024-09-25 08:44:43,2024-09-28 08:44:43,2024-09-29 11:44:43,2024-09-27 11:44:43
ORD_0000527,CUST_000065,delivered,2023-05-19 00:12:07,2023-05-19 02:12:07,2023-05-21 02:12:07,2023-05-30 00:12:07,2023-06-06 00:12:07
ORD_0000528,CUST_000075,shipped,2024-10-27 07:27:53,2024-10-29 00:27:53,2024-11-03 00:27:53,,2024-11-06 07:27:53
ORD_0000529,CUST_000045,delivered,2023-11-05 14:09:30,2023-11-06 18:09:30,2023-11-08 18:09:30,2023-11-21 14:09:30,2023-11-25 14:09:30
ORD_0000530,CUST_000494,delivered,2024-05-11 15:01:55,2024-05-12 20:01:55,2024-05-14 20:01:55,2024-05-19 15:01:55,2024-05-20 15:01:55
ORD_0000531,CUST_000292,delivered,2025-04-29 12:03:21,2025-04-29 13:03:21,2025-05-03 13:03:21,2025-05-12 12:03:21,2025-05-18 12:03:21
ORD_0000532,CUST_000306,delivered,2025-01-18 17:18:02,2025-01-20 01:18:02,2025-01-25 01:18:02,2025-01-30 17:18:02,2025-02-05 17:18:02
ORD_0000533,CUST_000372,delivered,2024-09-18 21:57:52,2024-09-20 05:57:52,2024-09-21 05:57:52,2024-09-23 21:57:52,2024-09-25 21:57:52
ORD_0000534,CUST_000284,shipped,2023-03-07 08:57:41,2023-03-08 11:57:41,2023-03-09 11:57:41,,2023-03-24 08:57:41
ORD_0000535,CUST_000319,delivered,2024-10-23 11:28:44,2024-10-24 15:28:44,2024-10-27 15:28:44,2024-11-03 11:28:44,2024-11-07 11:28:44
ORD_0000536,CUST_000119,delivered,2024-06-03 07:37:58,2024-06-05 03:37:58,2024-06-10 03:37:58,2024-06-14 07:37:58,2024-06-21 07:37:58
ORD_0000537,CUST_000240,canceled,2023-05-15 09:46:45,2023-05-16 10:46:45,,,2023-05-31 09:46:45
ORD_0000538,CUST_000408,delivered,2024-04-28 05:39:13,2024-04-29 00:39:13,2024-04-30 00:39:13,2024-05-09 05:39:13,2024-05-16 05:39:13
ORD_0000539,CUST_000248,delivered,2023-05-13 05:12:10,2023-05-14 20:12:10,2023-05-18 20:12:10,2023-05-26 05:12:10,2023-05-26 05:12:10
ORD_0000540,CUST_000108,delivered,2024-07-24 01:01:22,2024-07-24 18:01:22,2024-07-26 18:01:22,2024-08-03 01:01:22,2024-08-02 01:01:22
ORD_0000541,CUST_000424,delivered,2024-05-30 01:51:04,2024-05-30 23:51:04,2024-06-04 23:51:04,2024-06-11 01:51:04,2024-06-15 01:51:04
ORD_0000542,CUST_000133,delivered,2023-12-15 11:49:02,2023-12-16 23:49:02,2023-12-18 23:49:02,2023-12-29 11:49:02,2024-01-03 11:49:02
ORD_0000543,CUST_000310,delivered,2024-11-16 03:45:03,2024-11-17 08:45:03,2024-11-18 08:45:03,2024-12-01 03:45:03,2024-12-07 03:45:03
ORD_0000544,CUST_000401,delivered,2023-04-15 17:02:32,2023-04-16 00:02:32,2023-04-17 00:02:32,2023-04-25 17:02:32,2023-04-25 17:02:32
ORD_0000545,CUST_000467,delivered,2024-01-06 05:46:18,2024-01-08 03:46:18,2024-01-13 03:46:18,2024-01-15 05:46:18,2024-01-14 05:46:18
ORD_0000546,CUST_000332,shipped,2024-01-08 10:52:08,2024-01-08 18:52:08,2024-01-12 18:52:08,,2024-01-19 10:52:08
ORD_0000547,CUST_000394,delivered,2025-02-26 00:15:53,2025-02-27 07:15:53,2025-03-04 07:15:53,2025-03-07 00:15:53,2025-03-10 00:15:53
ORD_0000548,CUST_000185,delivered,2024-10-06 21:15:09,2024-10-08 07:15:09,2024-10-10 07:15:09,2024-10-18 21:15:09,2024-10-17 21:15:09
ORD_0000549,CUST_000411,canceled,2024-03-15 13:58:26,2024-03-16 19:58:26,,,2024-03-15 13:58:26
ORD_0000550,CUST_000227,canceled,2023-05-30 00:45:51,2023-05-31 10:45:51,,,2023-06-04 00:45:51
ORD_0000551,CUST_000174,delivered,2023-11-19 12:49:10,2023-11-20 16:49:10,2023-11-21 16:49:10,2023-11-24 12:49:10,2023-11-30 12:49:10
ORD_0000552,CUST_000030,unavailable,2024-10-08 22:51:42,2024-10-10 08:51:42,,,2024-10-21 22:51:42
ORD_0000553,CUST_000206,delivered,2024-11-28 22:35:55,2024-11-29 18:35:55,2024-12-02 18:35:55,2024-12-15 22:35:55,2024-12-16 22:35:55
ORD_0000554,CUST_000461,delivered,2024-06-24 19:58:09,2024-06-26 16:58:09,2024-06-28 16:58:09,2024-07-01 19:58:09,2024-07-06 19:58:09
ORD_0000555,CUST_000320,delivered,2025-03-18 19:41:28,2025-03-20 16:41:28,2025-03-24 16:41:28,2025-03-30 19:41:28,2025-03-28 19:41:28
ORD_0000556,CUST_000019,delivered,2024-07-04 10:24:46,2024-07-06 09:24:46,2024-07-08 09:24:46,2024-07-06 10:24:46,2024-07-11 10:24:46
ORD_0000557,CUST_000277,delivered,2023-10-18 06:05:32,2023-10-19 18:05:32,2023-10-22 18:05:32,2023-10-26 06:05:32,2023-10-23 06:05:32
ORD_0000558,CUST_000456,delivered,2025-03-26 17:37:16,2025-03-27 09:37:16,2025-03-30 09:37:16,2025-04-03 17:37:16,2025-04-06 17:37:16
ORD_0000559,CUST_000259,delivered,2023-04-24 23:03:53,2023-04-25 23:03:53,2023-04-30 23:03:53,2023-05-01 23:03:53,2023-05-08 23:03:53
ORD_0000560,CUST_000482,delivered,2023-05-08 14:19:36,2023-05-10 14:19:36,2023-05-13 14:19:36,2023-05-24 14:19:36,2023-05-24 14:19:36
ORD_0000561,CUST_000413,delivered,2025-02-02 18:36:45,2025-02-04 11:36:45,2025-02-09 11:36:45,2025-02-10 18:36:45,2025-02-17 18:36:45
ORD_0000562,CUST_000402,delivered,2025-04-14 22:36:43,2025-04-15 07:36:43,2025-04-20 07:36:43,2025-05-03 22:36:43,2025-05-03 22:36:43
ORD_0000563,CUST_000054,delivered,2023-12-02 16:37:12,2023-12-03 16:37:12,2023-12-05 16:37:12,2023-12-17 16:37:12,2023-12-15 16:37:12
ORD_0000564,CUST_000048,delivered,2023-03-05 13:56:08,2023-03-06 20:56:08,2023-03-07 20:56:08,2023-03-11 13:56:08,2023-03-13 13:56:08
ORD_0000565,CUST_000347,delivered,2024-06-22 12:37:35,2024-06-23 22:37:35,2024-06-26 22:37:35,2024-06-30 12:37:35,2024-07-04 12:37:35
ORD_0000566,CUST_000353,delivered,2024-05-16 23:26:52,2024-05-17 10:26:52,2024-05-19 10:26:52,2024-05-29 23:26:52,2024-06-02 23:26:52
ORD_0000567,CUST_000365,delivered,2024-04-13 04:45:32,2024-04-14 14:45:32,2024-04-16 14:45:32,2024-04-29 04:45:32,2024-04-28 04:45:32
ORD_0000568,CUST_000484,shipped,2024-07-26 11:58:07,2024-07-28 02:58:07,2024-07-29 02:58:07,,2024-08-01 11:58:07
ORD_0000569,CUST_000190,delivered,2024-08-08 09:02:33,2024-08-08 19:02:33,2024-08-11 19:02:33,2024-08-22 09:02:33,2024-08-26 09:02:33
ORD_0000570,CUST_000015,delivered,2025-03-21 04:09:50,2025-03-22 18:09:50,2025-03-25 18:09:50,2025-04-01 04:09:50,2025-04-02 04:09:50
ORD_0000571,CUST_000111,delivered,2023-07-07 23:31:00,2023-07-08 07:31:00,2023-07-09 07:31:00,2023-07-20 23:31:00,2023-07-26 23:31:00
ORD_0000572,CUST_000159,delivered,2024-08-02 14:57:21,2024-08-03 15:57:21,2024-08-08 15:57:21,2024-08-07 14:57:21,2024-08-06 14:57:21
ORD_0000573,CUST_000391,delivered,2023-05-22 16:40:29,2023-05-23 21:40:29,2023-05-25 21:40:29,2023-06-03 16:40:29,2023-06-09 16:40:29
ORD_0000574,CUST_000341,delivered,2024-09-30 13:24:14,2024-10-01 15:24:14,2024-10-02 15:24:14,2024-10-10 13:24:14,2024-10-17 13:24:14
ORD_0000575,CUST_000456,shipped,2024-03-29 23:17:41,2024-03-30 05:17:41,2024-03-31 05:17:41,,2024-04-04 23:17:41
ORD_0000576,CUST_000288,delivered,2024-10-22 03:41:35,2024-10-22 09:41:35,2024-10-27 09:41:35,2024-10-27 03:41:35,2024-11-01 03:41:35
ORD_0000577,CUST_000296,delivered,2025-02-14 01:36:33,2025-02-14 14:36:33,2025-02-19 14:36:33,2025-03-01 01:36:33,2025-03-06 01:36:33
ORD_0000578,CUST_000093,delivered,2023-01-20 08:50:13,2023-01-21 00:50:13,2023-01-26 00:50:13,2023-01-27 08:50:13,2023-01-31 08:50:13
ORD_0000579,CUST_000044,delivered,2025-04-06 17:38:20,2025-04-07 19:38:20,2025-04-11 19:38:20,2025-04-18 17:38:20,2025-04-21 17:38:20
ORD_0000580,CUST_000093,delivered,2024-02-29 00:55:33,2024-02-29 21:55:33,2024-03-01 21:55:33,2024-03-07 00:55:33,2024-03-05 00:55:33
ORD_0000581,CUST_000051,delivered,2024-07-08 05:18:09,2024-07-08 17:18:09,2024-07-09 17:18:09,2024-07-24 05:18:09,2024-07-31 05:18:09
ORD_0000582,CUST_000087,delivered,2023-03-02 19:20:11,2023-03-02 21:20:11,2023-03-05 21:20:11,2023-03-19 19:20:11,2023-03-22 19:20:11
ORD_0000583,CUST_000051,delivered,2023-11-24 04:26:57,2023-11-25 01:26:57,2023-11-26 01:26:57,2023-12-08 04:26:57,2023-12-14 04:26:57
ORD_0000584,CUST_000301,delivered,2023-08-31 15:32:48,2023-09-02 00:32:48,2023-09-03 00:32:48,2023-09-08 15:32:48,2023-09-09 15:32:48
ORD_0000585,CUST_000032,delivered,2023-11-22 14:35:26,2023-11-22 19:35:26,2023-11-26 19:35:26,2023-11-25 14:35:26,2023-11-22 14:35:26
ORD_0000586,CUST_000138,delivered,2024-07-21 18:43:06,2024-07-22 10:43:06,2024-07-24 10:43:06,2024-07-27 18:43:06,2024-07-28 18:43:06
ORD_0000587,CUST_000291,delivered,2024-02-21 14:05:54,2024-02-23 07:05:54,2024-02-25 07:05:54,2024-02-23 14:05:54,2024-02-23 14:05:54
ORD_0000588,CUST_000276,delivered,2024-03-09 17:28:02,2024-03-09 18:28:02,2024-03-14 18:28:02,2024-03-31 17:28:02,2024-04-01 17:28:02
ORD_0000589,CUST_000335,delivered,2023-06-21 00:03:59,2023-06-22 07:03:59,2023-06-25 07:03:59,2023-07-10 00:03:59,2023-07-12 00:03:59
ORD_0000590,CUST_000432,delivered,2024-10-09 06:37:53,2024-10-10 15:37:53,2024-10-12 15:37:53,2024-10-14 06:37:53,2024-10-19 06:37:53
ORD_0000591,CUST_000289,delivered,2023-03-13 09:05:25,2023-03-15 06:05:25,2023-03-17 06:05:25,2023-03-19 09:05:25,2023-03-22 09:05:25
ORD_0000592,CUST_000108,canceled,2024-09-17 16:51:20,2024-09-19 12:51:20,,,2024-09-25 16:51:20
ORD_0000593,CUST_000134,delivered,2025-02-09 22:28:17,2025-02-10 14:28:17,2025-02-13 14:28:17,2025-02-18 22:28:17,2025-02-24 22:28:17
ORD_0000594,CUST_000169,delivered,2023-01-17 22:08:41,2023-01-17 23:08:41,2023-01-18 23:08:41,2023-01-27 22:08:41,2023-01-24 22:08:41
ORD_0000595,CUST_000345,delivered,2023-06-27 13:35:57,2023-06-29 10:35:57,2023-07-03 10:35:57,2023-06-30 13:35:57,2023-07-07 13:35:57
ORD_0000596,CUST_000334,delivered,2023-03-21 17:01:57,2023-03-23 12:01:57,2023-03-24 12:01:57,2023-04-05 17:01:57,2023-04-07 17:01:57
ORD_0000597,CUST_000498,delivered,2025-04-12 12:52:38,2025-04-13 11:52:38,2025-04-14 11:52:38,2025-04-22 12:52:38,2025-04-22 12:52:38
ORD_0000598,CUST_000228,delivered,2023-01-10 07:47:01,2023-01-11 01:47:01,2023-01-14 01:47:01,2023-01-25 07:47:01,2023-01-25 07:47:01
ORD_0000599,CUST_000047,delivered,2025-04-15 19:40:19,2025-04-17 17:40:19,2025-04-21 17:40:19,2025-04-24 19:40:19,2025-04-28 19:40:19
ORD_0000600,CUST_000464,delivered,2024-12-21 22:38:13,2024-12-21 23:38:13,2024-12-25 23:38:13,2025-01-01 22:38:13,2024-12-30 22:38:13
ORD_0000601,CUST_000446,delivered,2023-10-12 18:32:31,2023-10-13 05:32:31,2023-10-18 05:32:31,2023-10-18 18:32:31,2023-10-17 18:32:31
ORD_0000602,CUST_000034,delivered,2024-08-25 04:47:04,2024-08-25 13:47:04,2024-08-30 13:47:04,2024-08-29 04:47:04,2024-08-29 04:47:04
ORD_0000603,CUST_000452,shipped,2024-06-19 23:50:17,2024-06-20 12:50:17,2024-06-21 12:50:17,,2024-07-12 23:50:17
ORD_0000604,CUST_000315,delivered,2023-09-16 21:35:56,2023-09-18 03:35:56,2023-09-22 03:35:56,2023-09-27 21:35:56,2023-10-04 21:35:56
ORD_0000605,CUST_000345,shipped,2024-10-27 01:54:20,2024-10-28 05:54:20,2024-11-01 05:54:20,,2024-11-07 01:54:20
ORD_0000606,CUST_000254,delivered,2024-01-06 16:48:02,2024-01-08 15:48:02,2024-01-11 15:48:02,2024-01-22 16:48:02,2024-01-25 16:48:02
ORD_0000607,CUST_000273,delivered,2024-04-04 10:00:25,2024-04-04 23:00:25,2024-04-09 23:00:25,2024-04-15 10:00:25,2024-04-15 10:00:25
ORD_0000608,CUST_000354,delivered,2024-03-09 02:58:15,2024-03-09 15:58:15,2024-03-12 15:58:15,2024-03-10 02:58:15,2024-03-08 02:58:15
ORD_0000609,CUST_000321,delivered,2024-10-02 03:01:30,2024-10-03 07:01:30,2024-10-08 07:01:30,2024-10-20 03:01:30,2024-10-21 03:01:30
ORD_0000610,CUST_000127,delivered,2023-04-21 15:15:21,2023-04-21 19:15:21,2023-04-26 19:15:21,2023-04-22 15:15:21,2023-04-22 15:15:21
ORD_0000611,CUST_000484,delivered,2023-03-16 19:39:28,2023-03-17 02:39:28,2023-03-22 02:39:28,2023-03-29 19:39:28,2023-03-26 19:39:28
ORD_0000612,CUST_000194,delivered,2023-11-17 22:04:50,2023-11-18 07:04:50,2023-11-22 07:04:50,2023-11-30 22:04:50,2023-11-27 22:04:50
ORD_0000613,CUST_000155,delivered,2024-09-17 20:27:04,2024-09-18 03:27:04,2024-09-23 03:27:04,2024-09-30 20:27:04,2024-10-03 20:27:04
ORD_0000614,CUST_000050,delivered,2024-09-24 13:14:55,2024-09-26 04:14:55,2024-10-01 04:14:55,2024-10-06 13:14:55,2024-10-03 13:14:55
ORD_0000615,CUST_000233,delivered,2024-01-29 14:50:27,2024-01-31 06:50:27,2024-02-03 06:50:27,2024-02-10 14:50:27,2024-02-07 14:50:27
ORD_0000616,CUST_000233,delivered,2024-06-13 10:37:12,2024-06-13 17:37:12,2024-06-18 17:37:12,2024-06-24 10:37:12,2024-06-22 10:37:12
ORD_0000617,CUST_000304,delivered,2025-03-19 06:57:36,2025-03-19 15:57:36,2025-03-22 15:57:36,2025-03-25 06:57:36,2025-03-31 06:57:36
ORD_0000618,CUST_000228,delivered,2023-07-10 07:08:51,2023-07-10 10:08:51,2023-07-13 10:08:51,2023-07-26 07:08:51,2023-08-01 07:08:51
ORD_0000619,CUST_000224,delivered,2024-06-09 20:48:22,2024-06-10 16:48:22,2024-06-15 16:48:22,2024-06-17 20:48:22,2024-06-18 20:48:22
ORD_0000620,CUST_000309,delivered,2023-12-18 09:23:00,2023-12-19 19:23:00,2023-12-21 19:23:00,2023-12-28 09:23:00,2023-12-25 09:23:00
ORD_0000621,CUST_000122,delivered,2024-06-03 17:54:03,2024-06-04 21:54:03,2024-06-06 21:54:03,2024-06-12 17:54:03,2024-06-10 17:54:03
ORD_0000622,CUST_000175,unavailable,2023-07-13 21:30:44,2023-07-15 18:30:44,,,2023-07-30 21:30:44
ORD_0000623,CUST_000355,delivered,2023-12-06 18:36:21,2023-12-08 10:36:21,2023-12-11 10:36:21,2023-12-15 18:36:21,2023-12-12 18:36:21
ORD_0000624,CUST_000254,delivered,2023-08-13 00:40:14,2023-08-14 21:40:14,2023-08-19 21:40:14,2023-08-27 00:40:14,2023-08-27 00:40:14
ORD_0000625,CUST_000123,delivered,2024-05-07 23:49:52,2024-05-08 21:49:52,2024-05-12 21:49:52,2024-05-17 23:49:52,2024-05-14 23:49:52
ORD_0000626,CUST_000186,delivered,2023-01-11 02:22:01,2023-01-12 14:22:01,2023-01-15 14:22:01,2023-01-21 02:22:01,2023-01-25 02:22:01
ORD_0000627,CUST_000100,delivered,2024-10-08 18:58:48,2024-10-09 18:58:48,2024-10-10 18:58:48,2024-10-16 18:58:48,2024-10-16 18:58:48
ORD_0000628,CUST_000454,delivered,2023-09-26 23:11:21,2023-09-28 11:11:21,2023-09-30 11:11:21,2023-10-11 23:11:21,2023-10-08 23:11:21
ORD_0000629,CUST_000091,delivered,2023-09-26 03:01:53,2023-09-27 23:01:53,2023-09-28 23:01:53,2023-10-06 03:01:53,2023-10-10 03:01:53
ORD_0000630,CUST_000123,unavailable,2024-01-14 11:42:10,2024-01-15 21:42:10,,,2024-02-01 11:42:10
ORD_0000631,CUST_000452,shipped,2024-03-20 22:04:07,2024-03-21 08:04:07,2024-03-23 08:04:07,,2024-04-06 22:04:07
ORD_0000632,CUST_000356,delivered,2024-01-19 10:38:27,2024-01-21 03:38:27,2024-01-22 03:38:27,2024-01-31 10:38:27,2024-02-06 10:38:27
ORD_0000633,CUST_000301,delivered,2023-07-13 17:18:50,2023-07-14 03:18:50,2023-07-15 03:18:50,2023-07-19 17:18:50,2023-07-18 17:18:50
ORD_0000634,CUST_000436,delivered,2024-06-04 18:56:31,2024-06-05 08:56:31,2024-06-09 08:56:31,2024-06-10 18:56:31,2024-06-17 18:56:31
ORD_0000635,CUST_000315,delivered,2023-03-08 05:32:24,2023-03-09 23:32:24,2023-03-12 23:32:24,2023-03-16 05:32:24,2023-03-18 05:32:24
ORD_0000636,CUST_000365,canceled,2024-01-18 16:44:30,2024-01-20 14:44:30,,,2024-02-07 16:44:30
ORD_0000637,CUST_000138,delivered,2024-08-18 12:40:58,2024-08-20 02:40:58,2024-08-22 02:40:58,2024-08-30 12:40:58,2024-08-30 12:40:58
ORD_0000638,CUST_000203,delivered,2023-08-12 09:27:56,2023-08-13 10:27:56,2023-08-16 10:27:56,2023-08-27 09:27:56,2023-08-28 09:27:56
ORD_0000639,CUST_000282,delivered,2023-03-28 04:48:05,2023-03-28 23:48:05,2023-03-31 23:48:05,2023-04-11 04:48:05,2023-04-16 04:48:05
ORD_0000640,CUST_000319,delivered,2023-12-11 13:28:29,2023-12-12 17:28:29,2023-12-16 17:28:29,2023-12-23 13:28:29,2023-12-25 13:28:29
ORD_0000641,CUST_000140,delivered,2024-01-27 00:11:28,2024-01-27 15:11:28,2024-01-28 15:11:28,2024-02-07 00:11:28,2024-02-12 00:11:28
ORD_0000642,CUST_000263,processing,2024-07-13 20:05:50,2024-07-14 14:05:50,,,2024-07-20 20:05:50
ORD_0000643,CUST_000061,delivered,2023-03-15 11:02:34,2023-03-16 00:02:34,2023-03-19 00:02:34,2023-03-23 11:02:34,2023-03-30 11:02:34
ORD_0000644,CUST_000433,unavailable,2023-10-09 06:45:38,2023-10-09 15:45:38,,,2023-11-01 06:45:38
ORD_0000645,CUST_000468,delivered,2023-09-25 00:49:19,2023-09-25 19:49:19,2023-09-29 19:49:19,2023-10-10 00:49:19,2023-10-17 00:49:19
ORD_0000646,CUST_000007,shipped,2024-04-28 20:32:48,2024-04-29 06:32:48,2024-05-01 06:32:48,,2024-05-04 20:32:48
ORD_0000647,CUST_000371,delivered,2025-02-06 06:30:14,2025-02-07 16:30:14,2025-02-12 16:30:14,2025-02-23 06:30:14,2025-02-27 06:30:14
ORD_0000648,CUST_000175,delivered,2025-03-21 02:20:54,2025-03-21 15:20:54,2025-03-25 15:20:54,2025-03-29 02:20:54,2025-03-29 02:20:54
ORD_0000649,CUST_000225,delivered,2024-04-05 17:01:23,2024-04-06 02:01:23,2024-04-08 02:01:23,2024-04-11 17:01:23,2024-04-15 17:01:23
ORD_0000650,CUST_000415,delivered,2024-11-05 11:21:14,2024-11-06 14:21:14,2024-11-10 14:21:14,2024-11-23 11:21:14,2024-11-28 11:21:14
ORD_0000651,CUST_000154,processing,2023-11-30 18:01:36,2023-11-30 21:01:36,,,2023-12-14 18:01:36
ORD_0000652,CUST_000291,shipped,2024-10-06 19:58:38,2024-10-08 08:58:38,2024-10-12 08:58:38,,2024-10-20 19:58:38
ORD_0000653,CUST_000486,delivered,2024-02-05 02:34:24,2024-02-05 15:34:24,2024-02-08 15:34:24,2024-02-13 02:34:24,2024-02-14 02:34:24
ORD_0000654,CUST_000048,delivered,2023-06-25 03:43:35,2023-06-25 15:43:35,2023-06-30 15:43:35,2023-07-05 03:43:35,2023-07-09 03:43:35
ORD_0000655,CUST_000014,delivered,2023-07-11 06:04:58,2023-07-12 07:04:58,2023-07-14 07:04:58,2023-07-18 06:04:58,2023-07-22 06:04:58
ORD_0000656,CUST_000030,shipped,2024-01-13 16:00:10,2024-01-14 13:00:10,2024-01-18 13:00:10,,2024-02-02 16:00:10
ORD_0000657,CUST_000081,delivered,2023-04-24 04:34:26,2023-04-25 11:34:26,2023-04-29 11:34:26,2023-05-07 04:34:26,2023-05-06 04:34:26
ORD_0000658,CUST_000446,delivered,2023-07-30 09:27:52,2023-08-01 07:27:52,2023-08-03 07:27:52,2023-08-05 09:27:52,2023-08-11 09:27:52
ORD_0000659,CUST_000295,delivered,2023-11-14 18:12:32,2023-11-16 16:12:32,2023-11-19 16:12:32,2023-11-24 18:12:32,2023-11-28 18:12:32
ORD_0000660,CUST_000033,delivered,2025-04-24 12:38:51,2025-04-25 04:38:51,2025-04-30 04:38:51,2025-05-14 12:38:51,2025-05-18 12:38:51
ORD_0000661,CUST_000236,delivered,2024-04-18 18:02:47,2024-04-19 00:02:47,2024-04-23 00:02:47,2024-05-01 18:02:47,2024-05-02 18:02:47
ORD_0000662,CUST_000201,processing,2024-09-19 05:26:15,2024-09-19 17:26:15,,,2024-10-10 05:26:15
ORD_0000663,CUST_000235,delivered,2024-01-29 21:11:44,2024-01-31 10:11:44,2024-02-01 10:11:44,2024-02-06 21:11:44,2024-02-07 21:11:44
ORD_0000664,CUST_000452,delivered,2024-10-05 17:18:42,2024-10-05 22:18:42,2024-10-07 22:18:42,2024-10-25 17:18:42,2024-10-29 17:18:42
ORD_0000665,CUST_000211,delivered,2025-02-19 17:07:23,2025-02-19 22:07:23,2025-02-24 22:07:23,2025-03-03 17:07:23,2025-03-07 17:07:23
ORD_0000666,CUST_000085,delivered,2023-09-16 06:32:02,2023-09-17 12:32:02,2023-09-21 12:32:02,2023-09-21 06:32:02,2023-09-24 06:32:02
ORD_0000667,CUST_000176,delivered,2025-02-02 12:54:12,2025-02-03 14:54:12,2025-02-06 14:54:12,2025-02-15 12:54:12,2025-02-17 12:54:12
ORD_0000668,CUST_000344,delivered,2025-02-05 14:31:29,2025-02-05 19:31:29,2025-02-07 19:31:29,2025-02-17 14:31:29,2025-02-21 14:31:29
ORD_0000669,CUST_000072,shipped,2024-04-27 08:53:10,2024-04-27 19:53:10,2024-05-02 19:53:10,,2024-05-18 08:53:10
ORD_0000670,CUST_000380,delivered,2024-02-05 05:04:42,2024-02-05 06:04:42,2024-02-07 06:04:42,2024-02-19 05:04:42,2024-02-23 05:04:42
ORD_0000671,CUST_000184,delivered,2023-07-02 06:45:02,2023-07-04 02:45:02,2023-07-08 02:45:02,2023-07-08 06:45:02,2023-07-13 06:45:02
ORD_0000672,CUST_000329,delivered,2024-11-09 22:42:57,2024-11-10 05:42:57,2024-11-13 05:42:57,2024-11-11 22:42:57,2024-11-15 22:42:57
ORD_0000673,CUST_000027,delivered,2024-09-04 00:03:49,2024-09-05 01:03:49,2024-09-07 01:03:49,2024-09-17 00:03:49,2024-09-15 00:03:49
ORD_0000674,CUST_000009,delivered,2024-03-07 00:00:21,2024-03-07 13:00:21,2024-03-08 13:00:21,2024-03-16 00:00:21,2024-03-16 00:00:21
ORD_0000675,CUST_000491,delivered,2023-04-09 21:10:46,2023-04-10 08:10:46,2023-04-15 08:10:46,2023-04-19 21:10:46,2023-04-24 21:10:46
ORD_0000676,CUST_000321,delivered,2023-07-14 19:13:59,2023-07-16 06:13:59,2023-07-20 06:13:59,2023-08-01 19:13:59,2023-07-30 19:13:59
ORD_0000677,CUST_000119,delivered,2023-08-07 03:22:20,2023-08-07 15:22:20,2023-08-10 15:22:20,2023-08-23 03:22:20,2023-08-23 03:22:20
ORD_0000678,CUST_000034,delivered,2024-11-04 08:41:39,2024-11-05 08:41:39,2024-11-07 08:41:39,2024-11-12 08:41:39,2024-11-15 08:41:39
ORD_0000679,CUST_000155,delivered,2025-02-24 19:31:06,2025-02-26 17:31:06,2025-03-03 17:31:06,2025-03-07 19:31:06,2025-03-13 19:31:06
ORD_0000680,CUST_000167,delivered,2024-10-08 22:24:43,2024-10-10 19:24:43,2024-10-12 19:24:43,2024-10-30 22:24:43,2024-11-06 22:24:43
ORD_0000681,CUST_000390,delivered,2024-12-05 10:54:42,2024-12-06 17:54:42,2024-12-07 17:54:42,2024-12-20 10:54:42,2024-12-23 10:54:42
ORD_0000682,CUST_000262,delivered,2024-10-17 23:14:32,2024-10-19 13:14:32,2024-10-20 13:14:32,2024-10-22 23:14:32,2024-10-22 23:14:32
ORD_0000683,CUST_000011,delivered,2024-09-23 03:19:15,2024-09-25 03:19:15,2024-09-27 03:19:15,2024-10-08 03:19:15,2024-10-10 03:19:15
ORD_0000684,CUST_000256,delivered,2023-10-31 06:09:24,2023-10-31 20:09:24,2023-11-02 20:09:24,2023-11-07 06:09:24,2023-11-13 06:09:24
ORD_0000685,CUST_000485,delivered,2024-03-30 23:56:21,2024-03-31 08:56:21,2024-04-01 08:56:21,2024-04-05 23:56:21,2024-04-12 23:56:21
ORD_0000686,CUST_000417,delivered,2023-10-23 00:14:54,2023-10-24 23:14:54,2023-10-26 23:14:54,2023-10-30 00:14:54,2023-10-30 00:14:54
ORD_0000687,CUST_000277,delivered,2023-02-25 21:15:51,2023-02-27 17:15:51,2023-03-01 17:15:51,2023-03-02 21:15:51,2023-03-04 21:15:51
ORD_0000688,CUST_000094,delivered,2024-03-28 20:00:04,2024-03-30 04:00:04,2024-04-01 04:00:04,2024-04-05 20:00:04,2024-04-02 20:00:04
ORD_0000689,CUST_000325,delivered,2023-05-25 06:08:05,2023-05-25 18:08:05,2023-05-27 18:08:05,2023-06-08 06:08:05,2023-06-12 06:08:05
ORD_0000690,CUST_000160,delivered,2023-06-18 23:12:15,2023-06-20 03:12:15,2023-06-22 03:12:15,2023-07-01 23:12:15,2023-07-02 23:12:15
ORD_0000691,CUST_000147,shipped,2024-08-13 14:40:12,2024-08-14 08:40:12,2024-08-18 08:40:12,,2024-08-31 14:40:12
ORD_0000692,CUST_000194,delivered,2023-06-21 15:28:27,2023-06-23 00:28:27,2023-06-27 00:28:27,2023-07-03 15:28:27,2023-07-02 15:28:27
ORD_0000693,CUST_000420,delivered,2025-03-23 15:01:48,2025-03-24 16:01:48,2025-03-25 16:01:48,2025-03-31 15:01:48,2025-04-06 15:01:48
ORD_0000694,CUST_000276,delivered,2023-06-06 17:46:11,2023-06-07 10:46:11,2023-06-10 10:46:11,2023-06-15 17:46:11,2023-06-19 17:46:11
ORD_0000695,CUST_000146,delivered,2024-01-20 17:38:30,2024-01-20 22:38:30,2024-01-24 22:38:30,2024-01-30 17:38:30,2024-01-27 17:38:30
ORD_0000696,CUST_000007,delivered,2024-05-27 23:46:23,2024-05-29 07:46:23,2024-06-02 07:46:23,2024-06-10 23:46:23,2024-06-13 23:46:23
ORD_0000697,CUST_000497,delivered,2025-01-30 11:24:31,2025-01-31 07:24:31,2025-02-05 07:24:31,2025-02-12 11:24:31,2025-02-10 11:24:31
ORD_0000698,CUST_000198,canceled,2024-08-02 05:12:48,2024-08-03 09:12:48,,,2024-08-20 05:12:48
ORD_0000699,CUST_000261,delivered,2024-12-27 15:40:44,2024-12-28 15:40:44,2025-01-01 15:40:44,2025-01-17 15:40:44,2025-01-17 15:40:44
ORD_0000700,CUST_000245,delivered,2023-02-05 11:40:45,2023-02-07 07:40:45,2023-02-09 07:40:45,2023-02-11 11:40:45,2023-02-12 11:40:45
ORD_0000701,CUST_000310,delivered,2024-04-11 21:09:16,2024-04-12 13:09:16,2024-04-14 13:09:16,2024-04-26 21:09:16,2024-05-03 21:09:16
ORD_0000702,CUST_000365,delivered,2024-01-29 12:45:37,2024-01-29 18:45:37,2024-01-31 18:45:37,2024-02-15 12:45:37,2024-02-18 12:45:37
ORD_0000703,CUST_000085,delivered,2025-04-29 13:16:44,2025-04-30 09:16:44,2025-05-05 09:16:44,2025-05-05 13:16:44,2025-05-06 13:16:44
ORD_0000704,CUST_000376,delivered,2024-02-26 23:55:05,2024-02-27 06:55:05,2024-03-01 06:55:05,2024-03-08 23:55:05,2024-03-07 23:55:05
ORD_0000705,CUST_000138,delivered,2025-02-05 06:59:47,2025-02-06 08:59:47,2025-02-07 08:59:47,2025-02-22 06:59:47,2025-02-19 06:59:47
ORD_0000706,CUST_000050,delivered,2023-03-13 22:26:33,2023-03-15 01:26:33,2023-03-19 01:26:33,2023-03-22 22:26:33,2023-03-21 22:26:33
ORD_0000707,CUST_000091,delivered,2024-01-19 05:45:08,2024-01-19 18:45:08,2024-01-24 18:45:08,2024-02-02 05:45:08,2024-02-02 05:45:08
ORD_0000708,CUST_000096,delivered,2023-07-25 01:47:11,2023-07-25 14:47:11,2023-07-29 14:47:11,2023-08-01 01:47:11,2023-08-05 01:47:11
ORD_0000709,CUST_000321,delivered,2024-10-01 03:55:40,2024-10-01 14:55:40,2024-10-02 14:55:40,2024-10-16 03:55:40,2024-10-18 03:55:40
ORD_0000710,CUST_000016,delivered,2024-08-22 07:30:31,2024-08-24 03:30:31,2024-08-25 03:30:31,2024-08-31 07:30:31,2024-08-28 07:30:31
ORD_0000711,CUST_000137,delivered,2025-02-08 00:42:37,2025-02-08 03:42:37,2025-02-13 03:42:37,2025-02-20 00:42:37,2025-02-25 00:42:37
ORD_0000712,CUST_000493,delivered,2025-02-18 08:59:31,2025-02-19 15:59:31,2025-02-24 15:59:31,2025-03-01 08:59:31,2025-03-04 08:59:31
ORD_0000713,CUST_000173,delivered,2024-01-15 21:56:21,2024-01-16 18:56:21,2024-01-19 18:56:21,2024-01-21 21:56:21,2024-01-18 21:56:21
ORD_0000714,CUST_000500,delivered,2023-12-31 10:51:06,2023-12-31 11:51:06,2024-01-04 11:51:06,2024-01-13 10:51:06,2024-01-12 10:51:06
ORD_0000715,CUST_000014,canceled,2024-09-08 03:55:33,2024-09-08 21:55:33,,,2024-09-20 03:55:33
ORD_0000716,CUST_000317,delivered,2024-12-03 21:55:30,2024-12-05 06:55:30,2024-12-07 06:55:30,2024-12-11 21:55:30,2024-12-08 21:55:30
ORD_0000717,CUST_000327,shipped,2025-04-12 10:01:40,2025-04-13 10:01:40,2025-04-16 10:01:40,,2025-04-30 10:01:40
ORD_0000718,CUST_000205,delivered,2025-01-26 19:50:05,2025-01-27 18:50:05,2025-01-31 18:50:05,2025-02-04 19:50:05,2025-02-11 19:50:05
ORD_0000719,CUST_000439,delivered,2024-12-17 03:46:24,2024-12-17 22:46:24,2024-12-19 22:46:24,2025-01-04 03:46:24,2025-01-09 03:46:24
ORD_0000720,CUST_000017,delivered,2023-05-11 15:50:05,2023-05-12 11:50:05,2023-05-17 11:50:05,2023-05-20 15:50:05,2023-05-24 15:50:05
ORD_0000721,CUST_000087,delivered,2024-04-01 03:30:42,2024-04-02 14:30:42,2024-04-04 14:30:42,2024-04-16 03:30:42,2024-04-14 03:30:42
ORD_0000722,CUST_000055,processing,2024-03-21 22:01:10,2024-03-22 19:01:10,,,2024-04-05 22:01:10
ORD_0000723,CUST_000113,delivered,2025-01-06 08:42:30,2025-01-08 03:42:30,2025-01-10 03:42:30,2025-01-17 08:42:30,2025-01-21 08:42:30
ORD_0000724,CUST_000047,processing,2025-03-25 22:21:55,2025-03-26 13:21:55,,,2025-04-06 22:21:55
ORD_0000725,CUST_000034,delivered,2024-10-21 10:24:58,2024-10-23 08:24:58,2024-10-27 08:24:58,2024-10-26 10:24:58,2024-10-29 10:24:58
ORD_0000726,CUST_000414,delivered,2023-08-27 07:16:07,2023-08-28 02:16:07,2023-08-29 02:16:07,2023-09-02 07:16:07,2023-09-04 07:16:07
ORD_0000727,CUST_000380,delivered,2024-08-29 06:47:07,2024-08-30 19:47:07,2024-09-02 19:47:07,2024-09-15 06:47:07,2024-09-12 06:47:07
ORD_0000728,CUST_000160,unavailable,2023-03-05 18:34:12,2023-03-06 19:34:12,,,2023-03-17 18:34:12
ORD_0000729,CUST_000395,delivered,2024-01-09 21:59:50,2024-01-10 06:59:50,2024-01-15 06:59:50,2024-01-24 21:59:50,2024-01-21 21:59:50
ORD_0000730,CUST_000276,shipped,2024-04-16 10:09:52,2024-04-17 05:09:52,2024-04-21 05:09:52,,2024-05-08 10:09:52
ORD_0000731,CUST_000234,delivered,2023-05-31 19:18:09,2023-06-02 19:18:09,2023-06-03 19:18:09,2023-06-11 19:18:09,2023-06-09 19:18:09
ORD_0000732,CUST_000141,delivered,2024-12-24 18:30:40,2024-12-25 08:30:40,2024-12-29 08:30:40,2025-01-08 18:30:40,2025-01-05 18:30:40
ORD_0000733,CUST_000415,shipped,2023-12-08 04:52:45,2023-12-08 18:52:45,2023-12-10 18:52:45,,2023-12-20 04:52:45
ORD_0000734,CUST_000439,processing,2024-05-14 23:25:19,2024-05-16 18:25:19,,,2024-05-26 23:25:19
ORD_0000735,CUST_000012,delivered,2024-07-15 12:21:27,2024-07-17 08:21:27,2024-07-20 08:21:27,2024-07-26 12:21:27,2024-07-31 12:21:27
ORD_0000736,CUST_000373,delivered,2023-10-17 09:44:59,2023-10-17 22:44:59,2023-10-22 22:44:59,2023-10-25 09:44:59,2023-10-28 09:44:59
ORD_0000737,CUST_000050,shipped,2023-05-15 10:48:50,2023-05-17 00:48:50,2023-05-18 00:48:50,,2023-06-01 10:48:50
ORD_0000738,CUST_000336,delivered,2023-06-17 18:08:28,2023-06-19 15:08:28,2023-06-21 15:08:28,2023-06-23 18:08:28,2023-06-23 18:08:28
ORD_0000739,CUST_000112,delivered,2025-04-03 23:12:47,2025-04-05 17:12:47,2025-04-10 17:12:47,2025-04-17 23:12:47,2025-04-16 23:12:47
ORD_0000740,CUST_000193,delivered,2024-03-13 21:53:10,2024-03-14 01:53:10,2024-03-18 01:53:10,2024-03-31 21:53:10,2024-03-30 21:53:10
ORD_0000741,CUST_000484,delivered,2023-02-23 03:32:41,2023-02-24 01:32:41,2023-02-26 01:32:41,2023-03-01 03:32:41,2023-02-26 03:32:41
ORD_0000742,CUST_000061,delivered,2023-09-04 12:31:19,2023-09-06 09:31:19,2023-09-08 09:31:19,2023-09-10 12:31:19,2023-09-17 12:31:19
ORD_0000743,CUST_000382,delivered,2024-01-20 22:50:42,2024-01-22 17:50:42,2024-01-26 17:50:42,2024-02-03 22:50:42,2024-02-04 22:50:42
ORD_0000744,CUST_000324,delivered,2024-10-30 14:23:00,2024-10-30 22:23:00,2024-10-31 22:23:00,2024-11-03 14:23:00,2024-11-07 14:23:00
ORD_0000745,CUST_000329,delivered,2024-11-15 16:14:01,2024-11-17 06:14:01,2024-11-22 06:14:01,2024-11-18 16:14:01,2024-11-16 16:14:01
ORD_0000746,CUST_000407,delivered,2024-08-30 05:24:30,2024-08-31 23:24:30,2024-09-03 23:24:30,2024-09-07 05:24:30,2024-09-13 05:24:30
ORD_0000747,CUST_000065,delivered,2023-04-12 10:04:45,2023-04-13 21:04:45,2023-04-14 21:04:45,2023-04-18 10:04:45,2023-04-23 10:04:45
ORD_0000748,CUST_000251,delivered,2023-03-07 16:53:37,2023-03-09 03:53:37,2023-03-10 03:53:37,2023-03-18 16:53:37,2023-03-18 16:53:37
ORD_0000749,CUST_000495,delivered,2024-11-05 03:11:55,2024-11-06 18:11:55,2024-11-07 18:11:55,2024-11-17 03:11:55,2024-11-15 03:11:55
ORD_0000750,CUST_000021,delivered,2023-05-12 18:13:41,2023-05-13 05:13:41,2023-05-16 05:13:41,2023-05-21 18:13:41,2023-05-18 18:13:41
ORD_0000751,CUST_000044,delivered,2023-05-08 16:19:23,2023-05-10 03:19:23,2023-05-11 03:19:23,2023-05-19 16:19:23,2023-05-24 16:19:23
ORD_0000752,CUST_000464,delivered,2025-03-12 09:42:34,2025-03-13 14:42:34,2025-03-17 14:42:34,2025-03-24 09:42:34,2025-03-26 09:42:34
ORD_0000753,CUST_000268,delivered,2023-12-27 19:34:32,2023-12-28 09:34:32,2023-12-29 09:34:32,2024-01-06 19:34:32,2024-01-07 19:34:32
ORD_0000754,CUST_000439,delivered,2023-08-09 04:38:35,2023-08-09 18:38:35,2023-08-12 18:38:35,2023-08-25 04:38:35,2023-08-24 04:38:35
ORD_0000755,CUST_000374,delivered,2024-09-29 13:04:35,2024-09-30 06:04:35,2024-10-02 06:04:35,2024-10-11 13:04:35,2024-10-12 13:04:35
ORD_0000756,CUST_000347,delivered,2024-03-11 22:09:34,2024-03-12 12:09:34,2024-03-15 12:09:34,2024-03-23 22:09:34,2024-03-30 22:09:34
ORD_0000757,CUST_000357,delivered,2024-10-23 06:45:23,2024-10-24 19:45:23,2024-10-29 19:45:23,2024-10-28 06:45:23,2024-10-27 06:45:23
ORD_0000758,CUST_000162,delivered,2025-03-17 13:24:01,2025-03-19 04:24:01,2025-03-22 04:24:01,2025-03-30 13:24:01,2025-03-28 13:24:01
ORD_0000759,CUST_000273,delivered,2023-04-23 21:35:26,2023-04-24 02:35:26,2023-04-25 02:35:26,2023-04-29 21:35:26,2023-04-30 21:35:26
ORD_0000760,CUST_000075,delivered,2025-03-28 07:17:00,2025-03-28 14:17:00,2025-03-30 14:17:00,2025-04-10 07:17:00,2025-04-13 07:17:00
ORD_0000761,CUST_000488,shipped,2023-04-18 03:11:33,2023-04-20 02:11:33,2023-04-25 02:11:33,,2023-05-06 03:11:33
ORD_0000762,CUST_000179,delivered,2024-12-18 18:55:18,2024-12-20 06:55:18,2024-12-21 06:55:18,2024-12-26 18:55:18,2024-12-23 18:55:18
ORD_0000763,CUST_000088,delivered,2023-11-22 12:11:22,2023-11-24 12:11:22,2023-11-29 12:11:22,2023-12-02 12:11:22,2023-12-05 12:11:22
ORD_0000764,CUST_000245,delivered,2024-08-29 04:16:00,2024-08-31 00:16:00,2024-09-02 00:16:00,2024-09-04 04:16:00,2024-09-11 04:16:00
ORD_0000765,CUST_000065,delivered,2023-05-27 12:36:47,2023-05-28 06:36:47,2023-05-31 06:36:47,2023-06-05 12:36:47,2023-06-11 12:36:47
ORD_0000766,CUST_000215,delivered,2024-12-24 14:11:28,2024-12-25 13:11:28,2024-12-30 13:11:28,2024-12-30 14:11:28,2024-12-31 14:11:28
ORD_0000767,CUST_000142,delivered,2024-03-14 16:45:56,2024-03-15 07:45:56,2024-03-16 07:45:56,2024-03-27 16:45:56,2024-03-29 16:45:56
ORD_0000768,CUST_000433,delivered,2023-04-03 20:05:04,2023-04-05 19:05:04,2023-04-06 19:05:04,2023-04-15 20:05:04,2023-04-14 20:05:04
ORD_0000769,CUST_000295,processing,2023-02-28 02:47:18,2023-03-01 14:47:18,,,2023-03-11 02:47:18
ORD_0000770,CUST_000347,delivered,2024-06-04 23:08:30,2024-06-06 07:08:30,2024-06-11 07:08:30,2024-06-15 23:08:30,2024-06-13 23:08:30
ORD_0000771,CUST_000208,delivered,2023-01-15 19:12:58,2023-01-17 19:12:58,2023-01-21 19:12:58,2023-01-25 19:12:58,2023-01-25 19:12:58
ORD_0000772,CUST_000379,delivered,2024-11-08 16:43:38,2024-11-08 19:43:38,2024-11-10 19:43:38,2024-11-16 16:43:38,2024-11-23 16:43:38
ORD_0000773,CUST_000477,delivered,2025-02-21 16:57:14,2025-02-22 04:57:14,2025-02-24 04:57:14,2025-02-25 16:57:14,2025-02-28 16:57:14
ORD_0000774,CUST_000254,processing,2024-01-24 05:23:07,2024-01-25 03:23:07,,,2024-02-04 05:23:07
ORD_0000775,CUST_000426,delivered,2024-07-06 03:18:19,2024-07-07 10:18:19,2024-07-09 10:18:19,2024-07-22 03:18:19,2024-07-25 03:18:19
ORD_0000776,CUST_000112,canceled,2023-11-09 20:32:52,2023-11-09 23:32:52,,,2023-11-25 20:32:52
ORD_0000777,CUST_000435,delivered,2024-05-14 01:22:00,2024-05-15 17:22:00,2024-05-18 17:22:00,2024-05-24 01:22:00,2024-05-23 01:22:00
ORD_0000778,CUST_000206,delivered,2023-12-30 00:06:27,2023-12-31 08:06:27,2024-01-05 08:06:27,2024-01-16 00:06:27,2024-01-21 00:06:27
ORD_0000779,CUST_000461,delivered,2023-06-07 13:07:58,2023-06-08 21:07:58,2023-06-11 21:07:58,2023-06-15 13:07:58,2023-06-16 13:07:58
ORD_0000780,CUST_000187,delivered,2024-03-14 05:34:51,2024-03-14 23:34:51,2024-03-18 23:34:51,2024-04-02 05:34:51,2024-04-09 05:34:51
ORD_0000781,CUST_000430,delivered,2024-03-25 05:08:22,2024-03-27 05:08:22,2024-03-30 05:08:22,2024-04-11 05:08:22,2024-04-09 05:08:22
ORD_0000782,CUST_000098,delivered,2023-10-19 01:08:25,2023-10-20 04:08:25,2023-10-21 04:08:25,2023-10-27 01:08:25,2023-10-26 01:08:25
ORD_0000783,CUST_000342,delivered,2023-07-23 15:42:17,2023-07-23 23:42:17,2023-07-28 23:42:17,2023-07-26 15:42:17,2023-07-25 15:42:17
ORD_0000784,CUST_000167,shipped,2025-02-08 12:32:46,2025-02-10 12:32:46,2025-02-14 12:32:46,,2025-02-22 12:32:46
ORD_0000785,CUST_000057,delivered,2023-04-21 00:08:09,2023-04-21 23:08:09,2023-04-23 23:08:09,2023-05-04 00:08:09,2023-05-07 00:08:09
ORD_0000786,CUST_000500,delivered,2024-09-03 23:00:27,2024-09-05 06:00:27,2024-09-09 06:00:27,2024-09-21 23:00:27,2024-09-19 23:00:27
ORD_0000787,CUST_000390,delivered,2024-03-15 07:39:09,2024-03-17 06:39:09,2024-03-19 06:39:09,2024-04-01 07:39:09,2024-04-02 07:39:09
ORD_0000788,CUST_000359,delivered,2023-09-11 21:52:27,2023-09-12 10:52:27,2023-09-13 10:52:27,2023-09-20 21:52:27,2023-09-25 21:52:27
ORD_0000789,CUST_000313,delivered,2023-07-05 06:54:37,2023-07-06 23:54:37,2023-07-08 23:54:37,2023-07-17 06:54:37,2023-07-18 06:54:37
ORD_0000790,CUST_000099,delivered,2023-05-30 13:01:39,2023-05-31 02:01:39,2023-06-01 02:01:39,2023-06-12 13:01:39,2023-06-15 13:01:39
ORD_0000791,CUST_000209,delivered,2024-06-21 09:44:40,2024-06-22 00:44:40,2024-06-26 00:44:40,2024-06-25 09:44:40,2024-07-02 09:44:40
ORD_0000792,CUST_000027,canceled,2023-11-08 03:17:23,2023-11-08 21:17:23,,,2023-11-26 03:17:23
ORD_0000793,CUST_000127,delivered,2023-11-24 01:11:02,2023-11-24 02:11:02,2023-11-27 02:11:02,2023-12-03 01:11:02,2023-12-09 01:11:02
ORD_0000794,CUST_000052,delivered,2024-03-17 05:16:31,2024-03-18 05:16:31,2024-03-19 05:16:31,2024-04-01 05:16:31,2024-03-30 05:16:31
ORD_0000795,CUST_000343,delivered,2023-01-14 21:35:49,2023-01-15 06:35:49,2023-01-18 06:35:49,2023-01-22 21:35:49,2023-01-28 21:35:49
ORD_0000796,CUST_000191,delivered,2023-09-01 20:17:13,2023-09-03 10:17:13,2023-09-04 10:17:13,2023-09-15 20:17:13,2023-09-14 20:17:13
ORD_0000797,CUST_000323,canceled,2025-01-30 19:07:02,2025-02-01 09:07:02,,,2025-02-11 19:07:02
ORD_0000798,CUST_000361,delivered,2024-04-01 03:04:34,2024-04-02 19:04:34,2024-04-06 19:04:34,2024-04-05 03:04:34,2024-04-05 03:04:34
ORD_0000799,CUST_000274,delivered,2025-01-08 04:02:08,2025-01-08 17:02:08,2025-01-11 17:02:08,2025-01-26 04:02:08,2025-01-31 04:02:08
ORD_0000800,CUST_000500,delivered,2023-12-22 11:28:40,2023-12-24 09:28:40,2023-12-28 09:28:40,2024-01-04 11:28:40,2024-01-02 11:28:40
ORD_0000801,CUST_000248,delivered,2024-03-05 16:59:32,2024-03-05 18:59:32,2024-03-08 18:59:32,2024-03-14 16:59:32,2024-03-11 16:59:32
ORD_0000802,CUST_000490,delivered,2024-08-02 01:50:44,2024-08-02 14:50:44,2024-08-06 14:50:44,2024-08-12 01:50:44,2024-08-16 01:50:44
ORD_0000803,CUST_000351,delivered,2024-06-29 16:04:10,2024-06-30 21:04:10,2024-07-04 21:04:10,2024-07-04 16:04:10,2024-07-10 16:04:10
ORD_0000804,CUST_000140,delivered,2023-07-31 05:00:10,2023-08-01 18:00:10,2023-08-02 18:00:10,2023-08-10 05:00:10,2023-08-15 05:00:10
ORD_0000805,CUST_000234,delivered,2024-05-30 22:46:33,2024-05-31 15:46:33,2024-06-02 15:46:33,2024-06-11 22:46:33,2024-06-09 22:46:33
ORD_0000806,CUST_000088,delivered,2023-08-18 01:34:15,2023-08-18 20:34:15,2023-08-20 20:34:15,2023-09-06 01:34:15,2023-09-07 01:34:15
ORD_0000807,CUST_000475,delivered,2023-05-17 08:55:50,2023-05-17 12:55:50,2023-05-19 12:55:50,2023-05-29 08:55:50,2023-05-27 08:55:50
ORD_0000808,CUST_000001,delivered,2024-10-26 11:40:38,2024-10-27 11:40:38,2024-11-01 11:40:38,2024-11-06 11:40:38,2024-11-07 11:40:38
ORD_0000809,CUST_000370,delivered,2023-05-17 13:57:39,2023-05-18 08:57:39,2023-05-19 08:57:39,2023-05-27 13:57:39,2023-05-29 13:57:39
ORD_0000810,CUST_000113,delivered,2025-01-18 08:11:16,2025-01-18 10:11:16,2025-01-23 10:11:16,2025-01-25 08:11:16,2025-01-23 08:11:16
ORD_0000811,CUST_000370,shipped,2025-02-02 22:24:41,2025-02-03 15:24:41,2025-02-08 15:24:41,,2025-02-07 22:24:41
ORD_0000812,CUST_000167,delivered,2023-10-03 06:37:40,2023-10-04 08:37:40,2023-10-06 08:37:40,2023-10-17 06:37:40,2023-10-20 06:37:40
ORD_0000813,CUST_000189,delivered,2023-06-01 15:05:31,2023-06-02 03:05:31,2023-06-04 03:05:31,2023-06-14 15:05:31,2023-06-13 15:05:31
ORD_0000814,CUST_000332,delivered,2023-10-16 00:19:10,2023-10-16 12:19:10,2023-10-21 12:19:10,2023-10-27 00:19:10,2023-10-27 00:19:10
ORD_0000815,CUST_000036,processing,2023-05-27 02:27:15,2023-05-28 08:27:15,,,2023-06-17 02:27:15
ORD_0000816,CUST_000071,delivered,2025-01-14 00:38:06,2025-01-15 01:38:06,2025-01-16 01:38:06,2025-01-27 00:38:06,2025-01-24 00:38:06
ORD_0000817,CUST_000391,delivered,2025-04-30 20:59:02,2025-05-01 05:59:02,2025-05-02 05:59:02,2025-05-09 20:59:02,2025-05-15 20:59:02
ORD_0000818,CUST_000007,delivered,2025-03-22 00:50:06,2025-03-23 11:50:06,2025-03-26 11:50:06,2025-04-06 00:50:06,2025-04-04 00:50:06
ORD_0000819,CUST_000104,delivered,2023-05-23 15:48:36,2023-05-24 20:48:36,2023-05-27 20:48:36,2023-05-30 15:48:36,2023-05-27 15:48:36
ORD_0000820,CUST_000279,delivered,2024-12-09 08:40:34,2024-12-09 16:40:34,2024-12-10 16:40:34,2024-12-18 08:40:34,2024-12-16 08:40:34
ORD_0000821,CUST_000279,delivered,2023-10-31 03:32:56,2023-11-01 06:32:56,2023-11-03 06:32:56,2023-11-11 03:32:56,2023-11-10 03:32:56
ORD_0000822,CUST_000181,delivered,2024-11-02 09:14:58,2024-11-04 05:14:58,2024-11-05 05:14:58,2024-11-14 09:14:58,2024-11-18 09:14:58
ORD_0000823,CUST_000087,delivered,2023-04-23 07:06:18,2023-04-24 06:06:18,2023-04-27 06:06:18,2023-05-09 07:06:18,2023-05-07 07:06:18
ORD_0000824,CUST_000459,delivered,2023-02-14 19:09:11,2023-02-15 23:09:11,2023-02-20 23:09:11,2023-02-26 19:09:11,2023-02-25 19:09:11
ORD_0000825,CUST_000348,delivered,2024-03-11 04:57:42,2024-03-13 00:57:42,2024-03-16 00:57:42,2024-03-18 04:57:42,2024-03-22 04:57:42
ORD_0000826,CUST_000339,delivered,2024-01-13 08:51:58,2024-01-15 06:51:58,2024-01-16 06:51:58,2024-01-22 08:51:58,2024-01-21 08:51:58
ORD_0000827,CUST_000399,delivered,2024-11-02 04:20:09,2024-11-03 05:20:09,2024-11-07 05:20:09,2024-11-18 04:20:09,2024-11-21 04:20:09
ORD_0000828,CUST_000492,unavailable,2025-01-14 08:09:05,2025-01-15 05:09:05,,,2025-01-19 08:09:05
ORD_0000829,CUST_000393,delivered,2024-01-30 11:20:31,2024-01-31 15:20:31,2024-02-04 15:20:31,2024-02-03 11:20:31,2024-02-02 11:20:31
ORD_0000830,CUST_000411,delivered,2024-10-31 07:24:26,2024-11-01 19:24:26,2024-11-06 19:24:26,2024-11-05 07:24:26,2024-11-09 07:24:26
ORD_0000831,CUST_000273,delivered,2024-07-03 07:24:05,2024-07-04 21:24:05,2024-07-09 21:24:05,2024-07-07 07:24:05,2024-07-07 07:24:05
ORD_0000832,CUST_000360,unavailable,2023-03-31 07:23:00,2023-03-31 21:23:00,,,2023-04-03 07:23:00
ORD_0000833,CUST_000186,delivered,2024-07-25 15:08:58,2024-07-25 23:08:58,2024-07-28 23:08:58,2024-07-29 15:08:58,2024-07-28 15:08:58
ORD_0000834,CUST_000151,unavailable,2024-04-16 04:53:54,2024-04-17 16:53:54,,,2024-05-01 04:53:54
ORD_0000835,CUST_000125,delivered,2023-08-04 07:03:47,2023-08-04 16:03:47,2023-08-06 16:03:47,2023-08-11 07:03:47,2023-08-14 07:03:47
ORD_0000836,CUST_000191,delivered,2023-02-25 22:06:42,2023-02-27 12:06:42,2023-03-04 12:06:42,2023-03-15 22:06:42,2023-03-14 22:06:42
ORD_0000837,CUST_000016,delivered,2023-05-31 11:09:05,2023-06-01 03:09:05,2023-06-06 03:09:05,2023-06-09 11:09:05,2023-06-08 11:09:05
ORD_0000838,CUST_000241,canceled,2025-01-31 04:47:33,2025-02-02 01:47:33,,,2025-02-09 04:47:33
ORD_0000839,CUST_000211,delivered,2025-01-09 10:28:50,2025-01-11 04:28:50,2025-01-14 04:28:50,2025-01-22 10:28:50,2025-01-29 10:28:50
ORD_0000840,CUST_000017,delivered,2024-09-10 05:32:10,2024-09-10 06:32:10,2024-09-14 06:32:10,2024-09-24 05:32:10,2024-10-01 05:32:10
ORD_0000841,CUST_000486,processing,2024-04-10 17:45:53,2024-04-11 10:45:53,,,2024-04-20 17:45:53
ORD_0000842,CUST_000477,unavailable,2023-06-10 08:05:33,2023-06-11 09:05:33,,,2023-06-20 08:05:33
ORD_0000843,CUST_000381,delivered,2023-08-05 12:39:03,2023-08-06 03:39:03,2023-08-11 03:39:03,2023-08-12 12:39:03,2023-08-16 12:39:03
ORD_0000844,CUST_000245,delivered,2023-11-17 20:41:25,2023-11-18 21:41:25,2023-11-21 21:41:25,2023-11-24 20:41:25,2023-12-01 20:41:25
ORD_0000845,CUST_000218,delivered,2023-07-19 08:06:06,2023-07-19 13:06:06,2023-07-22 13:06:06,2023-08-02 08:06:06,2023-08-07 08:06:06
ORD_0000846,CUST_000055,delivered,2023-03-08 06:38:00,2023-03-09 02:38:00,2023-03-11 02:38:00,2023-03-16 06:38:00,2023-03-23 06:38:00
ORD_0000847,CUST_000476,delivered,2023-02-03 07:17:05,2023-02-04 20:17:05,2023-02-09 20:17:05,2023-02-16 07:17:05,2023-02-13 07:17:05
ORD_0000848,CUST_000162,canceled,2023-04-06 09:00:22,2023-04-07 04:00:22,,,2023-04-25 09:00:22
ORD_0000849,CUST_000100,delivered,2023-11-19 12:46:22,2023-11-19 21:46:22,2023-11-20 21:46:22,2023-11-24 12:46:22,2023-11-29 12:46:22
ORD_0000850,CUST_000052,delivered,2024-05-29 04:01:37,2024-05-30 05:01:37,2024-05-31 05:01:37,2024-06-15 04:01:37,2024-06-16 04:01:37
ORD_0000851,CUST_000083,delivered,2023-06-05 21:29:05,2023-06-07 14:29:05,2023-06-09 14:29:05,2023-06-17 21:29:05,2023-06-24 21:29:05
ORD_0000852,CUST_000073,unavailable,2025-02-26 22:10:32,2025-02-28 08:10:32,,,2025-03-10 22:10:32
ORD_0000853,CUST_000334,delivered,2024-06-19 10:28:50,2024-06-19 19:28:50,2024-06-22 19:28:50,2024-06-30 10:28:50,2024-06-27 10:28:50
ORD_0000854,CUST_000457,unavailable,2024-12-30 21:24:15,2024-12-31 11:24:15,,,2025-01-14 21:24:15
ORD_0000855,CUST_000039,delivered,2023-06-06 18:40:31,2023-06-07 01:40:31,2023-06-09 01:40:31,2023-06-20 18:40:31,2023-06-18 18:40:31
ORD_0000856,CUST_000256,delivered,2023-04-07 14:20:10,2023-04-08 09:20:10,2023-04-11 09:20:10,2023-04-12 14:20:10,2023-04-18 14:20:10
ORD_0000857,CUST_000187,delivered,2023-12-28 02:04:11,2023-12-30 00:04:11,2024-01-02 00:04:11,2024-01-21 02:04:11,2024-01-25 02:04:11
ORD_0000858,CUST_000333,delivered,2023-05-24 03:36:31,2023-05-24 06:36:31,2023-05-27 06:36:31,2023-06-04 03:36:31,2023-06-07 03:36:31
ORD_0000859,CUST_000210,delivered,2024-09-26 21:08:28,2024-09-27 21:08:28,2024-10-02 21:08:28,2024-10-15 21:08:28,2024-10-22 21:08:28
ORD_0000860,CUST_000212,delivered,2024-06-02 14:16:56,2024-06-04 10:16:56,2024-06-05 10:16:56,2024-06-09 14:16:56,2024-06-09 14:16:56
ORD_0000861,CUST_000359,delivered,2025-04-20 17:00:09,2025-04-21 00:00:09,2025-04-23 00:00:09,2025-04-22 17:00:09,2025-04-22 17:00:09
ORD_0000862,CUST_000199,delivered,2024-04-18 21:05:22,2024-04-20 03:05:22,2024-04-25 03:05:22,2024-04-23 21:05:22,2024-04-27 21:05:22
ORD_0000863,CUST_000056,delivered,2023-03-29 05:46:06,2023-03-30 07:46:06,2023-04-01 07:46:06,2023-04-11 05:46:06,2023-04-13 05:46:06
ORD_0000864,CUST_000310,delivered,2024-05-12 06:44:47,2024-05-13 13:44:47,2024-05-17 13:44:47,2024-05-23 06:44:47,2024-05-20 06:44:47
ORD_0000865,CUST_000280,delivered,2023-06-09 15:09:40,2023-06-10 05:09:40,2023-06-11 05:09:40,2023-06-22 15:09:40,2023-06-19 15:09:40
ORD_0000866,CUST_000480,delivered,2025-04-07 11:50:27,2025-04-08 18:50:27,2025-04-10 18:50:27,2025-04-14 11:50:27,2025-04-11 11:50:27
ORD_0000867,CUST_000488,delivered,2025-02-15 21:27:17,2025-02-16 14:27:17,2025-02-17 14:27:17,2025-02-28 21:27:17,2025-02-26 21:27:17
ORD_0000868,CUST_000153,delivered,2024-12-30 14:55:26,2025-01-01 00:55:26,2025-01-04 00:55:26,2025-01-09 14:55:26,2025-01-08 14:55:26
ORD_0000869,CUST_000426,delivered,2023-02-25 02:57:57,2023-02-26 06:57:57,2023-03-01 06:57:57,2023-03-10 02:57:57,2023-03-13 02:57:57
ORD_0000870,CUST_000247,canceled,2024-05-01 17:44:50,2024-05-02 04:44:50,,,2024-05-16 17:44:50
ORD_0000871,CUST_000182,delivered,2024-12-10 18:24:52,2024-12-10 19:24:52,2024-12-15 19:24:52,2024-12-24 18:24:52,2024-12-30 18:24:52
ORD_0000872,CUST_000316,delivered,2023-05-29 10:42:52,2023-05-31 09:42:52,2023-06-03 09:42:52,2023-06-10 10:42:52,2023-06-07 10:42:52
ORD_0000873,CUST_000078,delivered,2024-04-14 04:31:55,2024-04-15 01:31:55,2024-04-19 01:31:55,2024-04-25 04:31:55,2024-04-29 04:31:55
ORD_0000874,CUST_000483,delivered,2023-05-09 20:28:40,2023-05-11 10:28:40,2023-05-13 10:28:40,2023-05-27 20:28:40,2023-05-27 20:28:40
ORD_0000875,CUST_000216,delivered,2024-12-14 17:49:10,2024-12-16 08:49:10,2024-12-19 08:49:10,2024-12-22 17:49:10,2024-12-29 17:49:10
ORD_0000876,CUST_000296,delivered,2023-01-15 11:52:23,2023-01-15 13:52:23,2023-01-18 13:52:23,2023-01-31 11:52:23,2023-02-05 11:52:23
ORD_0000877,CUST_000420,delivered,2023-05-08 22:31:41,2023-05-10 04:31:41,2023-05-13 04:31:41,2023-05-13 22:31:41,2023-05-18 22:31:41
ORD_0000878,CUST_000499,delivered,2025-02-22 10:07:59,2025-02-22 22:07:59,2025-02-25 22:07:59,2025-03-05 10:07:59,2025-03-04 10:07:59
ORD_0000879,CUST_000284,delivered,2024-09-01 05:34:27,2024-09-02 06:34:27,2024-09-06 06:34:27,2024-09-12 05:34:27,2024-09-10 05:34:27
ORD_0000880,CUST_000045,delivered,2025-04-05 03:05:41,2025-04-05 05:05:41,2025-04-09 05:05:41,2025-04-13 03:05:41,2025-04-11 03:05:41
ORD_0000881,CUST_000255,delivered,2025-02-06 19:59:34,2025-02-07 02:59:34,2025-02-12 02:59:34,2025-02-18 19:59:34,2025-02-19 19:59:34
ORD_0000882,CUST_000437,delivered,2024-03-06 06:14:49,2024-03-07 12:14:49,2024-03-08 12:14:49,2024-03-20 06:14:49,2024-03-20 06:14:49
ORD_0000883,CUST_000439,delivered,2024-04-25 03:22:50,2024-04-26 09:22:50,2024-04-30 09:22:50,2024-05-12 03:22:50,2024-05-12 03:22:50
ORD_0000884,CUST_000260,delivered,2023-10-18 08:56:42,2023-10-19 01:56:42,2023-10-23 01:56:42,2023-10-31 08:56:42,2023-11-07 08:56:42
ORD_0000885,CUST_000124,delivered,2023-01-05 13:02:00,2023-01-05 15:02:00,2023-01-08 15:02:00,2023-01-20 13:02:00,2023-01-26 13:02:00
ORD_0000886,CUST_000163,delivered,2023-12-10 05:36:27,2023-12-10 21:36:27,2023-12-14 21:36:27,2023-12-15 05:36:27,2023-12-15 05:36:27
ORD_0000887,CUST_000316,delivered,2024-10-21 12:53:03,2024-10-23 01:53:03,2024-10-27 01:53:03,2024-10-31 12:53:03,2024-11-02 12:53:03
ORD_0000888,CUST_000265,delivered,2023-06-12 13:14:06,2023-06-14 11:14:06,2023-06-19 11:14:06,2023-06-22 13:14:06,2023-06-20 13:14:06
ORD_0000889,CUST_000324,processing,2024-08-13 12:53:48,2024-08-15 05:53:48,,,2024-08-24 12:53:48
ORD_0000890,CUST_000105,delivered,2023-04-06 02:01:27,2023-04-06 03:01:27,2023-04-11 03:01:27,2023-04-12 02:01:27,2023-04-11 02:01:27
ORD_0000891,CUST_000015,delivered,2024-09-24 22:34:58,2024-09-25 04:34:58,2024-09-26 04:34:58,2024-10-05 22:34:58,2024-10-09 22:34:58
ORD_0000892,CUST_000325,processing,2024-10-08 11:11:15,2024-10-10 05:11:15,,,2024-10-22 11:11:15
ORD_0000893,CUST_000100,delivered,2024-07-02 07:46:49,2024-07-03 08:46:49,2024-07-04 08:46:49,2024-07-09 07:46:49,2024-07-16 07:46:49
ORD_0000894,CUST_000012,delivered,2024-10-15 18:55:06,2024-10-16 02:55:06,2024-10-21 02:55:06,2024-11-02 18:55:06,2024-10-31 18:55:06
ORD_0000895,CUST_000055,delivered,2023-05-26 09:16:57,2023-05-26 21:16:57,2023-05-30 21:16:57,2023-06-06 09:16:57,2023-06-06 09:16:57
ORD_0000896,CUST_000201,delivered,2023-04-14 15:50:01,2023-04-15 18:50:01,2023-04-16 18:50:01,2023-04-22 15:50:01,2023-04-22 15:50:01
ORD_0000897,CUST_000352,processing,2024-03-05 12:56:20,2024-03-07 05:56:20,,,2024-03-10 12:56:20
ORD_0000898,CUST_000463,shipped,2023-07-02 21:36:40,2023-07-04 12:36:40,2023-07-05 12:36:40,,2023-07-12 21:36:40
ORD_0000899,CUST_000178,delivered,2024-05-10 19:38:34,2024-05-10 20:38:34,2024-05-13 20:38:34,2024-05-22 19:38:34,2024-05-19 19:38:34
ORD_0000900,CUST_000275,delivered,2023-01-24 16:32:48,2023-01-25 02:32:48,2023-01-28 02:32:48,2023-02-03 16:32:48,2023-02-01 16:32:48
ORD_0000901,CUST_000461,delivered,2023-08-11 00:20:08,2023-08-11 15:20:08,2023-08-13 15:20:08,2023-08-18 00:20:08,2023-08-16 00:20:08
ORD_0000902,CUST_000179,delivered,2024-12-26 17:41:18,2024-12-27 23:41:18,2024-12-31 23:41:18,2025-01-10 17:41:18,2025-01-13 17:41:18
ORD_0000903,CUST_000263,delivered,2024-02-14 06:16:11,2024-02-14 19:16:11,2024-02-17 19:16:11,2024-02-23 06:16:11,2024-02-29 06:16:11
ORD_0000904,CUST_000160,shipped,2023-06-19 06:46:31,2023-06-20 10:46:31,2023-06-24 10:46:31,,2023-07-06 06:46:31
ORD_0000905,CUST_000383,delivered,2023-10-06 10:39:06,2023-10-08 01:39:06,2023-10-10 01:39:06,2023-10-13 10:39:06,2023-10-20 10:39:06
ORD_0000906,CUST_000420,canceled,2023-03-07 14:10:56,2023-03-07 17:10:56,,,2023-03-15 14:10:56
ORD_0000907,CUST_000301,canceled,2024-02-24 09:38:52,2024-02-26 03:38:52,,,2024-02-27 09:38:52
ORD_0000908,CUST_000093,delivered,2025-04-08 10:27:50,2025-04-08 22:27:50,2025-04-09 22:27:50,2025-04-15 10:27:50,2025-04-15 10:27:50
ORD_0000909,CUST_000337,delivered,2024-01-16 11:09:49,2024-01-17 08:09:49,2024-01-20 08:09:49,2024-01-22 11:09:49,2024-01-22 11:09:49
ORD_0000910,CUST_000239,delivered,2024-08-04 10:57:14,2024-08-05 22:57:14,2024-08-08 22:57:14,2024-08-14 10:57:14,2024-08-20 10:57:14
ORD_0000911,CUST_000109,delivered,2024-06-23 06:06:35,2024-06-24 00:06:35,2024-06-25 00:06:35,2024-07-03 06:06:35,2024-07-10 06:06:35
ORD_0000912,CUST_000388,delivered,2024-03-21 10:52:20,2024-03-21 23:52:20,2024-03-25 23:52:20,2024-03-27 10:52:20,2024-03-31 10:52:20
ORD_0000913,CUST_000024,delivered,2023-10-09 13:07:07,2023-10-10 18:07:07,2023-10-13 18:07:07,2023-10-15 13:07:07,2023-10-12 13:07:07
ORD_0000914,CUST_000146,unavailable,2023-01-19 20:50:54,2023-01-21 09:50:54,,,2023-01-30 20:50:54
ORD_0000915,CUST_000146,processing,2023-05-15 12:02:57,2023-05-16 23:02:57,,,2023-05-25 12:02:57
ORD_0000916,CUST_000241,delivered,2023-04-08 13:46:19,2023-04-09 07:46:19,2023-04-12 07:46:19,2023-04-17 13:46:19,2023-04-20 13:46:19
ORD_0000917,CUST_000041,delivered,2024-07-23 10:31:39,2024-07-23 14:31:39,2024-07-27 14:31:39,2024-07-26 10:31:39,2024-07-24 10:31:39
ORD_0000918,CUST_000432,delivered,2024-01-18 19:06:01,2024-01-19 10:06:01,2024-01-20 10:06:01,2024-01-26 19:06:01,2024-01-25 19:06:01
ORD_0000919,CUST_000054,delivered,2023-11-27 22:46:27,2023-11-28 13:46:27,2023-11-30 13:46:27,2023-12-12 22:46:27,2023-12-17 22:46:27
ORD_0000920,CUST_000003,delivered,2024-12-05 01:16:56,2024-12-05 04:16:56,2024-12-08 04:16:56,2024-12-07 01:16:56,2024-12-05 01:16:56
ORD_0000921,CUST_000136,delivered,2023-12-04 22:39:50,2023-12-05 23:39:50,2023-12-07 23:39:50,2023-12-15 22:39:50,2023-12-13 22:39:50
ORD_0000922,CUST_000065,delivered,2023-11-23 04:48:37,2023-11-24 07:48:37,2023-11-25 07:48:37,2023-12-01 04:48:37,2023-12-06 04:48:37
ORD_0000923,CUST_000271,unavailable,2023-09-04 18:30:42,2023-09-06 02:30:42,,,2023-09-15 18:30:42
ORD_0000924,CUST_000048,delivered,2023-09-28 09:45:05,2023-09-29 08:45:05,2023-10-01 08:45:05,2023-10-14 09:45:05,2023-10-21 09:45:05
ORD_0000925,CUST_000332,unavailable,2025-01-22 06:44:04,2025-01-22 11:44:04,,,2025-01-30 06:44:04
ORD_0000926,CUST_000240,delivered,2025-04-18 12:12:31,2025-04-18 19:12:31,2025-04-23 19:12:31,2025-04-29 12:12:31,2025-05-04 12:12:31
ORD_0000927,CUST_000264,delivered,2023-11-17 09:45:29,2023-11-19 03:45:29,2023-11-24 03:45:29,2023-11-28 09:45:29,2023-11-30 09:45:29
ORD_0000928,CUST_000198,delivered,2024-04-08 19:32:12,2024-04-09 21:32:12,2024-04-12 21:32:12,2024-04-22 19:32:12,2024-04-25 19:32:12
ORD_0000929,CUST_000085,delivered,2024-12-03 09:55:36,2024-12-05 03:55:36,2024-12-09 03:55:36,2024-12-14 09:55:36,2024-12-14 09:55:36
ORD_0000930,CUST_000009,delivered,2024-04-16 05:17:01,2024-04-17 12:17:01,2024-04-21 12:17:01,2024-04-20 05:17:01,2024-04-22 05:17:01
ORD_0000931,CUST_000136,delivered,2023-05-02 17:05:22,2023-05-03 21:05:22,2023-05-07 21:05:22,2023-05-06 17:05:22,2023-05-03 17:05:22
ORD_0000932,CUST_000226,delivered,2023-10-07 11:06:03,2023-10-09 05:06:03,2023-10-13 05:06:03,2023-10-18 11:06:03,2023-10-18 11:06:03
ORD_0000933,CUST_000151,delivered,2023-07-13 12:11:38,2023-07-14 06:11:38,2023-07-18 06:11:38,2023-07-19 12:11:38,2023-07-16 12:11:38
ORD_0000934,CUST_000331,processing,2023-09-12 03:14:07,2023-09-12 07:14:07,,,2023-09-26 03:14:07
ORD_0000935,CUST_000137,delivered,2023-09-02 02:34:06,2023-09-02 20:34:06,2023-09-07 20:34:06,2023-09-12 02:34:06,2023-09-15 02:34:06
ORD_0000936,CUST_000052,delivered,2023-08-14 23:52:56,2023-08-16 20:52:56,2023-08-18 20:52:56,2023-08-22 23:52:56,2023-08-21 23:52:56
ORD_0000937,CUST_000403,delivered,2023-07-28 11:40:18,2023-07-30 09:40:18,2023-07-31 09:40:18,2023-08-10 11:40:18,2023-08-16 11:40:18
ORD_0000938,CUST_000245,delivered,2025-01-26 09:54:58,2025-01-28 06:54:58,2025-01-31 06:54:58,2025-02-05 09:54:58,2025-02-12 09:54:58
ORD_0000939,CUST_000036,delivered,2023-06-20 05:21:57,2023-06-21 11:21:57,2023-06-22 11:21:57,2023-07-03 05:21:57,2023-06-30 05:21:57
ORD_0000940,CUST_000091,delivered,2023-09-28 02:10:43,2023-09-28 03:10:43,2023-10-02 03:10:43,2023-10-07 02:10:43,2023-10-13 02:10:43
ORD_0000941,CUST_000001,delivered,2024-05-15 07:30:07,2024-05-15 10:30:07,2024-05-20 10:30:07,2024-05-25 07:30:07,2024-05-25 07:30:07
ORD_0000942,CUST_000269,delivered,2024-05-30 05:48:09,2024-05-30 12:48:09,2024-06-02 12:48:09,2024-06-04 05:48:09,2024-06-08 05:48:09
ORD_0000943,CUST_000252,delivered,2025-01-22 11:34:16,2025-01-24 06:34:16,2025-01-27 06:34:16,2025-01-31 11:34:16,2025-02-01 11:34:16
ORD_0000944,CUST_000364,delivered,2023-12-08 16:49:42,2023-12-10 07:49:42,2023-12-13 07:49:42,2023-12-24 16:49:42,2023-12-31 16:49:42
ORD_0000945,CUST_000266,shipped,2025-01-15 20:01:09,2025-01-16 23:01:09,2025-01-18 23:01:09,,2025-01-28 20:01:09
ORD_0000946,CUST_000380,delivered,2024-12-13 13:23:13,2024-12-15 13:23:13,2024-12-19 13:23:13,2024-12-26 13:23:13,2025-01-02 13:23:13
ORD_0000947,CUST_000056,unavailable,2023-10-08 20:43:34,2023-10-10 01:43:34,,,2023-10-30 20:43:34
ORD_0000948,CUST_000179,delivered,2023-12-06 12:37:26,2023-12-07 06:37:26,2023-12-08 06:37:26,2023-12-16 12:37:26,2023-12-22 12:37:26
ORD_0000949,CUST_000267,delivered,2024-12-19 10:53:39,2024-12-19 18:53:39,2024-12-23 18:53:39,2024-12-22 10:53:39,2024-12-24 10:53:39
ORD_0000950,CUST_000148,delivered,2023-04-23 00:31:59,2023-04-24 20:31:59,2023-04-26 20:31:59,2023-05-05 00:31:59,2023-05-10 00:31:59
ORD_0000951,CUST_000495,delivered,2023-10-24 19:35:42,2023-10-25 06:35:42,2023-10-28 06:35:42,2023-11-12 19:35:42,2023-11-16 19:35:42
ORD_0000952,CUST_000021,delivered,2023-08-11 09:52:37,2023-08-11 17:52:37,2023-08-14 17:52:37,2023-08-23 09:52:37,2023-08-20 09:52:37
ORD_0000953,CUST_000221,delivered,2023-12-27 21:53:00,2023-12-28 01:53:00,2023-12-31 01:53:00,2024-01-08 21:53:00,2024-01-13 21:53:00
ORD_0000954,CUST_000341,delivered,2025-02-26 17:09:05,2025-02-28 15:09:05,2025-03-02 15:09:05,2025-03-06 17:09:05,2025-03-09 17:09:05
ORD_0000955,CUST_000300,processing,2023-03-24 09:14:02,2023-03-25 16:14:02,,,2023-04-12 09:14:02
ORD_0000956,CUST_000217,delivered,2024-02-13 03:57:16,2024-02-13 23:57:16,2024-02-15 23:57:16,2024-02-25 03:57:16,2024-03-02 03:57:16
ORD_0000957,CUST_000224,delivered,2024-11-26 10:51:37,2024-11-26 19:51:37,2024-11-28 19:51:37,2024-12-04 10:51:37,2024-12-04 10:51:37
ORD_0000958,CUST_000155,delivered,2023-11-09 02:19:36,2023-11-10 19:19:36,2023-11-12 19:19:36,2023-11-20 02:19:36,2023-11-23 02:19:36
ORD_0000959,CUST_000401,delivered,2024-03-23 03:08:33,2024-03-24 08:08:33,2024-03-29 08:08:33,2024-04-08 03:08:33,2024-04-12 03:08:33
ORD_0000960,CUST_000182,delivered,2024-03-13 14:26:26,2024-03-14 20:26:26,2024-03-19 20:26:26,2024-03-24 14:26:26,2024-03-21 14:26:26
ORD_0000961,CUST_000491,delivered,2025-02-24 13:05:48,2025-02-24 22:05:48,2025-02-27 22:05:48,2025-03-05 13:05:48,2025-03-07 13:05:48
ORD_0000962,CUST_000066,delivered,2024-09-27 17:57:36,2024-09-28 12:57:36,2024-10-02 12:57:36,2024-10-07 17:57:36,2024-10-06 17:57:36
ORD_0000963,CUST_000207,delivered,2024-11-17 00:29:51,2024-11-18 10:29:51,2024-11-19 10:29:51,2024-12-02 00:29:51,2024-12-09 00:29:51
ORD_0000964,CUST_000055,delivered,2023-12-08 19:06:52,2023-12-09 14:06:52,2023-12-12 14:06:52,2023-12-17 19:06:52,2023-12-14 19:06:52
ORD_0000965,CUST_000063,delivered,2025-01-28 18:43:32,2025-01-30 18:43:32,2025-02-01 18:43:32,2025-02-03 18:43:32,2025-02-07 18:43:32
ORD_0000966,CUST_000070,delivered,2023-08-17 21:40:54,2023-08-18 07:40:54,2023-08-21 07:40:54,2023-08-28 21:40:54,2023-08-25 21:40:54
ORD_0000967,CUST_000413,delivered,2024-05-11 19:44:12,2024-05-12 03:44:12,2024-05-14 03:44:12,2024-05-17 19:44:12,2024-05-15 19:44:12
ORD_0000968,CUST_000127,delivered,2023-07-29 03:30:01,2023-07-30 12:30:01,2023-07-31 12:30:01,2023-08-05 03:30:01,2023-08-03 03:30:01
ORD_0000969,CUST_000154,shipped,2024-02-19 15:11:52,2024-02-20 07:11:52,2024-02-25 07:11:52,,2024-03-01 15:11:52
ORD_0000970,CUST_000440,delivered,2024-11-04 19:07:27,2024-11-05 05:07:27,2024-11-07 05:07:27,2024-11-19 19:07:27,2024-11-18 19:07:27
ORD_0000971,CUST_000420,delivered,2025-02-01 21:15:10,2025-02-03 06:15:10,2025-02-08 06:15:10,2025-02-10 21:15:10,2025-02-11 21:15:10
ORD_0000972,CUST_000342,delivered,2023-04-13 18:31:23,2023-04-15 13:31:23,2023-04-19 13:31:23,2023-04-24 18:31:23,2023-04-22 18:31:23
ORD_0000973,CUST_000238,delivered,2024-03-02 13:09:01,2024-03-03 08:09:01,2024-03-08 08:09:01,2024-03-12 13:09:01,2024-03-09 13:09:01
ORD_0000974,CUST_000331,processing,2024-10-28 21:39:28,2024-10-29 00:39:28,,,2024-11-09 21:39:28
ORD_0000975,CUST_000493,delivered,2023-05-23 14:56:46,2023-05-24 20:56:46,2023-05-26 20:56:46,2023-06-03 14:56:46,2023-06-08 14:56:46
ORD_0000976,CUST_000108,delivered,2023-12-24 22:33:24,2023-12-26 07:33:24,2023-12-28 07:33:24,2024-01-09 22:33:24,2024-01-11 22:33:24
ORD_0000977,CUST_000336,shipped,2025-01-06 18:21:29,2025-01-08 16:21:29,2025-01-10 16:21:29,,2025-01-16 18:21:29
ORD_0000978,CUST_000473,delivered,2024-02-08 02:58:53,2024-02-09 20:58:53,2024-02-13 20:58:53,2024-02-21 02:58:53,2024-02-27 02:58:53
ORD_0000979,CUST_000338,delivered,2023-07-04 18:45:59,2023-07-06 03:45:59,2023-07-11 03:45:59,2023-07-11 18:45:59,2023-07-17 18:45:59
ORD_0000980,CUST_000490,delivered,2024-08-17 11:37:39,2024-08-18 13:37:39,2024-08-19 13:37:39,2024-09-02 11:37:39,2024-09-01 11:37:39
ORD_0000981,CUST_000119,delivered,2023-04-09 21:06:31,2023-04-11 17:06:31,2023-04-13 17:06:31,2023-04-29 21:06:31,2023-04-29 21:06:31
ORD_0000982,CUST_000054,processing,2023-06-28 23:57:24,2023-06-30 02:57:24,,,2023-07-10 23:57:24
ORD_0000983,CUST_000314,delivered,2023-09-14 03:02:54,2023-09-16 03:02:54,2023-09-19 03:02:54,2023-09-19 03:02:54,2023-09-18 03:02:54
ORD_0000984,CUST_000165,unavailable,2023-04-21 22:28:24,2023-04-22 07:28:24,,,2023-05-07 22:28:24
ORD_0000985,CUST_000285,delivered,2023-07-24 06:16:31,2023-07-25 11:16:31,2023-07-27 11:16:31,2023-08-01 06:16:31,2023-08-06 06:16:31
ORD_0000986,CUST_000415,delivered,2025-03-19 06:05:37,2025-03-19 08:05:37,2025-03-20 08:05:37,2025-04-03 06:05:37,2025-04-03 06:05:37
ORD_0000987,CUST_000018,delivered,2025-04-09 04:57:00,2025-04-10 04:57:00,2025-04-15 04:57:00,2025-04-21 04:57:00,2025-04-20 04:57:00
ORD_0000988,CUST_000350,delivered,2025-01-17 23:41:33,2025-01-19 07:41:33,2025-01-21 07:41:33,2025-01-28 23:41:33,2025-02-03 23:41:33
ORD_0000989,CUST_000424,processing,2024-04-30 16:22:22,2024-05-02 08:22:22,,,2024-05-19 16:22:22
ORD_0000990,CUST_000219,delivered,2024-10-02 12:55:04,2024-10-04 01:55:04,2024-10-09 01:55:04,2024-10-08 12:55:04,2024-10-09 12:55:04
ORD_0000991,CUST_000052,delivered,2023-05-01 15:14:03,2023-05-03 06:14:03,2023-05-04 06:14:03,2023-05-13 15:14:03,2023-05-14 15:14:03
ORD_0000992,CUST_000200,canceled,2024-12-21 11:04:55,2024-12-21 22:04:55,,,2025-01-03 11:04:55
ORD_0000993,CUST_000274,delivered,2024-08-12 07:54:33,2024-08-13 23:54:33,2024-08-17 23:54:33,2024-08-23 07:54:33,2024-08-21 07:54:33
ORD_0000994,CUST_000299,delivered,2024-04-27 08:41:01,2024-04-27 11:41:01,2024-04-30 11:41:01,2024-05-02 08:41:01,2024-05-02 08:41:01
ORD_0000995,CUST_000172,delivered,2025-02-22 01:08:13,2025-02-23 13:08:13,2025-02-26 13:08:13,2025-03-12 01:08:13,2025-03-09 01:08:13
ORD_0000996,CUST_000121,delivered,2024-05-20 02:51:36,2024-05-21 18:51:36,2024-05-22 18:51:36,2024-05-26 02:51:36,2024-05-28 02:51:36
ORD_0000997,CUST_000037,shipped,2024-03-02 19:47:39,2024-03-03 01:47:39,2024-03-07 01:47:39,,2024-03-11 19:47:39
ORD_0000998,CUST_000054,delivered,2023-02-06 15:32:14,2023-02-08 09:32:14,2023-02-12 09:32:14,2023-02-21 15:32:14,2023-02-22 15:32:14
ORD_0000999,CUST_000401,delivered,2023-08-22 00:59:03,2023-08-22 02:59:03,2023-08-24 02:59:03,2023-08-27 00:59:03,2023-09-03 00:59:03
ORD_0001000,CUST_000351,delivered,2025-01-25 00:35:30,2025-01-25 04:35:30,2025-01-29 04:35:30,2025-01-31 00:35:30,2025-01-30 00:35:30
