order_id,order_item_id,customer_id,customer_city,customer_state,order_status,order_purchase_timestamp,order_delivered_customer_date,order_estimated_delivery_date,product_id,product_category,product_category_english,seller_id,seller_city,seller_state,price,freight_value,payment_type,payment_installments,payment_value,review_score,review_comment
ORD_0000001,1,CUST_000283,São Paulo,SP,delivered,2023-11-30 08:33:29,2023-12-03 08:33:29,2023-12-01 08:33:29,PROD_00110,auto,Auto,SELL_0008,Rio de Janeiro,RJ,199.1,9.62,credit_card,2,208.72,5,Great product!
ORD_0000002,1,CUST_000213,Rio de Janeiro,RJ,delivered,2023-06-03 04:36:37,2023-06-10 04:36:37,2023-06-08 04:36:37,PROD_00095,food_drink,Food & Drink,SELL_0004,São Paulo,SP,26.29,18.73,boleto,1,369.22,4,Average
ORD_0000002,2,CUST_000213,Rio de Janeiro,RJ,delivered,2023-06-03 04:36:37,2023-06-10 04:36:37,2023-06-08 04:36:37,PROD_00060,food_drink,Food & Drink,SELL_0027,Porto Alegre,RS,12.78,5.4,boleto,1,369.22,4,Average
ORD_0000002,3,CUST_000213,Rio de Janeiro,RJ,delivered,2023-06-03 04:36:37,2023-06-10 04:36:37,2023-06-08 04:36:37,PROD_00193,bed_bath_table,Bed Bath Table,SELL_0037,São Paulo,SP,269.29,36.73,boleto,1,369.22,4,Average
ORD_0000003,1,CUST_000289,São Paulo,SP,shipped,2025-03-09 03:50:18,,2025-03-22 03:50:18,PROD_00004,health_beauty,Health & Beauty,SELL_0004,São Paulo,SP,220.22,15.0,credit_card,6,546.87,,
ORD_0000003,2,CUST_000289,São Paulo,SP,shipped,2025-03-09 03:50:18,,2025-03-22 03:50:18,PROD_00015,sports_leisure,Sports & Leisure,SELL_0003,Rio de Janeiro,RJ,68.15,12.22,credit_card,6,546.87,,
ORD_0000003,3,CUST_000289,São Paulo,SP,shipped,2025-03-09 03:50:18,,2025-03-22 03:50:18,PROD_00090,bed_bath_table,Bed Bath Table,SELL_0019,Belo Horizonte,MG,190.66,40.62,credit_card,6,546.87,,
ORD_0000004,1,CUST_000312,Rio de Janeiro,RJ,delivered,2024-04-29 01:11:17,2024-05-13 01:11:17,2024-05-20 01:11:17,PROD_00123,health_beauty,Health & Beauty,SELL_0005,São Paulo,SP,169.53,31.26,credit_card,1,200.79,5,Love it
ORD_0000005,1,CUST_000356,Porto Alegre,RS,delivered,2024-02-16 01:25:56,2024-03-01 01:25:56,2024-03-03 01:25:56,PROD_00053,baby,Baby,SELL_0023,São Paulo,SP,96.66,34.41,credit_card,1,901.01,5,Average
ORD_0000005,2,CUST_000356,Porto Alegre,RS,delivered,2024-02-16 01:25:56,2024-03-01 01:25:56,2024-03-03 01:25:56,PROD_00114,watches_gifts,Watches & Gifts,SELL_0050,São Paulo,SP,362.3,42.66,credit_card,1,901.01,5,Average
ORD_0000005,3,CUST_000356,Porto Alegre,RS,delivered,2024-02-16 01:25:56,2024-03-01 01:25:56,2024-03-03 01:25:56,PROD_00075,sports_leisure,Sports & Leisure,SELL_0018,Florianópolis,SC,350.21,14.77,credit_card,1,901.01,5,Average
ORD_0000006,1,CUST_000011,Salvador,BA,shipped,2023-12-12 09:19:17,,2023-12-21 09:19:17,PROD_00129,furniture_decor,Furniture & Decor,SELL_0027,Porto Alegre,RS,98.45,18.87,credit_card,10,117.32,,
ORD_0000007,1,CUST_000069,Belo Horizonte,MG,delivered,2023-11-04 23:28:49,2023-11-14 23:28:49,2023-11-18 23:28:49,PROD_00125,sports_leisure,Sports & Leisure,SELL_0009,São Paulo,SP,126.32,13.14,credit_card,10,531.34,,
ORD_0000007,2,CUST_000069,Belo Horizonte,MG,delivered,2023-11-04 23:28:49,2023-11-14 23:28:49,2023-11-18 23:28:49,PROD_00060,food_drink,Food & Drink,SELL_0008,Rio de Janeiro,RJ,23.86,27.12,credit_card,10,531.34,,
ORD_0000007,3,CUST_000069,Belo Horizonte,MG,delivered,2023-11-04 23:28:49,2023-11-14 23:28:49,2023-11-18 23:28:49,PROD_00186,sports_leisure,Sports & Leisure,SELL_0016,São Paulo,SP,330.22,10.68,credit_card,10,531.34,,
ORD_0000008,1,CUST_000109,Florianópolis,SC,shipped,2025-04-23 13:47:31,,2025-05-12 13:47:31,PROD_00196,garden_tools,Garden Tools,SELL_0032,Rio de Janeiro,RJ,96.21,9.57,credit_card,10,105.78,,
ORD_0000009,1,CUST_000406,Rio de Janeiro,RJ,delivered,2023-06-12 02:19:45,2023-06-22 02:19:45,2023-06-22 02:19:45,PROD_00151,auto,Auto,SELL_0006,São Paulo,SP,143.7,38.09,credit_card,1,181.79,5,Not as described
ORD_0000010,1,CUST_000449,Vitória,ES,delivered,2023-07-25 01:15:02,2023-08-05 01:15:02,2023-08-05 01:15:02,PROD_00157,auto,Auto,SELL_0025,Rio de Janeiro,RJ,143.62,5.75,boleto,1,149.37,1,
ORD_0000011,1,CUST_000141,Fortaleza,CE,processing,2024-01-13 14:32:25,,2024-02-01 14:32:25,PROD_00058,garden_tools,Garden Tools,SELL_0028,São Paulo,SP,49.09,12.38,credit_card,6,61.47,,
ORD_0000012,1,CUST_000305,Recife,PE,delivered,2024-04-01 05:55:30,2024-04-14 05:55:30,2024-04-13 05:55:30,PROD_00079,bed_bath_table,Bed Bath Table,SELL_0002,São Paulo,SP,33.61,35.52,credit_card,1,69.13,5,Not as described
ORD_0000013,1,CUST_000429,Belo Horizonte,MG,delivered,2023-09-22 23:53:44,2023-10-09 23:53:44,2023-10-09 23:53:44,PROD_00087,toys,Toys,SELL_0049,Curitiba,PR,139.18,41.3,credit_card,1,392.07,5,Recommend
ORD_0000013,2,CUST_000429,Belo Horizonte,MG,delivered,2023-09-22 23:53:44,2023-10-09 23:53:44,2023-10-09 23:53:44,PROD_00056,health_beauty,Health & Beauty,SELL_0040,Curitiba,PR,192.95,18.64,credit_card,1,392.07,5,Recommend
ORD_0000014,1,CUST_000439,Porto Alegre,RS,delivered,2023-08-15 20:14:43,2023-08-31 20:14:43,2023-09-05 20:14:43,PROD_00187,bed_bath_table,Bed Bath Table,SELL_0007,Porto Alegre,RS,280.36,35.1,credit_card,3,415.29,5,Good quality
ORD_0000014,2,CUST_000439,Porto Alegre,RS,delivered,2023-08-15 20:14:43,2023-08-31 20:14:43,2023-09-05 20:14:43,PROD_00100,food_drink,Food & Drink,SELL_0019,Belo Horizonte,MG,57.53,42.3,credit_card,3,415.29,5,Good quality
ORD_0000015,1,CUST_000011,Salvador,BA,delivered,2025-03-10 21:00:30,2025-03-27 21:00:30,2025-04-02 21:00:30,PROD_00147,bed_bath_table,Bed Bath Table,SELL_0017,São Paulo,SP,222.79,35.76,credit_card,6,258.55,4,Fast delivery
ORD_0000016,1,CUST_000413,São Paulo,SP,delivered,2023-11-09 22:45:41,2023-11-15 22:45:41,2023-11-17 22:45:41,PROD_00120,telephony,Telephony,SELL_0009,São Paulo,SP,228.78,41.99,debit_card,1,524.95,2,Great product!
ORD_0000016,2,CUST_000413,São Paulo,SP,delivered,2023-11-09 22:45:41,2023-11-15 22:45:41,2023-11-17 22:45:41,PROD_00072,baby,Baby,SELL_0006,São Paulo,SP,146.93,43.04,debit_card,1,524.95,2,Great product!
ORD_0000016,3,CUST_000413,São Paulo,SP,delivered,2023-11-09 22:45:41,2023-11-15 22:45:41,2023-11-17 22:45:41,PROD_00198,stationery,Stationery,SELL_0026,São Paulo,SP,45.71,18.5,debit_card,1,524.95,2,Great product!
ORD_0000017,1,CUST_000236,Fortaleza,CE,delivered,2023-09-16 06:29:19,2023-10-01 06:29:19,2023-10-06 06:29:19,PROD_00093,health_beauty,Health & Beauty,SELL_0042,Florianópolis,SC,78.16,15.02,credit_card,1,93.18,5,Average
ORD_0000018,1,CUST_000340,São Paulo,SP,delivered,2024-01-19 17:41:38,2024-01-28 17:41:38,2024-02-01 17:41:38,PROD_00079,bed_bath_table,Bed Bath Table,SELL_0017,São Paulo,SP,181.32,17.84,credit_card,6,199.16,,
ORD_0000019,1,CUST_000033,Vitória,ES,delivered,2023-12-11 08:40:20,2023-12-23 08:40:20,2023-12-23 08:40:20,PROD_00005,food_drink,Food & Drink,SELL_0023,São Paulo,SP,30.88,23.66,credit_card,10,54.54,5,Great product!
ORD_0000020,1,CUST_000461,São Paulo,SP,delivered,2023-02-28 19:25:42,2023-03-11 19:25:42,2023-03-18 19:25:42,PROD_00143,sports_leisure,Sports & Leisure,SELL_0006,São Paulo,SP,102.78,7.34,debit_card,1,110.12,4,Recommend
ORD_0000021,1,CUST_000255,Curitiba,PR,delivered,2023-10-30 08:58:26,2023-11-04 08:58:26,2023-11-04 08:58:26,PROD_00142,food_drink,Food & Drink,SELL_0012,São Paulo,SP,24.33,7.56,credit_card,1,368.36,5,Not as described
ORD_0000021,2,CUST_000255,Curitiba,PR,delivered,2023-10-30 08:58:26,2023-11-04 08:58:26,2023-11-04 08:58:26,PROD_00197,fashion_bags,Fashion Bags,SELL_0032,Rio de Janeiro,RJ,321.09,15.38,credit_card,1,368.36,5,Not as described
ORD_0000022,1,CUST_000176,São Paulo,SP,delivered,2025-01-13 22:14:43,2025-01-16 22:14:43,2025-01-23 22:14:43,PROD_00045,watches_gifts,Watches & Gifts,SELL_0004,São Paulo,SP,90.51,29.72,credit_card,4,120.23,5,Not as described
ORD_0000023,1,CUST_000184,São Paulo,SP,shipped,2024-06-03 09:54:10,,2024-06-11 09:54:10,PROD_00010,electronics,Electronics,SELL_0029,Belo Horizonte,MG,149.37,25.27,credit_card,1,174.64,,
ORD_0000024,1,CUST_000372,São Paulo,SP,canceled,2025-04-07 17:48:58,,2025-04-20 17:48:58,PROD_00142,food_drink,Food & Drink,SELL_0046,São Paulo,SP,45.3,7.43,boleto,1,52.73,,
ORD_0000025,1,CUST_000336,Rio de Janeiro,RJ,shipped,2023-04-02 07:22:14,,2023-04-14 07:22:14,PROD_00005,food_drink,Food & Drink,SELL_0023,São Paulo,SP,43.28,39.3,credit_card,1,242.24,,
ORD_0000025,2,CUST_000336,Rio de Janeiro,RJ,shipped,2023-04-02 07:22:14,,2023-04-14 07:22:14,PROD_00184,health_beauty,Health & Beauty,SELL_0007,Porto Alegre,RS,25.51,14.39,credit_card,1,242.24,,
ORD_0000025,3,CUST_000336,Rio de Janeiro,RJ,shipped,2023-04-02 07:22:14,,2023-04-14 07:22:14,PROD_00130,garden_tools,Garden Tools,SELL_0016,São Paulo,SP,94.32,25.44,credit_card,1,242.24,,
ORD_0000026,1,CUST_000300,Salvador,BA,delivered,2023-10-29 14:54:07,2023-11-11 14:54:07,2023-11-17 14:54:07,PROD_00096,watches_gifts,Watches & Gifts,SELL_0005,São Paulo,SP,417.99,32.24,debit_card,1,450.23,,
ORD_0000027,1,CUST_000484,São Paulo,SP,delivered,2024-09-27 02:30:56,2024-10-02 02:30:56,2024-10-01 02:30:56,PROD_00073,auto,Auto,SELL_0024,São Paulo,SP,62.93,18.06,credit_card,3,80.99,5,
ORD_0000028,1,CUST_000071,Porto Alegre,RS,delivered,2023-07-25 10:26:36,2023-08-07 10:26:36,2023-08-05 10:26:36,PROD_00167,electronics,Electronics,SELL_0019,Belo Horizonte,MG,277.93,42.7,boleto,1,533.59,4,
ORD_0000028,2,CUST_000071,Porto Alegre,RS,delivered,2023-07-25 10:26:36,2023-08-07 10:26:36,2023-08-05 10:26:36,PROD_00008,sports_leisure,Sports & Leisure,SELL_0010,Rio de Janeiro,RJ,80.92,6.78,boleto,1,533.59,4,
ORD_0000028,3,CUST_000071,Porto Alegre,RS,delivered,2023-07-25 10:26:36,2023-08-07 10:26:36,2023-08-05 10:26:36,PROD_00007,computers_accessories,Computers & Accessories,SELL_0021,Belo Horizonte,MG,111.8,13.46,boleto,1,533.59,4,
ORD_0000029,1,CUST_000250,São Paulo,SP,delivered,2023-12-07 20:11:20,2023-12-14 20:11:20,2023-12-13 20:11:20,PROD_00190,fashion_bags,Fashion Bags,SELL_0023,São Paulo,SP,218.03,28.26,credit_card,6,506.04,1,Love it
ORD_0000029,2,CUST_000250,São Paulo,SP,delivered,2023-12-07 20:11:20,2023-12-14 20:11:20,2023-12-13 20:11:20,PROD_00097,bed_bath_table,Bed Bath Table,SELL_0047,Florianópolis,SC,253.45,6.3,credit_card,6,506.04,1,Love it
ORD_0000030,1,CUST_000296,Porto Alegre,RS,delivered,2025-02-21 05:31:50,2025-03-12 05:31:50,2025-03-19 05:31:50,PROD_00167,electronics,Electronics,SELL_0015,Porto Alegre,RS,77.95,8.09,credit_card,1,86.04,2,Good quality
ORD_0000031,1,CUST_000220,Brasília,DF,delivered,2024-02-18 13:30:24,2024-02-29 13:30:24,2024-03-02 13:30:24,PROD_00148,toys,Toys,SELL_0035,Rio de Janeiro,RJ,98.25,34.36,boleto,1,132.61,3,Average
ORD_0000032,1,CUST_000388,São Paulo,SP,delivered,2024-06-27 06:01:43,2024-06-28 06:01:43,2024-06-28 06:01:43,PROD_00136,garden_tools,Garden Tools,SELL_0043,Belo Horizonte,MG,161.66,29.28,credit_card,3,190.94,5,Good quality
ORD_0000033,1,CUST_000356,Porto Alegre,RS,delivered,2023-12-19 09:08:06,2024-01-04 09:08:06,2024-01-05 09:08:06,PROD_00082,telephony,Telephony,SELL_0019,Belo Horizonte,MG,95.37,38.44,credit_card,10,133.81,4,Great product!
ORD_0000034,1,CUST_000486,Belo Horizonte,MG,delivered,2023-10-25 14:46:33,2023-11-10 14:46:33,2023-11-17 14:46:33,PROD_00197,fashion_bags,Fashion Bags,SELL_0021,Belo Horizonte,MG,391.67,14.24,credit_card,6,405.91,1,Love it
ORD_0000035,1,CUST_000069,Belo Horizonte,MG,delivered,2023-12-17 15:22:48,2023-12-30 15:22:48,2023-12-29 15:22:48,PROD_00178,electronics,Electronics,SELL_0027,Porto Alegre,RS,187.71,34.31,credit_card,6,676.91,,
ORD_0000035,2,CUST_000069,Belo Horizonte,MG,delivered,2023-12-17 15:22:48,2023-12-30 15:22:48,2023-12-29 15:22:48,PROD_00021,watches_gifts,Watches & Gifts,SELL_0024,São Paulo,SP,188.95,25.23,credit_card,6,676.91,,
ORD_0000035,3,CUST_000069,Belo Horizonte,MG,delivered,2023-12-17 15:22:48,2023-12-30 15:22:48,2023-12-29 15:22:48,PROD_00124,auto,Auto,SELL_0027,Porto Alegre,RS,217.75,22.96,credit_card,6,676.91,,
ORD_0000036,1,CUST_000109,Florianópolis,SC,delivered,2025-01-21 00:37:32,2025-02-05 00:37:32,2025-02-08 00:37:32,PROD_00033,computers_accessories,Computers & Accessories,SELL_0027,Porto Alegre,RS,742.8,14.8,boleto,1,757.6,4,Great product!
ORD_0000037,1,CUST_000449,Vitória,ES,delivered,2024-10-17 08:49:34,2024-10-26 08:49:34,2024-10-23 08:49:34,PROD_00036,fashion_bags,Fashion Bags,SELL_0022,Curitiba,PR,254.05,36.83,credit_card,10,290.88,3,Perfect!
ORD_0000038,1,CUST_000025,Curitiba,PR,delivered,2024-12-07 03:26:28,2024-12-16 03:26:28,2024-12-20 03:26:28,PROD_00105,garden_tools,Garden Tools,SELL_0037,São Paulo,SP,89.99,44.33,credit_card,1,134.32,5,Not as described
ORD_0000039,1,CUST_000360,São Paulo,SP,delivered,2023-06-06 06:44:43,2023-06-11 06:44:43,2023-06-12 06:44:43,PROD_00198,stationery,Stationery,SELL_0030,Curitiba,PR,19.86,12.2,credit_card,3,32.06,5,Fast delivery
ORD_0000040,1,CUST_000319,Belo Horizonte,MG,delivered,2024-09-12 22:08:26,2024-09-20 22:08:26,2024-09-18 22:08:26,PROD_00108,health_beauty,Health & Beauty,SELL_0031,São Paulo,SP,76.89,27.18,boleto,1,104.07,3,Good quality
ORD_0000041,1,CUST_000145,Rio de Janeiro,RJ,delivered,2023-04-27 03:31:12,2023-05-11 03:31:12,2023-05-13 03:31:12,PROD_00009,watches_gifts,Watches & Gifts,SELL_0011,São Paulo,SP,420.25,5.96,credit_card,1,426.21,5,Good quality
ORD_0000042,1,CUST_000361,São Paulo,SP,delivered,2024-02-24 09:10:02,2024-02-25 09:10:02,2024-02-29 09:10:02,PROD_00136,garden_tools,Garden Tools,SELL_0023,São Paulo,SP,184.54,41.17,credit_card,2,225.71,1,Average
ORD_0000043,1,CUST_000170,São Paulo,SP,processing,2023-08-29 00:00:42,,2023-09-07 00:00:42,PROD_00143,sports_leisure,Sports & Leisure,SELL_0022,Curitiba,PR,111.75,16.74,credit_card,3,128.49,,
ORD_0000044,1,CUST_000487,São Paulo,SP,delivered,2023-04-03 16:04:46,2023-04-07 16:04:46,2023-04-14 16:04:46,PROD_00158,fashion_bags,Fashion Bags,SELL_0005,São Paulo,SP,69.88,33.89,credit_card,3,103.77,5,Perfect!
ORD_0000045,1,CUST_000119,Florianópolis,SC,delivered,2024-04-12 09:16:29,2024-04-30 09:16:29,2024-05-02 09:16:29,PROD_00115,computers_accessories,Computers & Accessories,SELL_0048,Rio de Janeiro,RJ,731.22,30.23,credit_card,6,1455.07,4,Perfect!
ORD_0000045,2,CUST_000119,Florianópolis,SC,delivered,2024-04-12 09:16:29,2024-04-30 09:16:29,2024-05-02 09:16:29,PROD_00075,sports_leisure,Sports & Leisure,SELL_0047,Florianópolis,SC,307.91,33.0,credit_card,6,1455.07,4,Perfect!
ORD_0000045,3,CUST_000119,Florianópolis,SC,delivered,2024-04-12 09:16:29,2024-04-30 09:16:29,2024-05-02 09:16:29,PROD_00186,sports_leisure,Sports & Leisure,SELL_0033,Belo Horizonte,MG,311.06,41.65,credit_card,6,1455.07,4,Perfect!
ORD_0000046,1,CUST_000411,São Paulo,SP,delivered,2024-11-24 10:27:47,2024-11-28 10:27:47,2024-11-25 10:27:47,PROD_00002,health_beauty,Health & Beauty,SELL_0042,Florianópolis,SC,154.49,19.79,credit_card,4,174.28,5,OK
ORD_0000047,1,CUST_000437,Florianópolis,SC,delivered,2023-05-22 21:41:10,2023-06-08 21:41:10,2023-06-06 21:41:10,PROD_00113,computers_accessories,Computers & Accessories,SELL_0018,Florianópolis,SC,166.08,33.9,credit_card,10,199.98,3,
ORD_0000048,1,CUST_000191,Belém,PA,delivered,2025-04-14 10:11:07,2025-05-01 10:11:07,2025-05-02 10:11:07,PROD_00127,stationery,Stationery,SELL_0034,São Paulo,SP,30.58,27.57,credit_card,1,58.15,2,Great product!
ORD_0000049,1,CUST_000428,Fortaleza,CE,delivered,2024-01-30 22:54:30,2024-02-19 22:54:30,2024-02-16 22:54:30,PROD_00110,auto,Auto,SELL_0049,Curitiba,PR,110.56,20.36,boleto,1,130.92,4,Good quality
ORD_0000050,1,CUST_000483,Porto Alegre,RS,delivered,2023-06-13 03:26:58,2023-06-30 03:26:58,2023-07-07 03:26:58,PROD_00011,toys,Toys,SELL_0047,Florianópolis,SC,123.96,34.39,boleto,1,724.34,,
ORD_0000050,2,CUST_000483,Porto Alegre,RS,delivered,2023-06-13 03:26:58,2023-06-30 03:26:58,2023-07-07 03:26:58,PROD_00111,computers_accessories,Computers & Accessories,SELL_0040,Curitiba,PR,429.73,28.01,boleto,1,724.34,,
ORD_0000050,3,CUST_000483,Porto Alegre,RS,delivered,2023-06-13 03:26:58,2023-06-30 03:26:58,2023-07-07 03:26:58,PROD_00026,health_beauty,Health & Beauty,SELL_0019,Belo Horizonte,MG,96.63,11.62,boleto,1,724.34,,
ORD_0000051,1,CUST_000225,São Paulo,SP,delivered,2023-07-05 19:24:49,2023-07-09 19:24:49,2023-07-12 19:24:49,PROD_00058,garden_tools,Garden Tools,SELL_0017,São Paulo,SP,178.22,16.54,credit_card,1,194.76,4,Took too long
ORD_0000052,1,CUST_000226,Belo Horizonte,MG,delivered,2023-02-17 02:16:41,2023-03-01 02:16:41,2023-03-07 02:16:41,PROD_00060,food_drink,Food & Drink,SELL_0014,São Paulo,SP,42.65,10.64,boleto,1,120.99,4,Took too long
ORD_0000052,2,CUST_000226,Belo Horizonte,MG,delivered,2023-02-17 02:16:41,2023-03-01 02:16:41,2023-03-07 02:16:41,PROD_00131,stationery,Stationery,SELL_0003,Rio de Janeiro,RJ,61.61,6.09,boleto,1,120.99,4,Took too long
ORD_0000053,1,CUST_000371,São Luís,MA,delivered,2024-08-01 07:42:55,2024-08-22 07:42:55,2024-08-22 07:42:55,PROD_00050,furniture_decor,Furniture & Decor,SELL_0002,São Paulo,SP,43.73,38.3,credit_card,10,82.03,1,Recommend
ORD_0000054,1,CUST_000247,Rio de Janeiro,RJ,delivered,2023-12-21 21:43:41,2024-01-02 21:43:41,2024-01-08 21:43:41,PROD_00147,bed_bath_table,Bed Bath Table,SELL_0009,São Paulo,SP,142.29,22.79,credit_card,10,165.08,5,Good quality
ORD_0000055,1,CUST_000028,Rio de Janeiro,RJ,shipped,2023-01-12 20:59:10,,2023-01-27 20:59:10,PROD_00029,auto,Auto,SELL_0008,Rio de Janeiro,RJ,254.94,41.77,credit_card,1,296.71,,
ORD_0000056,1,CUST_000165,Curitiba,PR,delivered,2023-09-04 10:17:03,2023-09-16 10:17:03,2023-09-19 10:17:03,PROD_00127,stationery,Stationery,SELL_0018,Florianópolis,SC,24.73,39.58,credit_card,6,140.49,5,Great product!
ORD_0000056,2,CUST_000165,Curitiba,PR,delivered,2023-09-04 10:17:03,2023-09-16 10:17:03,2023-09-19 10:17:03,PROD_00172,bed_bath_table,Bed Bath Table,SELL_0006,São Paulo,SP,57.03,19.15,credit_card,6,140.49,5,Great product!
ORD_0000057,1,CUST_000419,São Paulo,SP,delivered,2023-08-29 02:29:28,2023-09-04 02:29:28,2023-09-08 02:29:28,PROD_00187,bed_bath_table,Bed Bath Table,SELL_0022,Curitiba,PR,45.45,11.27,boleto,1,201.28,5,Perfect!
ORD_0000057,2,CUST_000419,São Paulo,SP,delivered,2023-08-29 02:29:28,2023-09-04 02:29:28,2023-09-08 02:29:28,PROD_00117,baby,Baby,SELL_0050,São Paulo,SP,119.05,25.51,boleto,1,201.28,5,Perfect!
ORD_0000058,1,CUST_000382,Belo Horizonte,MG,delivered,2024-10-31 00:06:25,2024-11-12 00:06:25,2024-11-09 00:06:25,PROD_00081,stationery,Stationery,SELL_0007,Porto Alegre,RS,71.92,6.53,credit_card,3,184.5,5,Recommend
ORD_0000058,2,CUST_000382,Belo Horizonte,MG,delivered,2024-10-31 00:06:25,2024-11-12 00:06:25,2024-11-09 00:06:25,PROD_00134,baby,Baby,SELL_0043,Belo Horizonte,MG,67.39,38.66,credit_card,3,184.5,5,Recommend
ORD_0000059,1,CUST_000423,São Paulo,SP,shipped,2023-04-04 19:39:40,,2023-04-15 19:39:40,PROD_00163,toys,Toys,SELL_0038,Rio de Janeiro,RJ,97.82,14.84,credit_card,1,112.66,,
ORD_0000060,1,CUST_000187,Salvador,BA,delivered,2025-04-25 01:52:14,2025-05-15 01:52:14,2025-05-21 01:52:14,PROD_00057,toys,Toys,SELL_0010,Rio de Janeiro,RJ,104.27,15.61,credit_card,1,323.57,3,Perfect!
ORD_0000060,2,CUST_000187,Salvador,BA,delivered,2025-04-25 01:52:14,2025-05-15 01:52:14,2025-05-21 01:52:14,PROD_00048,health_beauty,Health & Beauty,SELL_0013,Belo Horizonte,MG,187.39,16.3,credit_card,1,323.57,3,Perfect!
ORD_0000061,1,CUST_000243,São Paulo,SP,delivered,2025-01-03 21:23:45,2025-01-14 21:23:45,2025-01-21 21:23:45,PROD_00133,stationery,Stationery,SELL_0001,Curitiba,PR,69.29,34.98,credit_card,6,175.52,2,Fast delivery
ORD_0000061,2,CUST_000243,São Paulo,SP,delivered,2025-01-03 21:23:45,2025-01-14 21:23:45,2025-01-21 21:23:45,PROD_00018,stationery,Stationery,SELL_0046,São Paulo,SP,41.8,29.45,credit_card,6,175.52,2,Fast delivery
ORD_0000062,1,CUST_000494,Belo Horizonte,MG,delivered,2025-03-30 09:35:33,2025-04-10 09:35:33,2025-04-09 09:35:33,PROD_00177,computers_accessories,Computers & Accessories,SELL_0038,Rio de Janeiro,RJ,232.57,20.21,credit_card,1,252.78,5,Not as described
ORD_0000063,1,CUST_000253,Salvador,BA,delivered,2023-05-24 22:47:46,2023-06-09 22:47:46,2023-06-12 22:47:46,PROD_00124,auto,Auto,SELL_0020,Curitiba,PR,192.7,43.17,boleto,1,235.87,,
ORD_0000064,1,CUST_000111,Belo Horizonte,MG,delivered,2024-04-13 06:45:21,2024-04-26 06:45:21,2024-05-03 06:45:21,PROD_00172,bed_bath_table,Bed Bath Table,SELL_0026,São Paulo,SP,158.39,36.87,credit_card,1,603.88,4,Fast delivery
ORD_0000064,2,CUST_000111,Belo Horizonte,MG,delivered,2024-04-13 06:45:21,2024-04-26 06:45:21,2024-05-03 06:45:21,PROD_00092,electronics,Electronics,SELL_0015,Porto Alegre,RS,391.8,16.82,credit_card,1,603.88,4,Fast delivery
ORD_0000065,1,CUST_000429,Belo Horizonte,MG,delivered,2024-11-19 18:07:49,2024-12-02 18:07:49,2024-12-06 18:07:49,PROD_00194,stationery,Stationery,SELL_0029,Belo Horizonte,MG,62.3,21.78,credit_card,1,314.24,5,Recommend
ORD_0000065,2,CUST_000429,Belo Horizonte,MG,delivered,2024-11-19 18:07:49,2024-12-02 18:07:49,2024-12-06 18:07:49,PROD_00064,garden_tools,Garden Tools,SELL_0030,Curitiba,PR,135.86,9.63,credit_card,1,314.24,5,Recommend
ORD_0000065,3,CUST_000429,Belo Horizonte,MG,delivered,2024-11-19 18:07:49,2024-12-02 18:07:49,2024-12-06 18:07:49,PROD_00170,telephony,Telephony,SELL_0046,São Paulo,SP,51.79,32.88,credit_card,1,314.24,5,Recommend
ORD_0000066,1,CUST_000003,São Paulo,SP,shipped,2024-06-27 23:03:35,,2024-07-09 23:03:35,PROD_00124,auto,Auto,SELL_0039,São Paulo,SP,296.44,39.56,boleto,1,407.26,,
ORD_0000066,2,CUST_000003,São Paulo,SP,shipped,2024-06-27 23:03:35,,2024-07-09 23:03:35,PROD_00176,garden_tools,Garden Tools,SELL_0033,Belo Horizonte,MG,54.62,16.64,boleto,1,407.26,,
ORD_0000067,1,CUST_000400,São Paulo,SP,delivered,2023-07-01 22:37:11,2023-07-06 22:37:11,2023-07-08 22:37:11,PROD_00105,garden_tools,Garden Tools,SELL_0017,São Paulo,SP,21.55,35.87,credit_card,6,229.92,5,Recommend
ORD_0000067,2,CUST_000400,São Paulo,SP,delivered,2023-07-01 22:37:11,2023-07-06 22:37:11,2023-07-08 22:37:11,PROD_00082,telephony,Telephony,SELL_0028,São Paulo,SP,135.14,37.36,credit_card,6,229.92,5,Recommend
ORD_0000068,1,CUST_000259,São Paulo,SP,delivered,2024-01-29 13:38:58,2024-02-08 13:38:58,2024-02-11 13:38:58,PROD_00014,stationery,Stationery,SELL_0022,Curitiba,PR,25.12,34.13,voucher,1,59.25,5,Fast delivery
ORD_0000069,1,CUST_000494,Belo Horizonte,MG,delivered,2023-12-18 09:28:51,2023-12-28 09:28:51,2023-12-29 09:28:51,PROD_00079,bed_bath_table,Bed Bath Table,SELL_0011,São Paulo,SP,148.1,13.85,boleto,1,314.99,5,Perfect!
ORD_0000069,2,CUST_000494,Belo Horizonte,MG,delivered,2023-12-18 09:28:51,2023-12-28 09:28:51,2023-12-29 09:28:51,PROD_00053,baby,Baby,SELL_0040,Curitiba,PR,143.63,9.41,boleto,1,314.99,5,Perfect!
ORD_0000070,1,CUST_000432,São Paulo,SP,delivered,2024-12-19 17:55:20,2024-12-22 17:55:20,2024-12-29 17:55:20,PROD_00155,sports_leisure,Sports & Leisure,SELL_0002,São Paulo,SP,225.11,43.01,credit_card,2,268.12,5,Took too long
ORD_0000071,1,CUST_000112,Rio de Janeiro,RJ,delivered,2023-07-25 06:39:45,2023-08-08 06:39:45,2023-08-07 06:39:45,PROD_00181,watches_gifts,Watches & Gifts,SELL_0050,São Paulo,SP,179.98,19.11,credit_card,2,199.09,5,Fast delivery
ORD_0000072,1,CUST_000258,Curitiba,PR,delivered,2024-07-09 22:40:20,2024-07-22 22:40:20,2024-07-27 22:40:20,PROD_00013,telephony,Telephony,SELL_0013,Belo Horizonte,MG,165.22,19.48,credit_card,1,184.7,1,OK
ORD_0000073,1,CUST_000246,Belo Horizonte,MG,delivered,2024-08-19 18:42:45,2024-08-29 18:42:45,2024-08-26 18:42:45,PROD_00102,sports_leisure,Sports & Leisure,SELL_0011,São Paulo,SP,346.69,14.17,credit_card,2,417.48,3,Fast delivery
ORD_0000073,2,CUST_000246,Belo Horizonte,MG,delivered,2024-08-19 18:42:45,2024-08-29 18:42:45,2024-08-26 18:42:45,PROD_00085,food_drink,Food & Drink,SELL_0016,São Paulo,SP,29.5,27.12,credit_card,2,417.48,3,Fast delivery
ORD_0000074,1,CUST_000268,Rio de Janeiro,RJ,delivered,2023-04-20 00:24:09,2023-05-06 00:24:09,2023-05-07 00:24:09,PROD_00006,baby,Baby,SELL_0033,Belo Horizonte,MG,139.6,26.06,credit_card,2,165.66,4,Recommend
ORD_0000075,1,CUST_000385,São Paulo,SP,delivered,2025-03-15 05:18:43,2025-03-22 05:18:43,2025-03-27 05:18:43,PROD_00011,toys,Toys,SELL_0015,Porto Alegre,RS,31.97,17.06,boleto,1,111.99,4,
ORD_0000075,2,CUST_000385,São Paulo,SP,delivered,2025-03-15 05:18:43,2025-03-22 05:18:43,2025-03-27 05:18:43,PROD_00198,stationery,Stationery,SELL_0048,Rio de Janeiro,RJ,56.61,6.35,boleto,1,111.99,4,
ORD_0000076,1,CUST_000017,Porto Alegre,RS,delivered,2024-01-03 14:06:39,2024-01-14 14:06:39,2024-01-21 14:06:39,PROD_00097,bed_bath_table,Bed Bath Table,SELL_0048,Rio de Janeiro,RJ,205.2,10.25,credit_card,1,323.49,5,Not as described
ORD_0000076,2,CUST_000017,Porto Alegre,RS,delivered,2024-01-03 14:06:39,2024-01-14 14:06:39,2024-01-21 14:06:39,PROD_00022,furniture_decor,Furniture & Decor,SELL_0046,São Paulo,SP,82.86,25.18,credit_card,1,323.49,5,Not as described
ORD_0000077,1,CUST_000288,São Paulo,SP,delivered,2024-02-03 07:32:50,2024-02-13 07:32:50,2024-02-20 07:32:50,PROD_00004,health_beauty,Health & Beauty,SELL_0010,Rio de Janeiro,RJ,189.52,26.67,credit_card,6,216.19,5,Not as described
ORD_0000078,1,CUST_000161,Rio de Janeiro,RJ,delivered,2024-07-19 01:00:47,2024-07-28 01:00:47,2024-07-28 01:00:47,PROD_00101,furniture_decor,Furniture & Decor,SELL_0020,Curitiba,PR,148.8,29.23,credit_card,3,227.4,4,Took too long
ORD_0000078,2,CUST_000161,Rio de Janeiro,RJ,delivered,2024-07-19 01:00:47,2024-07-28 01:00:47,2024-07-28 01:00:47,PROD_00109,stationery,Stationery,SELL_0018,Florianópolis,SC,43.43,5.94,credit_card,3,227.4,4,Took too long
ORD_0000079,1,CUST_000467,Recife,PE,delivered,2024-10-10 22:45:41,2024-10-25 22:45:41,2024-10-25 22:45:41,PROD_00068,electronics,Electronics,SELL_0025,Rio de Janeiro,RJ,679.25,28.05,credit_card,1,707.3,5,Good quality
ORD_0000080,1,CUST_000151,São Paulo,SP,canceled,2024-04-04 05:43:04,,2024-04-15 05:43:04,PROD_00057,toys,Toys,SELL_0031,São Paulo,SP,145.36,27.44,boleto,1,172.8,,
ORD_0000081,1,CUST_000062,São Paulo,SP,delivered,2024-01-22 01:27:17,2024-01-28 01:27:17,2024-01-30 01:27:17,PROD_00137,watches_gifts,Watches & Gifts,SELL_0032,Rio de Janeiro,RJ,263.16,20.3,credit_card,1,1112.04,5,
ORD_0000081,2,CUST_000062,São Paulo,SP,delivered,2024-01-22 01:27:17,2024-01-28 01:27:17,2024-01-30 01:27:17,PROD_00101,furniture_decor,Furniture & Decor,SELL_0046,São Paulo,SP,572.82,35.51,credit_card,1,1112.04,5,
ORD_0000081,3,CUST_000062,São Paulo,SP,delivered,2024-01-22 01:27:17,2024-01-28 01:27:17,2024-01-30 01:27:17,PROD_00116,electronics,Electronics,SELL_0026,São Paulo,SP,176.24,44.01,credit_card,1,1112.04,5,
ORD_0000082,1,CUST_000239,Recife,PE,delivered,2024-12-27 04:02:09,2025-01-10 04:02:09,2025-01-17 04:02:09,PROD_00123,health_beauty,Health & Beauty,SELL_0022,Curitiba,PR,147.34,30.71,credit_card,3,178.05,5,OK
ORD_0000083,1,CUST_000155,São Paulo,SP,delivered,2024-05-17 18:35:22,2024-05-18 18:35:22,2024-05-23 18:35:22,PROD_00022,furniture_decor,Furniture & Decor,SELL_0032,Rio de Janeiro,RJ,93.42,11.77,boleto,1,152.26,5,Not as described
ORD_0000083,2,CUST_000155,São Paulo,SP,delivered,2024-05-17 18:35:22,2024-05-18 18:35:22,2024-05-23 18:35:22,PROD_00064,garden_tools,Garden Tools,SELL_0031,São Paulo,SP,25.94,21.13,boleto,1,152.26,5,Not as described
ORD_0000084,1,CUST_000035,São Paulo,SP,delivered,2025-03-16 16:10:26,2025-03-23 16:10:26,2025-03-25 16:10:26,PROD_00146,garden_tools,Garden Tools,SELL_0032,Rio de Janeiro,RJ,154.51,7.36,voucher,1,246.77,5,OK
ORD_0000084,2,CUST_000035,São Paulo,SP,delivered,2025-03-16 16:10:26,2025-03-23 16:10:26,2025-03-25 16:10:26,PROD_00106,baby,Baby,SELL_0010,Rio de Janeiro,RJ,66.39,18.51,voucher,1,246.77,5,OK
ORD_0000085,1,CUST_000114,Florianópolis,SC,delivered,2023-08-07 21:21:21,2023-08-11 21:21:21,2023-08-18 21:21:21,PROD_00145,health_beauty,Health & Beauty,SELL_0018,Florianópolis,SC,155.7,39.86,credit_card,6,195.56,1,OK
ORD_0000086,1,CUST_000005,Belo Horizonte,MG,processing,2023-04-28 21:22:28,,2023-05-13 21:22:28,PROD_00144,furniture_decor,Furniture & Decor,SELL_0021,Belo Horizonte,MG,485.03,26.82,credit_card,2,511.85,,
ORD_0000087,1,CUST_000471,São Paulo,SP,delivered,2024-09-28 07:02:43,2024-10-03 07:02:43,2024-10-04 07:02:43,PROD_00119,furniture_decor,Furniture & Decor,SELL_0048,Rio de Janeiro,RJ,436.97,25.58,boleto,1,462.55,5,Took too long
ORD_0000088,1,CUST_000013,São Paulo,SP,delivered,2024-06-13 11:32:51,2024-06-23 11:32:51,2024-06-24 11:32:51,PROD_00027,fashion_bags,Fashion Bags,SELL_0009,São Paulo,SP,187.51,8.1,boleto,1,195.61,4,Love it
ORD_0000089,1,CUST_000460,Salvador,BA,canceled,2024-10-29 06:20:32,,2024-11-23 06:20:32,PROD_00192,garden_tools,Garden Tools,SELL_0008,Rio de Janeiro,RJ,33.08,12.89,credit_card,10,45.97,,
ORD_0000090,1,CUST_000274,Porto Alegre,RS,delivered,2023-01-08 20:04:13,2023-01-28 20:04:13,2023-02-04 20:04:13,PROD_00127,stationery,Stationery,SELL_0032,Rio de Janeiro,RJ,17.8,37.13,credit_card,2,252.76,5,Not as described
ORD_0000090,2,CUST_000274,Porto Alegre,RS,delivered,2023-01-08 20:04:13,2023-01-28 20:04:13,2023-02-04 20:04:13,PROD_00192,garden_tools,Garden Tools,SELL_0001,Curitiba,PR,176.1,21.73,credit_card,2,252.76,5,Not as described
ORD_0000091,1,CUST_000218,Belo Horizonte,MG,shipped,2023-04-17 06:34:53,,2023-05-01 06:34:53,PROD_00076,bed_bath_table,Bed Bath Table,SELL_0018,Florianópolis,SC,222.98,40.21,credit_card,1,263.19,,
ORD_0000092,1,CUST_000079,São Paulo,SP,delivered,2023-01-25 14:45:21,2023-01-27 14:45:21,2023-01-26 14:45:21,PROD_00096,watches_gifts,Watches & Gifts,SELL_0019,Belo Horizonte,MG,290.63,11.64,credit_card,4,302.27,5,Took too long
ORD_0000093,1,CUST_000407,São Paulo,SP,processing,2023-09-15 17:04:36,,2023-09-23 17:04:36,PROD_00158,fashion_bags,Fashion Bags,SELL_0039,São Paulo,SP,382.24,19.85,credit_card,1,402.09,,
ORD_0000094,1,CUST_000222,Porto Alegre,RS,delivered,2023-11-20 00:24:43,2023-12-06 00:24:43,2023-12-04 00:24:43,PROD_00054,telephony,Telephony,SELL_0047,Florianópolis,SC,282.14,42.08,credit_card,10,324.22,4,Not as described
ORD_0000095,1,CUST_000388,São Paulo,SP,delivered,2025-02-02 18:02:44,2025-02-14 18:02:44,2025-02-15 18:02:44,PROD_00184,health_beauty,Health & Beauty,SELL_0027,Porto Alegre,RS,209.91,5.39,voucher,1,215.3,5,Took too long
ORD_0000096,1,CUST_000311,Salvador,BA,delivered,2023-03-30 09:48:59,2023-04-18 09:48:59,2023-04-22 09:48:59,PROD_00018,stationery,Stationery,SELL_0045,São Paulo,SP,79.5,5.22,credit_card,3,84.72,2,Not as described
ORD_0000097,1,CUST_000081,São Paulo,SP,delivered,2024-06-30 07:08:47,2024-07-07 07:08:47,2024-07-08 07:08:47,PROD_00025,baby,Baby,SELL_0004,São Paulo,SP,103.73,18.24,boleto,1,121.97,3,Not as described
ORD_0000098,1,CUST_000347,Belo Horizonte,MG,delivered,2025-03-25 23:41:23,2025-04-09 23:41:23,2025-04-08 23:41:23,PROD_00041,fashion_bags,Fashion Bags,SELL_0015,Porto Alegre,RS,54.71,30.45,credit_card,6,85.16,1,Love it
ORD_0000099,1,CUST_000064,São Paulo,SP,delivered,2023-02-12 00:36:38,2023-02-18 00:36:38,2023-02-20 00:36:38,PROD_00050,furniture_decor,Furniture & Decor,SELL_0028,São Paulo,SP,193.77,37.83,debit_card,1,231.6,1,Average
ORD_0000100,1,CUST_000109,Florianópolis,SC,delivered,2024-02-27 20:54:32,2024-03-17 20:54:32,2024-03-23 20:54:32,PROD_00095,food_drink,Food & Drink,SELL_0017,São Paulo,SP,40.47,21.13,credit_card,1,474.0,3,Great product!
ORD_0000100,2,CUST_000109,Florianópolis,SC,delivered,2024-02-27 20:54:32,2024-03-17 20:54:32,2024-03-23 20:54:32,PROD_00139,furniture_decor,Furniture & Decor,SELL_0038,Rio de Janeiro,RJ,399.3,13.1,credit_card,1,474.0,3,Great product!
ORD_0000101,1,CUST_000428,Fortaleza,CE,delivered,2023-09-16 06:07:11,2023-10-06 06:07:11,2023-10-11 06:07:11,PROD_00056,health_beauty,Health & Beauty,SELL_0007,Porto Alegre,RS,80.8,15.52,boleto,1,96.32,4,Great product!
ORD_0000102,1,CUST_000237,São Paulo,SP,delivered,2024-10-22 17:04:18,2024-10-24 17:04:18,2024-10-24 17:04:18,PROD_00151,auto,Auto,SELL_0037,São Paulo,SP,231.02,20.32,boleto,1,413.98,5,Recommend
ORD_0000102,2,CUST_000237,São Paulo,SP,delivered,2024-10-22 17:04:18,2024-10-24 17:04:18,2024-10-24 17:04:18,PROD_00155,sports_leisure,Sports & Leisure,SELL_0040,Curitiba,PR,125.35,37.29,boleto,1,413.98,5,Recommend
ORD_0000103,1,CUST_000372,São Paulo,SP,delivered,2024-08-17 15:21:22,2024-08-28 15:21:22,2024-08-28 15:21:22,PROD_00054,telephony,Telephony,SELL_0014,São Paulo,SP,67.07,36.33,credit_card,3,656.34,5,Took too long
ORD_0000103,2,CUST_000372,São Paulo,SP,delivered,2024-08-17 15:21:22,2024-08-28 15:21:22,2024-08-28 15:21:22,PROD_00158,fashion_bags,Fashion Bags,SELL_0001,Curitiba,PR,84.2,11.59,credit_card,3,656.34,5,Took too long
ORD_0000103,3,CUST_000372,São Paulo,SP,delivered,2024-08-17 15:21:22,2024-08-28 15:21:22,2024-08-28 15:21:22,PROD_00020,watches_gifts,Watches & Gifts,SELL_0033,Belo Horizonte,MG,450.06,7.09,credit_card,3,656.34,5,Took too long
ORD_0000104,1,CUST_000163,São Paulo,SP,delivered,2024-05-12 14:21:39,2024-05-22 14:21:39,2024-05-21 14:21:39,PROD_00121,food_drink,Food & Drink,SELL_0008,Rio de Janeiro,RJ,25.01,25.02,debit_card,1,50.03,4,Took too long
ORD_0000105,1,CUST_000290,São Paulo,SP,delivered,2024-08-03 11:51:20,2024-08-11 11:51:20,2024-08-18 11:51:20,PROD_00097,bed_bath_table,Bed Bath Table,SELL_0023,São Paulo,SP,237.83,33.25,credit_card,1,271.08,,
ORD_0000106,1,CUST_000224,São Paulo,SP,delivered,2023-10-11 11:08:43,2023-10-21 11:08:43,2023-10-25 11:08:43,PROD_00082,telephony,Telephony,SELL_0014,São Paulo,SP,168.59,40.33,boleto,1,369.07,5,Not as described
ORD_0000106,2,CUST_000224,São Paulo,SP,delivered,2023-10-11 11:08:43,2023-10-21 11:08:43,2023-10-25 11:08:43,PROD_00163,toys,Toys,SELL_0028,São Paulo,SP,126.7,33.45,boleto,1,369.07,5,Not as described
ORD_0000107,1,CUST_000229,Goiânia,GO,delivered,2024-01-03 09:31:35,2024-01-18 09:31:35,2024-01-17 09:31:35,PROD_00178,electronics,Electronics,SELL_0036,São Paulo,SP,557.55,32.41,credit_card,10,589.96,5,
ORD_0000108,1,CUST_000457,Florianópolis,SC,delivered,2024-07-05 06:16:46,2024-07-20 06:16:46,2024-07-17 06:16:46,PROD_00046,baby,Baby,SELL_0030,Curitiba,PR,19.17,19.63,credit_card,3,38.8,,
ORD_0000109,1,CUST_000435,Rio de Janeiro,RJ,delivered,2024-06-03 20:01:52,2024-06-13 20:01:52,2024-06-14 20:01:52,PROD_00109,stationery,Stationery,SELL_0013,Belo Horizonte,MG,21.03,27.39,credit_card,1,48.42,4,Love it
ORD_0000110,1,CUST_000279,São Paulo,SP,delivered,2024-07-06 15:41:49,2024-07-14 15:41:49,2024-07-20 15:41:49,PROD_00192,garden_tools,Garden Tools,SELL_0024,São Paulo,SP,199.13,12.83,boleto,1,211.96,4,
ORD_0000111,1,CUST_000376,Curitiba,PR,delivered,2023-10-25 04:29:32,2023-11-03 04:29:32,2023-11-09 04:29:32,PROD_00151,auto,Auto,SELL_0024,São Paulo,SP,118.98,8.76,boleto,1,127.74,5,Great product!
ORD_0000112,1,CUST_000351,São Paulo,SP,delivered,2023-06-19 16:08:28,2023-06-27 16:08:28,2023-07-04 16:08:28,PROD_00004,health_beauty,Health & Beauty,SELL_0018,Florianópolis,SC,157.59,6.34,debit_card,1,163.93,3,Fast delivery
ORD_0000113,1,CUST_000447,São Paulo,SP,delivered,2023-05-30 23:46:30,2023-06-07 23:46:30,2023-06-07 23:46:30,PROD_00012,garden_tools,Garden Tools,SELL_0018,Florianópolis,SC,199.19,33.17,credit_card,6,232.36,5,Recommend
ORD_0000114,1,CUST_000022,Rio de Janeiro,RJ,delivered,2024-11-15 06:33:58,2024-11-27 06:33:58,2024-11-24 06:33:58,PROD_00147,bed_bath_table,Bed Bath Table,SELL_0031,São Paulo,SP,251.41,39.53,credit_card,1,290.94,4,OK
ORD_0000115,1,CUST_000021,Belo Horizonte,MG,delivered,2024-10-26 10:06:45,2024-11-07 10:06:45,2024-11-12 10:06:45,PROD_00126,toys,Toys,SELL_0042,Florianópolis,SC,34.33,35.0,credit_card,2,69.33,5,Took too long
ORD_0000116,1,CUST_000292,São Paulo,SP,delivered,2023-06-28 12:41:24,2023-07-04 12:41:24,2023-07-09 12:41:24,PROD_00010,electronics,Electronics,SELL_0046,São Paulo,SP,274.44,29.52,boleto,1,717.17,5,Average
ORD_0000116,2,CUST_000292,São Paulo,SP,delivered,2023-06-28 12:41:24,2023-07-04 12:41:24,2023-07-09 12:41:24,PROD_00181,watches_gifts,Watches & Gifts,SELL_0009,São Paulo,SP,373.37,39.84,boleto,1,717.17,5,Average
ORD_0000117,1,CUST_000129,São Paulo,SP,delivered,2024-01-21 07:33:25,2024-01-25 07:33:25,2024-01-31 07:33:25,PROD_00031,watches_gifts,Watches & Gifts,SELL_0004,São Paulo,SP,46.9,30.5,credit_card,10,77.4,5,Took too long
ORD_0000118,1,CUST_000004,São Paulo,SP,delivered,2024-05-28 04:28:10,2024-06-05 04:28:10,2024-06-05 04:28:10,PROD_00140,watches_gifts,Watches & Gifts,SELL_0042,Florianópolis,SC,153.19,39.1,credit_card,2,192.29,5,Took too long
ORD_0000119,1,CUST_000077,Porto Alegre,RS,delivered,2023-07-11 05:23:38,2023-07-22 05:23:38,2023-07-20 05:23:38,PROD_00086,garden_tools,Garden Tools,SELL_0021,Belo Horizonte,MG,169.08,38.93,credit_card,1,373.28,4,OK
ORD_0000119,2,CUST_000077,Porto Alegre,RS,delivered,2023-07-11 05:23:38,2023-07-22 05:23:38,2023-07-20 05:23:38,PROD_00044,toys,Toys,SELL_0024,São Paulo,SP,136.8,28.47,credit_card,1,373.28,4,OK
ORD_0000120,1,CUST_000247,Rio de Janeiro,RJ,delivered,2024-11-22 15:30:13,2024-12-03 15:30:13,2024-11-30 15:30:13,PROD_00171,sports_leisure,Sports & Leisure,SELL_0043,Belo Horizonte,MG,173.21,38.51,credit_card,1,211.72,4,
ORD_0000121,1,CUST_000125,São Paulo,SP,delivered,2023-02-14 04:36:37,2023-02-25 04:36:37,2023-02-22 04:36:37,PROD_00195,food_drink,Food & Drink,SELL_0006,São Paulo,SP,34.08,34.16,debit_card,1,68.24,1,Perfect!
ORD_0000122,1,CUST_000086,Goiânia,GO,canceled,2023-09-22 05:33:25,,2023-10-13 05:33:25,PROD_00071,watches_gifts,Watches & Gifts,SELL_0027,Porto Alegre,RS,312.09,32.55,credit_card,10,344.64,,
ORD_0000123,1,CUST_000010,São Paulo,SP,canceled,2025-01-06 23:42:52,,2025-01-19 23:42:52,PROD_00001,auto,Auto,SELL_0008,Rio de Janeiro,RJ,119.24,27.42,credit_card,1,146.66,,
ORD_0000124,1,CUST_000445,São Paulo,SP,delivered,2024-05-08 05:14:53,2024-05-20 05:14:53,2024-05-19 05:14:53,PROD_00179,auto,Auto,SELL_0006,São Paulo,SP,43.84,42.21,boleto,1,86.05,4,OK
ORD_0000125,1,CUST_000320,Belo Horizonte,MG,delivered,2024-11-06 16:16:10,2024-11-16 16:16:10,2024-11-19 16:16:10,PROD_00047,garden_tools,Garden Tools,SELL_0038,Rio de Janeiro,RJ,148.61,12.43,credit_card,1,620.16,4,Love it
ORD_0000125,2,CUST_000320,Belo Horizonte,MG,delivered,2024-11-06 16:16:10,2024-11-16 16:16:10,2024-11-19 16:16:10,PROD_00006,baby,Baby,SELL_0014,São Paulo,SP,141.51,36.55,credit_card,1,620.16,4,Love it
ORD_0000125,3,CUST_000320,Belo Horizonte,MG,delivered,2024-11-06 16:16:10,2024-11-16 16:16:10,2024-11-19 16:16:10,PROD_00096,watches_gifts,Watches & Gifts,SELL_0016,São Paulo,SP,240.97,40.09,credit_card,1,620.16,4,Love it
ORD_0000126,1,CUST_000198,Curitiba,PR,shipped,2023-05-16 03:01:12,,2023-06-04 03:01:12,PROD_00165,health_beauty,Health & Beauty,SELL_0048,Rio de Janeiro,RJ,236.52,39.58,credit_card,1,415.28,,
ORD_0000126,2,CUST_000198,Curitiba,PR,shipped,2023-05-16 03:01:12,,2023-06-04 03:01:12,PROD_00034,auto,Auto,SELL_0019,Belo Horizonte,MG,119.01,20.17,credit_card,1,415.28,,
ORD_0000127,1,CUST_000215,São Paulo,SP,delivered,2025-04-26 04:38:06,2025-04-29 04:38:06,2025-05-04 04:38:06,PROD_00145,health_beauty,Health & Beauty,SELL_0013,Belo Horizonte,MG,89.15,14.04,credit_card,2,103.19,5,Average
ORD_0000128,1,CUST_000258,Curitiba,PR,delivered,2025-02-09 03:05:30,2025-02-18 03:05:30,2025-02-23 03:05:30,PROD_00046,baby,Baby,SELL_0029,Belo Horizonte,MG,176.58,15.37,credit_card,1,315.93,4,OK
ORD_0000128,2,CUST_000258,Curitiba,PR,delivered,2025-02-09 03:05:30,2025-02-18 03:05:30,2025-02-23 03:05:30,PROD_00024,baby,Baby,SELL_0023,São Paulo,SP,95.83,28.15,credit_card,1,315.93,4,OK
ORD_0000129,1,CUST_000424,Belo Horizonte,MG,delivered,2023-01-02 21:41:27,2023-01-12 21:41:27,2023-01-16 21:41:27,PROD_00162,stationery,Stationery,SELL_0038,Rio de Janeiro,RJ,56.53,11.82,credit_card,1,68.35,,
ORD_0000130,1,CUST_000405,Porto Alegre,RS,processing,2025-02-26 12:22:37,,2025-03-15 12:22:37,PROD_00146,garden_tools,Garden Tools,SELL_0023,São Paulo,SP,50.03,33.09,credit_card,2,83.12,,
ORD_0000131,1,CUST_000051,Brasília,DF,processing,2024-03-11 04:16:30,,2024-03-31 04:16:30,PROD_00074,garden_tools,Garden Tools,SELL_0033,Belo Horizonte,MG,49.41,32.99,credit_card,1,575.84,,
ORD_0000131,2,CUST_000051,Brasília,DF,processing,2024-03-11 04:16:30,,2024-03-31 04:16:30,PROD_00191,furniture_decor,Furniture & Decor,SELL_0050,São Paulo,SP,484.81,8.63,credit_card,1,575.84,,
ORD_0000132,1,CUST_000210,Salvador,BA,delivered,2023-09-21 06:00:45,2023-10-09 06:00:45,2023-10-14 06:00:45,PROD_00120,telephony,Telephony,SELL_0034,São Paulo,SP,93.04,41.88,credit_card,6,134.92,1,Fast delivery
ORD_0000133,1,CUST_000061,São Paulo,SP,delivered,2024-06-16 00:24:41,2024-06-23 00:24:41,2024-06-26 00:24:41,PROD_00122,fashion_bags,Fashion Bags,SELL_0024,São Paulo,SP,81.73,28.47,credit_card,6,110.2,5,Perfect!
ORD_0000134,1,CUST_000334,Fortaleza,CE,delivered,2024-08-22 08:16:54,2024-09-08 08:16:54,2024-09-14 08:16:54,PROD_00151,auto,Auto,SELL_0007,Porto Alegre,RS,316.93,17.89,credit_card,1,334.82,5,Love it
ORD_0000135,1,CUST_000142,Rio de Janeiro,RJ,delivered,2024-11-27 12:48:13,2024-12-04 12:48:13,2024-12-09 12:48:13,PROD_00003,telephony,Telephony,SELL_0022,Curitiba,PR,64.45,24.02,credit_card,10,88.47,5,Took too long
ORD_0000136,1,CUST_000248,Rio de Janeiro,RJ,delivered,2023-09-17 09:36:22,2023-09-27 09:36:22,2023-10-04 09:36:22,PROD_00048,health_beauty,Health & Beauty,SELL_0030,Curitiba,PR,229.59,17.25,credit_card,1,957.02,5,Took too long
ORD_0000136,2,CUST_000248,Rio de Janeiro,RJ,delivered,2023-09-17 09:36:22,2023-09-27 09:36:22,2023-10-04 09:36:22,PROD_00048,health_beauty,Health & Beauty,SELL_0040,Curitiba,PR,191.73,22.56,credit_card,1,957.02,5,Took too long
ORD_0000136,3,CUST_000248,Rio de Janeiro,RJ,delivered,2023-09-17 09:36:22,2023-09-27 09:36:22,2023-10-04 09:36:22,PROD_00152,computers_accessories,Computers & Accessories,SELL_0026,São Paulo,SP,473.49,22.4,credit_card,1,957.02,5,Took too long
ORD_0000137,1,CUST_000061,São Paulo,SP,canceled,2025-02-04 07:28:50,,2025-02-17 07:28:50,PROD_00065,garden_tools,Garden Tools,SELL_0031,São Paulo,SP,147.44,29.04,credit_card,1,243.92,,
ORD_0000137,2,CUST_000061,São Paulo,SP,canceled,2025-02-04 07:28:50,,2025-02-17 07:28:50,PROD_00103,food_drink,Food & Drink,SELL_0015,Porto Alegre,RS,23.61,43.83,credit_card,1,243.92,,
ORD_0000138,1,CUST_000411,São Paulo,SP,delivered,2024-07-17 19:44:43,2024-07-27 19:44:43,2024-08-03 19:44:43,PROD_00110,auto,Auto,SELL_0026,São Paulo,SP,274.31,43.16,boleto,1,317.47,4,Love it
ORD_0000139,1,CUST_000003,São Paulo,SP,processing,2025-04-03 02:52:09,,2025-04-10 02:52:09,PROD_00132,baby,Baby,SELL_0039,São Paulo,SP,42.45,17.02,credit_card,6,59.47,,
ORD_0000140,1,CUST_000190,Vitória,ES,processing,2023-03-23 19:02:46,,2023-04-07 19:02:46,PROD_00051,watches_gifts,Watches & Gifts,SELL_0009,São Paulo,SP,476.72,27.72,boleto,1,762.3,,
ORD_0000140,2,CUST_000190,Vitória,ES,processing,2023-03-23 19:02:46,,2023-04-07 19:02:46,PROD_00170,telephony,Telephony,SELL_0006,São Paulo,SP,113.28,43.4,boleto,1,762.3,,
ORD_0000140,3,CUST_000190,Vitória,ES,processing,2023-03-23 19:02:46,,2023-04-07 19:02:46,PROD_00197,fashion_bags,Fashion Bags,SELL_0026,São Paulo,SP,82.34,18.84,boleto,1,762.3,,
ORD_0000141,1,CUST_000315,Brasília,DF,delivered,2024-11-02 16:18:45,2024-11-12 16:18:45,2024-11-12 16:18:45,PROD_00169,computers_accessories,Computers & Accessories,SELL_0020,Curitiba,PR,143.57,40.32,credit_card,2,183.89,5,Great product!
ORD_0000142,1,CUST_000436,São Paulo,SP,delivered,2024-11-03 16:18:12,2024-11-08 16:18:12,2024-11-13 16:18:12,PROD_00061,fashion_bags,Fashion Bags,SELL_0047,Florianópolis,SC,347.37,22.46,boleto,1,369.83,5,Took too long
ORD_0000143,1,CUST_000358,Belo Horizonte,MG,delivered,2023-08-26 19:10:43,2023-09-08 19:10:43,2023-09-09 19:10:43,PROD_00143,sports_leisure,Sports & Leisure,SELL_0031,São Paulo,SP,341.35,19.97,credit_card,4,361.32,4,Average
ORD_0000144,1,CUST_000400,São Paulo,SP,delivered,2024-02-14 11:42:25,2024-02-22 11:42:25,2024-02-19 11:42:25,PROD_00121,food_drink,Food & Drink,SELL_0014,São Paulo,SP,36.59,20.76,credit_card,1,57.35,4,Good quality
ORD_0000145,1,CUST_000378,São Paulo,SP,delivered,2024-12-21 02:58:05,2024-12-31 02:58:05,2025-01-01 02:58:05,PROD_00119,furniture_decor,Furniture & Decor,SELL_0007,Porto Alegre,RS,435.49,35.52,credit_card,1,471.01,5,Perfect!
ORD_0000146,1,CUST_000116,São Paulo,SP,delivered,2024-09-12 06:29:59,2024-09-18 06:29:59,2024-09-17 06:29:59,PROD_00196,garden_tools,Garden Tools,SELL_0021,Belo Horizonte,MG,187.7,21.0,boleto,1,208.7,4,Recommend
ORD_0000147,1,CUST_000209,São Paulo,SP,delivered,2024-06-02 03:35:04,2024-06-12 03:35:04,2024-06-17 03:35:04,PROD_00187,bed_bath_table,Bed Bath Table,SELL_0035,Rio de Janeiro,RJ,264.99,28.88,credit_card,1,431.27,5,Took too long
ORD_0000147,2,CUST_000209,São Paulo,SP,delivered,2024-06-02 03:35:04,2024-06-12 03:35:04,2024-06-17 03:35:04,PROD_00089,garden_tools,Garden Tools,SELL_0038,Rio de Janeiro,RJ,102.78,34.62,credit_card,1,431.27,5,Took too long
ORD_0000148,1,CUST_000417,São Paulo,SP,canceled,2025-03-23 18:16:44,,2025-03-30 18:16:44,PROD_00156,garden_tools,Garden Tools,SELL_0024,São Paulo,SP,43.85,14.41,credit_card,3,58.26,,
ORD_0000149,1,CUST_000248,Rio de Janeiro,RJ,delivered,2025-02-27 07:48:21,2025-03-11 07:48:21,2025-03-12 07:48:21,PROD_00001,auto,Auto,SELL_0005,São Paulo,SP,219.54,35.07,credit_card,4,254.61,5,Fast delivery
ORD_0000150,1,CUST_000035,São Paulo,SP,delivered,2024-01-27 20:50:14,2024-02-01 20:50:14,2024-02-04 20:50:14,PROD_00128,stationery,Stationery,SELL_0028,São Paulo,SP,19.1,13.45,boleto,1,32.55,2,Recommend
ORD_0000151,1,CUST_000490,Belo Horizonte,MG,delivered,2023-12-28 16:34:00,2024-01-08 16:34:00,2024-01-10 16:34:00,PROD_00168,watches_gifts,Watches & Gifts,SELL_0020,Curitiba,PR,106.34,11.03,boleto,1,117.37,5,Not as described
ORD_0000152,1,CUST_000039,Porto Alegre,RS,delivered,2024-07-21 05:30:20,2024-08-07 05:30:20,2024-08-08 05:30:20,PROD_00124,auto,Auto,SELL_0027,Porto Alegre,RS,26.67,43.34,credit_card,2,70.01,4,Fast delivery
ORD_0000153,1,CUST_000094,Rio de Janeiro,RJ,delivered,2025-02-03 21:59:58,2025-02-13 21:59:58,2025-02-14 21:59:58,PROD_00175,furniture_decor,Furniture & Decor,SELL_0006,São Paulo,SP,329.72,9.26,credit_card,1,338.98,5,Great product!
ORD_0000154,1,CUST_000106,Brasília,DF,delivered,2023-08-23 06:53:15,2023-09-06 06:53:15,2023-09-04 06:53:15,PROD_00026,health_beauty,Health & Beauty,SELL_0001,Curitiba,PR,169.13,21.18,credit_card,6,190.31,5,Fast delivery
ORD_0000155,1,CUST_000472,Goiânia,GO,delivered,2023-03-22 21:42:31,2023-04-10 21:42:31,2023-04-12 21:42:31,PROD_00148,toys,Toys,SELL_0001,Curitiba,PR,80.98,32.45,boleto,1,113.43,4,Took too long
ORD_0000156,1,CUST_000318,São Paulo,SP,shipped,2023-11-19 15:57:56,,2023-11-24 15:57:56,PROD_00172,bed_bath_table,Bed Bath Table,SELL_0020,Curitiba,PR,135.47,35.85,credit_card,3,171.32,,
ORD_0000157,1,CUST_000392,São Paulo,SP,delivered,2024-06-07 08:25:14,2024-06-16 08:25:14,2024-06-21 08:25:14,PROD_00163,toys,Toys,SELL_0029,Belo Horizonte,MG,26.23,37.29,boleto,1,63.52,5,Great product!
ORD_0000158,1,CUST_000017,Porto Alegre,RS,delivered,2024-05-29 11:25:55,2024-06-08 11:25:55,2024-06-06 11:25:55,PROD_00122,fashion_bags,Fashion Bags,SELL_0024,São Paulo,SP,293.45,38.77,boleto,1,332.22,5,
ORD_0000159,1,CUST_000358,Belo Horizonte,MG,delivered,2024-06-14 14:20:44,2024-06-24 14:20:44,2024-06-26 14:20:44,PROD_00109,stationery,Stationery,SELL_0044,São Paulo,SP,44.88,20.34,credit_card,10,130.79,4,Fast delivery
ORD_0000159,2,CUST_000358,Belo Horizonte,MG,delivered,2024-06-14 14:20:44,2024-06-24 14:20:44,2024-06-26 14:20:44,PROD_00039,sports_leisure,Sports & Leisure,SELL_0046,São Paulo,SP,22.64,42.93,credit_card,10,130.79,4,Fast delivery
ORD_0000160,1,CUST_000314,Rio de Janeiro,RJ,delivered,2023-09-23 05:35:16,2023-10-04 05:35:16,2023-10-06 05:35:16,PROD_00132,baby,Baby,SELL_0030,Curitiba,PR,149.12,34.11,boleto,1,183.23,4,Not as described
ORD_0000161,1,CUST_000188,São Paulo,SP,delivered,2023-07-08 15:27:13,2023-07-14 15:27:13,2023-07-18 15:27:13,PROD_00073,auto,Auto,SELL_0030,Curitiba,PR,28.35,39.72,credit_card,1,68.07,5,Not as described
ORD_0000162,1,CUST_000093,São Paulo,SP,delivered,2024-08-08 04:36:43,2024-08-18 04:36:43,2024-08-18 04:36:43,PROD_00154,watches_gifts,Watches & Gifts,SELL_0022,Curitiba,PR,349.47,15.09,credit_card,6,364.56,5,Not as described
ORD_0000163,1,CUST_000285,São Paulo,SP,delivered,2024-03-18 12:12:09,2024-03-27 12:12:09,2024-04-03 12:12:09,PROD_00007,computers_accessories,Computers & Accessories,SELL_0023,São Paulo,SP,447.92,12.15,credit_card,1,460.07,4,OK
ORD_0000164,1,CUST_000265,Rio de Janeiro,RJ,delivered,2024-06-30 23:20:50,2024-07-13 23:20:50,2024-07-19 23:20:50,PROD_00084,furniture_decor,Furniture & Decor,SELL_0008,Rio de Janeiro,RJ,206.7,6.42,credit_card,6,213.12,5,Love it
ORD_0000165,1,CUST_000025,Curitiba,PR,delivered,2024-02-12 03:44:10,2024-02-21 03:44:10,2024-02-25 03:44:10,PROD_00137,watches_gifts,Watches & Gifts,SELL_0006,São Paulo,SP,374.57,14.95,boleto,1,436.11,5,Love it
ORD_0000165,2,CUST_000025,Curitiba,PR,delivered,2024-02-12 03:44:10,2024-02-21 03:44:10,2024-02-25 03:44:10,PROD_00025,baby,Baby,SELL_0032,Rio de Janeiro,RJ,35.8,10.79,boleto,1,436.11,5,Love it
ORD_0000166,1,CUST_000382,Belo Horizonte,MG,delivered,2023-12-09 08:23:23,2023-12-21 08:23:23,2023-12-23 08:23:23,PROD_00089,garden_tools,Garden Tools,SELL_0016,São Paulo,SP,194.65,32.56,credit_card,1,526.99,5,Fast delivery
ORD_0000166,2,CUST_000382,Belo Horizonte,MG,delivered,2023-12-09 08:23:23,2023-12-21 08:23:23,2023-12-23 08:23:23,PROD_00135,watches_gifts,Watches & Gifts,SELL_0021,Belo Horizonte,MG,293.15,6.63,credit_card,1,526.99,5,Fast delivery
ORD_0000167,1,CUST_000011,Salvador,BA,canceled,2024-02-26 03:22:55,,2024-03-21 03:22:55,PROD_00156,garden_tools,Garden Tools,SELL_0007,Porto Alegre,RS,195.6,30.51,credit_card,2,226.11,,
ORD_0000168,1,CUST_000276,Salvador,BA,delivered,2023-06-28 09:22:20,2023-07-18 09:22:20,2023-07-16 09:22:20,PROD_00186,sports_leisure,Sports & Leisure,SELL_0048,Rio de Janeiro,RJ,49.93,42.1,debit_card,1,92.03,4,Average
ORD_0000169,1,CUST_000196,São Paulo,SP,shipped,2024-09-20 09:29:40,,2024-09-27 09:29:40,PROD_00006,baby,Baby,SELL_0047,Florianópolis,SC,45.35,34.87,credit_card,10,80.22,,
ORD_0000170,1,CUST_000435,Rio de Janeiro,RJ,delivered,2023-03-15 02:10:21,2023-03-27 02:10:21,2023-03-28 02:10:21,PROD_00021,watches_gifts,Watches & Gifts,SELL_0008,Rio de Janeiro,RJ,421.69,22.34,credit_card,1,557.93,5,Average
ORD_0000170,2,CUST_000435,Rio de Janeiro,RJ,delivered,2023-03-15 02:10:21,2023-03-27 02:10:21,2023-03-28 02:10:21,PROD_00147,bed_bath_table,Bed Bath Table,SELL_0033,Belo Horizonte,MG,96.77,17.13,credit_card,1,557.93,5,Average
ORD_0000171,1,CUST_000310,Rio de Janeiro,RJ,delivered,2024-10-22 12:17:56,2024-11-01 12:17:56,2024-11-05 12:17:56,PROD_00063,auto,Auto,SELL_0037,São Paulo,SP,247.58,6.95,credit_card,3,470.78,5,Perfect!
ORD_0000171,2,CUST_000310,Rio de Janeiro,RJ,delivered,2024-10-22 12:17:56,2024-11-01 12:17:56,2024-11-05 12:17:56,PROD_00056,health_beauty,Health & Beauty,SELL_0048,Rio de Janeiro,RJ,193.77,22.48,credit_card,3,470.78,5,Perfect!
ORD_0000172,1,CUST_000212,São Paulo,SP,delivered,2023-06-21 05:54:01,2023-06-25 05:54:01,2023-06-23 05:54:01,PROD_00071,watches_gifts,Watches & Gifts,SELL_0026,São Paulo,SP,260.75,6.83,boleto,1,429.54,3,Took too long
ORD_0000172,2,CUST_000212,São Paulo,SP,delivered,2023-06-21 05:54:01,2023-06-25 05:54:01,2023-06-23 05:54:01,PROD_00174,watches_gifts,Watches & Gifts,SELL_0014,São Paulo,SP,156.76,5.2,boleto,1,429.54,3,Took too long
ORD_0000173,1,CUST_000108,Brasília,DF,canceled,2023-06-20 12:06:06,,2023-07-04 12:06:06,PROD_00169,computers_accessories,Computers & Accessories,SELL_0039,São Paulo,SP,129.92,15.68,credit_card,1,206.79,,
ORD_0000173,2,CUST_000108,Brasília,DF,canceled,2023-06-20 12:06:06,,2023-07-04 12:06:06,PROD_00082,telephony,Telephony,SELL_0046,São Paulo,SP,47.2,13.99,credit_card,1,206.79,,
ORD_0000174,1,CUST_000269,São Paulo,SP,delivered,2025-02-22 02:06:16,2025-03-02 02:06:16,2025-03-03 02:06:16,PROD_00157,auto,Auto,SELL_0030,Curitiba,PR,111.42,33.48,credit_card,2,144.9,5,Fast delivery
ORD_0000175,1,CUST_000118,São Paulo,SP,delivered,2023-09-11 23:18:28,2023-09-19 23:18:28,2023-09-26 23:18:28,PROD_00153,telephony,Telephony,SELL_0036,São Paulo,SP,112.05,20.56,credit_card,2,132.61,,
ORD_0000176,1,CUST_000183,Rio de Janeiro,RJ,canceled,2023-11-30 15:29:55,,2023-12-14 15:29:55,PROD_00082,telephony,Telephony,SELL_0030,Curitiba,PR,116.98,22.78,credit_card,1,139.76,,
ORD_0000177,1,CUST_000228,Curitiba,PR,delivered,2023-05-19 22:34:11,2023-05-28 22:34:11,2023-06-02 22:34:11,PROD_00137,watches_gifts,Watches & Gifts,SELL_0017,São Paulo,SP,354.91,31.92,credit_card,6,386.83,,
ORD_0000178,1,CUST_000159,São Paulo,SP,delivered,2023-12-22 15:34:14,2023-12-31 15:34:14,2024-01-03 15:34:14,PROD_00147,bed_bath_table,Bed Bath Table,SELL_0036,São Paulo,SP,291.12,30.26,credit_card,10,321.38,5,
ORD_0000179,1,CUST_000134,Belo Horizonte,MG,delivered,2023-06-09 09:00:00,2023-06-18 09:00:00,2023-06-15 09:00:00,PROD_00192,garden_tools,Garden Tools,SELL_0019,Belo Horizonte,MG,197.13,19.77,boleto,1,216.9,4,
ORD_0000180,1,CUST_000353,Recife,PE,delivered,2024-05-18 15:19:00,2024-06-05 15:19:00,2024-06-05 15:19:00,PROD_00120,telephony,Telephony,SELL_0011,São Paulo,SP,28.28,29.99,credit_card,6,58.27,4,Great product!
ORD_0000181,1,CUST_000408,Recife,PE,shipped,2023-01-08 17:23:12,,2023-01-28 17:23:12,PROD_00111,computers_accessories,Computers & Accessories,SELL_0049,Curitiba,PR,349.85,35.6,credit_card,1,385.45,,
ORD_0000182,1,CUST_000200,São Paulo,SP,delivered,2025-04-28 12:14:16,2025-05-07 12:14:16,2025-05-12 12:14:16,PROD_00126,toys,Toys,SELL_0035,Rio de Janeiro,RJ,148.56,20.01,credit_card,10,168.57,5,Fast delivery
ORD_0000183,1,CUST_000392,São Paulo,SP,delivered,2025-03-30 19:51:44,2025-04-08 19:51:44,2025-04-06 19:51:44,PROD_00032,stationery,Stationery,SELL_0008,Rio de Janeiro,RJ,12.27,13.73,boleto,1,26.0,4,Love it
ORD_0000184,1,CUST_000094,Rio de Janeiro,RJ,delivered,2023-05-20 09:07:40,2023-05-27 09:07:40,2023-06-02 09:07:40,PROD_00041,fashion_bags,Fashion Bags,SELL_0026,São Paulo,SP,313.74,44.38,credit_card,1,358.12,2,Recommend
ORD_0000185,1,CUST_000252,Florianópolis,SC,canceled,2023-07-12 10:01:09,,2023-08-04 10:01:09,PROD_00193,bed_bath_table,Bed Bath Table,SELL_0018,Florianópolis,SC,84.88,41.02,credit_card,6,125.9,,
ORD_0000186,1,CUST_000138,Belo Horizonte,MG,delivered,2023-05-09 22:28:46,2023-05-21 22:28:46,2023-05-18 22:28:46,PROD_00162,stationery,Stationery,SELL_0041,São Paulo,SP,12.92,40.39,credit_card,10,240.26,5,Fast delivery
ORD_0000186,2,CUST_000138,Belo Horizonte,MG,delivered,2023-05-09 22:28:46,2023-05-21 22:28:46,2023-05-18 22:28:46,PROD_00082,telephony,Telephony,SELL_0015,Porto Alegre,RS,160.65,26.3,credit_card,10,240.26,5,Fast delivery
ORD_0000187,1,CUST_000253,Salvador,BA,unavailable,2023-08-11 10:26:19,,2023-08-24 10:26:19,PROD_00119,furniture_decor,Furniture & Decor,SELL_0011,São Paulo,SP,200.32,41.98,boleto,1,242.3,,
ORD_0000188,1,CUST_000042,São Paulo,SP,delivered,2025-02-07 04:03:17,2025-02-16 04:03:17,2025-02-15 04:03:17,PROD_00001,auto,Auto,SELL_0030,Curitiba,PR,193.44,18.36,credit_card,6,211.8,5,Fast delivery
ORD_0000189,1,CUST_000099,Belo Horizonte,MG,unavailable,2023-09-14 12:53:00,,2023-09-29 12:53:00,PROD_00026,health_beauty,Health & Beauty,SELL_0027,Porto Alegre,RS,105.09,31.12,credit_card,2,136.21,,
ORD_0000190,1,CUST_000127,São Paulo,SP,delivered,2025-01-25 01:12:29,2025-01-30 01:12:29,2025-02-06 01:12:29,PROD_00008,sports_leisure,Sports & Leisure,SELL_0040,Curitiba,PR,255.17,10.54,credit_card,1,265.71,4,OK
ORD_0000191,1,CUST_000107,Rio de Janeiro,RJ,delivered,2024-04-29 12:43:19,2024-05-09 12:43:19,2024-05-07 12:43:19,PROD_00154,watches_gifts,Watches & Gifts,SELL_0002,São Paulo,SP,293.88,21.35,credit_card,4,619.69,3,Perfect!
ORD_0000191,2,CUST_000107,Rio de Janeiro,RJ,delivered,2024-04-29 12:43:19,2024-05-09 12:43:19,2024-05-07 12:43:19,PROD_00157,auto,Auto,SELL_0031,São Paulo,SP,98.73,27.77,credit_card,4,619.69,3,Perfect!
ORD_0000191,3,CUST_000107,Rio de Janeiro,RJ,delivered,2024-04-29 12:43:19,2024-05-09 12:43:19,2024-05-07 12:43:19,PROD_00024,baby,Baby,SELL_0039,São Paulo,SP,172.05,5.91,credit_card,4,619.69,3,Perfect!
ORD_0000192,1,CUST_000130,São Paulo,SP,shipped,2024-05-07 20:19:12,,2024-05-09 20:19:12,PROD_00131,stationery,Stationery,SELL_0011,São Paulo,SP,69.76,39.01,credit_card,1,108.77,,
ORD_0000193,1,CUST_000121,São Paulo,SP,delivered,2024-10-10 13:20:00,2024-10-22 13:20:00,2024-10-19 13:20:00,PROD_00062,sports_leisure,Sports & Leisure,SELL_0013,Belo Horizonte,MG,86.58,42.49,credit_card,3,129.07,,
ORD_0000194,1,CUST_000497,São Paulo,SP,delivered,2023-02-13 18:50:44,2023-02-24 18:50:44,2023-02-26 18:50:44,PROD_00017,health_beauty,Health & Beauty,SELL_0030,Curitiba,PR,225.19,13.28,voucher,1,238.47,5,OK
ORD_0000195,1,CUST_000395,Salvador,BA,delivered,2023-04-02 07:10:31,2023-04-27 07:10:31,2023-05-04 07:10:31,PROD_00155,sports_leisure,Sports & Leisure,SELL_0012,São Paulo,SP,188.59,14.68,credit_card,1,203.27,4,
ORD_0000196,1,CUST_000031,São Paulo,SP,delivered,2023-03-03 11:41:09,2023-03-06 11:41:09,2023-03-05 11:41:09,PROD_00029,auto,Auto,SELL_0011,São Paulo,SP,284.24,38.52,credit_card,4,322.76,5,Perfect!
ORD_0000197,1,CUST_000250,São Paulo,SP,delivered,2023-08-27 10:35:50,2023-09-04 10:35:50,2023-09-07 10:35:50,PROD_00018,stationery,Stationery,SELL_0044,São Paulo,SP,5.52,6.29,boleto,1,11.81,5,
ORD_0000198,1,CUST_000184,São Paulo,SP,delivered,2025-01-11 04:16:57,2025-01-18 04:16:57,2025-01-23 04:16:57,PROD_00121,food_drink,Food & Drink,SELL_0027,Porto Alegre,RS,52.83,7.81,boleto,1,235.55,,
ORD_0000198,2,CUST_000184,São Paulo,SP,delivered,2025-01-11 04:16:57,2025-01-18 04:16:57,2025-01-23 04:16:57,PROD_00184,health_beauty,Health & Beauty,SELL_0039,São Paulo,SP,141.28,33.63,boleto,1,235.55,,
ORD_0000199,1,CUST_000151,São Paulo,SP,delivered,2024-07-09 22:31:12,2024-07-15 22:31:12,2024-07-21 22:31:12,PROD_00183,electronics,Electronics,SELL_0047,Florianópolis,SC,41.01,24.23,boleto,1,605.74,3,Fast delivery
ORD_0000199,2,CUST_000151,São Paulo,SP,delivered,2024-07-09 22:31:12,2024-07-15 22:31:12,2024-07-21 22:31:12,PROD_00075,sports_leisure,Sports & Leisure,SELL_0047,Florianópolis,SC,328.43,38.13,boleto,1,605.74,3,Fast delivery
ORD_0000199,3,CUST_000151,São Paulo,SP,delivered,2024-07-09 22:31:12,2024-07-15 22:31:12,2024-07-21 22:31:12,PROD_00094,telephony,Telephony,SELL_0041,São Paulo,SP,131.84,42.1,boleto,1,605.74,3,Fast delivery
ORD_0000200,1,CUST_000469,Porto Alegre,RS,delivered,2024-07-21 05:04:33,2024-08-07 05:04:33,2024-08-12 05:04:33,PROD_00032,stationery,Stationery,SELL_0049,Curitiba,PR,12.77,38.88,credit_card,4,51.65,5,Perfect!
ORD_0000201,1,CUST_000188,São Paulo,SP,delivered,2024-04-09 00:49:40,2024-04-20 00:49:40,2024-04-22 00:49:40,PROD_00029,auto,Auto,SELL_0043,Belo Horizonte,MG,256.87,19.66,voucher,1,542.9,,
ORD_0000201,2,CUST_000188,São Paulo,SP,delivered,2024-04-09 00:49:40,2024-04-20 00:49:40,2024-04-22 00:49:40,PROD_00037,health_beauty,Health & Beauty,SELL_0014,São Paulo,SP,229.55,36.82,voucher,1,542.9,,
ORD_0000202,1,CUST_000398,Belo Horizonte,MG,delivered,2024-09-27 07:20:46,2024-10-06 07:20:46,2024-10-09 07:20:46,PROD_00165,health_beauty,Health & Beauty,SELL_0046,São Paulo,SP,178.02,23.33,credit_card,10,201.35,4,Not as described
ORD_0000203,1,CUST_000098,Belo Horizonte,MG,delivered,2024-06-20 21:31:49,2024-06-29 21:31:49,2024-06-27 21:31:49,PROD_00194,stationery,Stationery,SELL_0029,Belo Horizonte,MG,24.5,16.81,credit_card,1,566.24,5,Fast delivery
ORD_0000203,2,CUST_000098,Belo Horizonte,MG,delivered,2024-06-20 21:31:49,2024-06-29 21:31:49,2024-06-27 21:31:49,PROD_00116,electronics,Electronics,SELL_0039,São Paulo,SP,497.2,27.73,credit_card,1,566.24,5,Fast delivery
ORD_0000204,1,CUST_000050,Rio de Janeiro,RJ,delivered,2024-06-19 21:04:02,2024-07-03 21:04:02,2024-07-03 21:04:02,PROD_00038,food_drink,Food & Drink,SELL_0024,São Paulo,SP,35.13,6.04,credit_card,1,241.18,1,Good quality
ORD_0000204,2,CUST_000050,Rio de Janeiro,RJ,delivered,2024-06-19 21:04:02,2024-07-03 21:04:02,2024-07-03 21:04:02,PROD_00093,health_beauty,Health & Beauty,SELL_0046,São Paulo,SP,182.74,17.27,credit_card,1,241.18,1,Good quality
ORD_0000205,1,CUST_000055,São Paulo,SP,delivered,2024-05-12 06:06:02,2024-05-18 06:06:02,2024-05-24 06:06:02,PROD_00079,bed_bath_table,Bed Bath Table,SELL_0019,Belo Horizonte,MG,155.7,22.59,credit_card,6,178.29,5,Took too long
ORD_0000206,1,CUST_000132,São Paulo,SP,delivered,2023-02-20 11:14:38,2023-02-25 11:14:38,2023-03-04 11:14:38,PROD_00178,electronics,Electronics,SELL_0025,Rio de Janeiro,RJ,111.77,29.3,credit_card,1,267.79,4,Perfect!
ORD_0000206,2,CUST_000132,São Paulo,SP,delivered,2023-02-20 11:14:38,2023-02-25 11:14:38,2023-03-04 11:14:38,PROD_00164,bed_bath_table,Bed Bath Table,SELL_0038,Rio de Janeiro,RJ,87.68,39.04,credit_card,1,267.79,4,Perfect!
ORD_0000207,1,CUST_000252,Florianópolis,SC,delivered,2023-03-23 14:51:40,2023-04-09 14:51:40,2023-04-06 14:51:40,PROD_00004,health_beauty,Health & Beauty,SELL_0048,Rio de Janeiro,RJ,75.96,33.85,credit_card,1,109.81,3,OK
ORD_0000208,1,CUST_000422,São Paulo,SP,delivered,2024-09-23 08:33:02,2024-09-26 08:33:02,2024-09-24 08:33:02,PROD_00159,stationery,Stationery,SELL_0042,Florianópolis,SC,72.5,43.9,credit_card,6,116.4,4,Great product!
ORD_0000209,1,CUST_000484,São Paulo,SP,delivered,2023-08-10 16:06:06,2023-08-19 16:06:06,2023-08-19 16:06:06,PROD_00129,furniture_decor,Furniture & Decor,SELL_0032,Rio de Janeiro,RJ,216.01,19.97,boleto,1,235.98,5,Took too long
ORD_0000210,1,CUST_000292,São Paulo,SP,delivered,2024-10-02 05:35:47,2024-10-13 05:35:47,2024-10-20 05:35:47,PROD_00135,watches_gifts,Watches & Gifts,SELL_0025,Rio de Janeiro,RJ,251.39,24.36,credit_card,1,275.75,4,Not as described
ORD_0000211,1,CUST_000296,Porto Alegre,RS,delivered,2024-01-02 21:29:44,2024-01-17 21:29:44,2024-01-20 21:29:44,PROD_00017,health_beauty,Health & Beauty,SELL_0015,Porto Alegre,RS,95.46,17.37,credit_card,10,112.83,5,Fast delivery
ORD_0000212,1,CUST_000259,São Paulo,SP,delivered,2023-12-12 21:10:34,2023-12-21 21:10:34,2023-12-23 21:10:34,PROD_00200,furniture_decor,Furniture & Decor,SELL_0013,Belo Horizonte,MG,448.11,9.78,credit_card,1,457.89,4,
ORD_0000213,1,CUST_000282,Porto Alegre,RS,delivered,2023-11-29 11:26:48,2023-12-10 11:26:48,2023-12-10 11:26:48,PROD_00146,garden_tools,Garden Tools,SELL_0048,Rio de Janeiro,RJ,183.41,41.25,credit_card,3,224.66,5,Good quality
ORD_0000214,1,CUST_000193,Cuiabá,MT,delivered,2025-02-23 17:59:47,2025-03-08 17:59:47,2025-03-12 17:59:47,PROD_00190,fashion_bags,Fashion Bags,SELL_0026,São Paulo,SP,104.94,31.57,credit_card,4,400.54,,
ORD_0000214,2,CUST_000193,Cuiabá,MT,delivered,2025-02-23 17:59:47,2025-03-08 17:59:47,2025-03-12 17:59:47,PROD_00026,health_beauty,Health & Beauty,SELL_0018,Florianópolis,SC,238.73,25.3,credit_card,4,400.54,,
ORD_0000215,1,CUST_000492,São Paulo,SP,delivered,2024-02-11 00:46:02,2024-02-23 00:46:02,2024-02-20 00:46:02,PROD_00190,fashion_bags,Fashion Bags,SELL_0004,São Paulo,SP,228.96,8.18,credit_card,1,1151.57,5,Great product!
ORD_0000215,2,CUST_000492,São Paulo,SP,delivered,2024-02-11 00:46:02,2024-02-23 00:46:02,2024-02-20 00:46:02,PROD_00146,garden_tools,Garden Tools,SELL_0048,Rio de Janeiro,RJ,109.36,14.79,credit_card,1,1151.57,5,Great product!
ORD_0000215,3,CUST_000492,São Paulo,SP,delivered,2024-02-11 00:46:02,2024-02-23 00:46:02,2024-02-20 00:46:02,PROD_00177,computers_accessories,Computers & Accessories,SELL_0015,Porto Alegre,RS,750.98,39.3,credit_card,1,1151.57,5,Great product!
ORD_0000216,1,CUST_000154,São Paulo,SP,delivered,2023-08-16 06:54:20,2023-08-28 06:54:20,2023-09-02 06:54:20,PROD_00046,baby,Baby,SELL_0036,São Paulo,SP,21.64,29.37,credit_card,4,222.95,4,Not as described
ORD_0000216,2,CUST_000154,São Paulo,SP,delivered,2023-08-16 06:54:20,2023-08-28 06:54:20,2023-09-02 06:54:20,PROD_00024,baby,Baby,SELL_0005,São Paulo,SP,137.61,34.33,credit_card,4,222.95,4,Not as described
ORD_0000217,1,CUST_000262,São Paulo,SP,delivered,2024-07-23 18:59:36,2024-07-30 18:59:36,2024-08-01 18:59:36,PROD_00016,stationery,Stationery,SELL_0049,Curitiba,PR,20.58,14.76,credit_card,4,35.34,5,Great product!
ORD_0000218,1,CUST_000456,Rio de Janeiro,RJ,delivered,2024-08-19 07:14:16,2024-08-30 07:14:16,2024-09-05 07:14:16,PROD_00026,health_beauty,Health & Beauty,SELL_0021,Belo Horizonte,MG,141.18,36.26,credit_card,1,177.44,5,Recommend
ORD_0000219,1,CUST_000470,Florianópolis,SC,delivered,2023-08-11 23:04:46,2023-08-19 23:04:46,2023-08-25 23:04:46,PROD_00123,health_beauty,Health & Beauty,SELL_0013,Belo Horizonte,MG,42.36,8.34,credit_card,1,50.7,5,Average
ORD_0000220,1,CUST_000420,São Paulo,SP,delivered,2023-04-08 19:41:19,2023-04-16 19:41:19,2023-04-19 19:41:19,PROD_00056,health_beauty,Health & Beauty,SELL_0001,Curitiba,PR,155.6,17.0,credit_card,1,172.6,5,
ORD_0000221,1,CUST_000041,São Paulo,SP,delivered,2025-03-09 01:58:49,2025-03-11 01:58:49,2025-03-11 01:58:49,PROD_00029,auto,Auto,SELL_0042,Florianópolis,SC,256.19,22.71,credit_card,4,278.9,3,Average
ORD_0000222,1,CUST_000383,Rio de Janeiro,RJ,delivered,2024-10-30 19:59:00,2024-11-12 19:59:00,2024-11-09 19:59:00,PROD_00163,toys,Toys,SELL_0001,Curitiba,PR,96.02,23.25,credit_card,1,119.27,4,Fast delivery
ORD_0000223,1,CUST_000157,Rio de Janeiro,RJ,delivered,2024-06-20 01:20:34,2024-06-29 01:20:34,2024-07-06 01:20:34,PROD_00154,watches_gifts,Watches & Gifts,SELL_0022,Curitiba,PR,149.96,30.25,credit_card,1,410.53,5,Love it
ORD_0000223,2,CUST_000157,Rio de Janeiro,RJ,delivered,2024-06-20 01:20:34,2024-06-29 01:20:34,2024-07-06 01:20:34,PROD_00124,auto,Auto,SELL_0020,Curitiba,PR,187.26,43.06,credit_card,1,410.53,5,Love it
ORD_0000224,1,CUST_000375,Belo Horizonte,MG,delivered,2024-02-07 14:48:38,2024-02-17 14:48:38,2024-02-20 14:48:38,PROD_00064,garden_tools,Garden Tools,SELL_0033,Belo Horizonte,MG,74.82,32.11,boleto,1,437.44,4,OK
ORD_0000224,2,CUST_000375,Belo Horizonte,MG,delivered,2024-02-07 14:48:38,2024-02-17 14:48:38,2024-02-20 14:48:38,PROD_00161,furniture_decor,Furniture & Decor,SELL_0012,São Paulo,SP,286.42,44.09,boleto,1,437.44,4,OK
ORD_0000225,1,CUST_000149,São Paulo,SP,delivered,2025-03-16 12:09:08,2025-03-24 12:09:08,2025-03-25 12:09:08,PROD_00131,stationery,Stationery,SELL_0005,São Paulo,SP,40.29,11.53,credit_card,6,51.82,1,Average
ORD_0000226,1,CUST_000044,Belo Horizonte,MG,delivered,2024-02-13 16:27:49,2024-02-21 16:27:49,2024-02-25 16:27:49,PROD_00025,baby,Baby,SELL_0041,São Paulo,SP,167.67,22.73,credit_card,4,190.4,5,Good quality
ORD_0000227,1,CUST_000287,São Paulo,SP,delivered,2023-07-22 15:25:41,2023-08-02 15:25:41,2023-08-02 15:25:41,PROD_00047,garden_tools,Garden Tools,SELL_0015,Porto Alegre,RS,46.78,9.35,credit_card,1,56.13,5,Love it
ORD_0000228,1,CUST_000037,Rio de Janeiro,RJ,delivered,2023-09-30 13:20:43,2023-10-10 13:20:43,2023-10-13 13:20:43,PROD_00079,bed_bath_table,Bed Bath Table,SELL_0007,Porto Alegre,RS,113.0,26.22,credit_card,2,139.22,5,Recommend
ORD_0000229,1,CUST_000188,São Paulo,SP,delivered,2023-12-23 06:20:22,2024-01-01 06:20:22,2024-01-05 06:20:22,PROD_00157,auto,Auto,SELL_0021,Belo Horizonte,MG,85.45,31.88,boleto,1,117.33,5,Fast delivery
ORD_0000230,1,CUST_000320,Belo Horizonte,MG,delivered,2023-05-30 14:02:59,2023-06-13 14:02:59,2023-06-12 14:02:59,PROD_00102,sports_leisure,Sports & Leisure,SELL_0040,Curitiba,PR,318.61,39.09,credit_card,10,357.7,4,Love it
ORD_0000231,1,CUST_000388,São Paulo,SP,delivered,2025-01-15 02:07:47,2025-01-28 02:07:47,2025-01-29 02:07:47,PROD_00133,stationery,Stationery,SELL_0027,Porto Alegre,RS,78.59,31.14,debit_card,1,109.73,5,Great product!
ORD_0000232,1,CUST_000008,São Paulo,SP,delivered,2023-12-18 22:51:07,2023-12-23 22:51:07,2023-12-25 22:51:07,PROD_00068,electronics,Electronics,SELL_0020,Curitiba,PR,343.59,39.25,credit_card,4,382.84,4,Fast delivery
ORD_0000233,1,CUST_000108,Brasília,DF,delivered,2025-01-27 17:13:13,2025-02-04 17:13:13,2025-02-03 17:13:13,PROD_00086,garden_tools,Garden Tools,SELL_0021,Belo Horizonte,MG,148.07,38.17,boleto,1,186.24,5,Took too long
ORD_0000234,1,CUST_000356,Porto Alegre,RS,processing,2024-12-16 21:01:24,,2025-01-02 21:01:24,PROD_00145,health_beauty,Health & Beauty,SELL_0049,Curitiba,PR,107.48,21.68,boleto,1,129.16,,
ORD_0000235,1,CUST_000023,Belo Horizonte,MG,delivered,2023-09-19 05:03:18,2023-09-30 05:03:18,2023-09-27 05:03:18,PROD_00105,garden_tools,Garden Tools,SELL_0030,Curitiba,PR,77.19,37.21,credit_card,1,114.4,4,Perfect!
ORD_0000236,1,CUST_000035,São Paulo,SP,delivered,2024-02-02 21:17:42,2024-02-13 21:17:42,2024-02-10 21:17:42,PROD_00181,watches_gifts,Watches & Gifts,SELL_0017,São Paulo,SP,117.06,31.48,credit_card,1,148.54,,
ORD_0000237,1,CUST_000150,Porto Alegre,RS,unavailable,2024-10-26 12:14:24,,2024-11-17 12:14:24,PROD_00007,computers_accessories,Computers & Accessories,SELL_0021,Belo Horizonte,MG,277.82,36.64,credit_card,3,805.21,,
ORD_0000237,2,CUST_000150,Porto Alegre,RS,unavailable,2024-10-26 12:14:24,,2024-11-17 12:14:24,PROD_00144,furniture_decor,Furniture & Decor,SELL_0040,Curitiba,PR,453.85,36.9,credit_card,3,805.21,,
ORD_0000238,1,CUST_000273,São Paulo,SP,delivered,2023-04-01 05:12:32,2023-04-10 05:12:32,2023-04-07 05:12:32,PROD_00071,watches_gifts,Watches & Gifts,SELL_0021,Belo Horizonte,MG,71.28,14.73,credit_card,2,86.01,4,Great product!
ORD_0000239,1,CUST_000127,São Paulo,SP,delivered,2024-06-26 09:21:31,2024-07-02 09:21:31,2024-07-09 09:21:31,PROD_00185,electronics,Electronics,SELL_0003,Rio de Janeiro,RJ,425.23,43.08,credit_card,6,468.31,5,Love it
ORD_0000240,1,CUST_000155,São Paulo,SP,delivered,2023-08-30 16:17:51,2023-09-09 16:17:51,2023-09-06 16:17:51,PROD_00181,watches_gifts,Watches & Gifts,SELL_0039,São Paulo,SP,253.78,16.21,credit_card,4,269.99,4,Good quality
ORD_0000241,1,CUST_000484,São Paulo,SP,processing,2024-07-22 08:14:09,,2024-08-01 08:14:09,PROD_00026,health_beauty,Health & Beauty,SELL_0035,Rio de Janeiro,RJ,28.19,18.71,credit_card,1,46.9,,
ORD_0000242,1,CUST_000267,São Paulo,SP,delivered,2024-11-25 19:55:40,2024-12-02 19:55:40,2024-12-08 19:55:40,PROD_00073,auto,Auto,SELL_0048,Rio de Janeiro,RJ,52.2,10.37,credit_card,4,62.57,3,Fast delivery
ORD_0000243,1,CUST_000079,São Paulo,SP,delivered,2024-03-12 09:58:38,2024-03-20 09:58:38,2024-03-25 09:58:38,PROD_00199,auto,Auto,SELL_0010,Rio de Janeiro,RJ,260.37,37.97,boleto,1,298.34,4,Great product!
ORD_0000244,1,CUST_000351,São Paulo,SP,delivered,2025-03-30 06:55:08,2025-04-08 06:55:08,2025-04-07 06:55:08,PROD_00052,telephony,Telephony,SELL_0021,Belo Horizonte,MG,177.31,22.53,credit_card,1,199.84,3,Fast delivery
ORD_0000245,1,CUST_000221,São Paulo,SP,processing,2025-02-27 04:41:59,,2025-03-03 04:41:59,PROD_00170,telephony,Telephony,SELL_0019,Belo Horizonte,MG,93.0,26.24,credit_card,4,119.24,,
ORD_0000246,1,CUST_000095,Recife,PE,shipped,2023-11-22 04:46:01,,2023-12-13 04:46:01,PROD_00198,stationery,Stationery,SELL_0045,São Paulo,SP,62.74,39.83,voucher,1,102.57,,
ORD_0000247,1,CUST_000156,São Paulo,SP,processing,2024-03-29 23:59:52,,2024-04-03 23:59:52,PROD_00093,health_beauty,Health & Beauty,SELL_0014,São Paulo,SP,227.7,22.83,credit_card,10,445.85,,
ORD_0000247,2,CUST_000156,São Paulo,SP,processing,2024-03-29 23:59:52,,2024-04-03 23:59:52,PROD_00083,auto,Auto,SELL_0022,Curitiba,PR,171.89,23.43,credit_card,10,445.85,,
ORD_0000248,1,CUST_000068,São Paulo,SP,delivered,2023-07-09 00:48:39,2023-07-22 00:48:39,2023-07-28 00:48:39,PROD_00181,watches_gifts,Watches & Gifts,SELL_0002,São Paulo,SP,144.33,29.14,boleto,1,173.47,,
ORD_0000249,1,CUST_000119,Florianópolis,SC,delivered,2024-09-02 07:14:43,2024-09-20 07:14:43,2024-09-24 07:14:43,PROD_00106,baby,Baby,SELL_0004,São Paulo,SP,85.51,37.24,credit_card,1,122.75,5,OK
ORD_0000250,1,CUST_000365,Fortaleza,CE,delivered,2024-10-27 11:11:54,2024-11-17 11:11:54,2024-11-16 11:11:54,PROD_00132,baby,Baby,SELL_0003,Rio de Janeiro,RJ,76.62,27.63,credit_card,6,104.25,2,
ORD_0000251,1,CUST_000099,Belo Horizonte,MG,processing,2023-08-20 01:26:48,,2023-09-09 01:26:48,PROD_00084,furniture_decor,Furniture & Decor,SELL_0037,São Paulo,SP,482.48,24.68,credit_card,1,534.58,,
ORD_0000251,2,CUST_000099,Belo Horizonte,MG,processing,2023-08-20 01:26:48,,2023-09-09 01:26:48,PROD_00163,toys,Toys,SELL_0006,São Paulo,SP,19.4,8.02,credit_card,1,534.58,,
ORD_0000252,1,CUST_000104,São Paulo,SP,shipped,2025-02-14 06:04:11,,2025-02-23 06:04:11,PROD_00137,watches_gifts,Watches & Gifts,SELL_0006,São Paulo,SP,95.95,25.54,credit_card,2,357.02,,
ORD_0000252,2,CUST_000104,São Paulo,SP,shipped,2025-02-14 06:04:11,,2025-02-23 06:04:11,PROD_00120,telephony,Telephony,SELL_0049,Curitiba,PR,190.81,44.72,credit_card,2,357.02,,
ORD_0000253,1,CUST_000444,São Paulo,SP,delivered,2024-04-13 07:27:25,2024-04-20 07:27:25,2024-04-26 07:27:25,PROD_00111,computers_accessories,Computers & Accessories,SELL_0048,Rio de Janeiro,RJ,659.67,23.63,boleto,1,943.61,,
ORD_0000253,2,CUST_000444,São Paulo,SP,delivered,2024-04-13 07:27:25,2024-04-20 07:27:25,2024-04-26 07:27:25,PROD_00167,electronics,Electronics,SELL_0037,São Paulo,SP,248.04,12.27,boleto,1,943.61,,
ORD_0000254,1,CUST_000305,Recife,PE,delivered,2024-07-03 16:41:56,2024-07-15 16:41:56,2024-07-13 16:41:56,PROD_00200,furniture_decor,Furniture & Decor,SELL_0028,São Paulo,SP,427.85,37.81,boleto,1,465.66,5,Good quality
ORD_0000255,1,CUST_000232,Rio de Janeiro,RJ,delivered,2024-04-12 01:56:15,2024-04-19 01:56:15,2024-04-26 01:56:15,PROD_00076,bed_bath_table,Bed Bath Table,SELL_0002,São Paulo,SP,26.75,38.13,credit_card,1,64.88,5,OK
ORD_0000256,1,CUST_000493,Florianópolis,SC,shipped,2023-02-20 06:18:28,,2023-03-09 06:18:28,PROD_00110,auto,Auto,SELL_0038,Rio de Janeiro,RJ,65.42,39.22,credit_card,1,104.64,,
ORD_0000257,1,CUST_000086,Goiânia,GO,delivered,2024-03-08 09:39:58,2024-03-17 09:39:58,2024-03-15 09:39:58,PROD_00137,watches_gifts,Watches & Gifts,SELL_0050,São Paulo,SP,239.72,31.62,credit_card,6,753.7,5,Not as described
ORD_0000257,2,CUST_000086,Goiânia,GO,delivered,2024-03-08 09:39:58,2024-03-17 09:39:58,2024-03-15 09:39:58,PROD_00091,watches_gifts,Watches & Gifts,SELL_0037,São Paulo,SP,448.76,33.6,credit_card,6,753.7,5,Not as described
ORD_0000258,1,CUST_000370,Rio de Janeiro,RJ,canceled,2024-05-27 03:11:49,,2024-06-12 03:11:49,PROD_00038,food_drink,Food & Drink,SELL_0002,São Paulo,SP,18.72,12.26,credit_card,1,30.98,,
ORD_0000259,1,CUST_000070,Belo Horizonte,MG,delivered,2024-02-07 13:20:28,2024-02-23 13:20:28,2024-02-27 13:20:28,PROD_00011,toys,Toys,SELL_0005,São Paulo,SP,119.12,26.6,credit_card,10,145.72,3,Good quality
ORD_0000260,1,CUST_000047,São Paulo,SP,delivered,2023-09-14 10:44:41,2023-09-18 10:44:41,2023-09-16 10:44:41,PROD_00059,toys,Toys,SELL_0011,São Paulo,SP,102.14,13.07,credit_card,1,366.4,4,Not as described
ORD_0000260,2,CUST_000047,São Paulo,SP,delivered,2023-09-14 10:44:41,2023-09-18 10:44:41,2023-09-16 10:44:41,PROD_00070,computers_accessories,Computers & Accessories,SELL_0050,São Paulo,SP,209.39,41.8,credit_card,1,366.4,4,Not as described
ORD_0000261,1,CUST_000059,Rio de Janeiro,RJ,delivered,2024-12-24 14:40:23,2025-01-02 14:40:23,2025-01-08 14:40:23,PROD_00113,computers_accessories,Computers & Accessories,SELL_0002,São Paulo,SP,124.79,42.92,boleto,1,167.71,,
ORD_0000262,1,CUST_000487,São Paulo,SP,delivered,2023-06-13 12:35:24,2023-06-14 12:35:24,2023-06-20 12:35:24,PROD_00190,fashion_bags,Fashion Bags,SELL_0029,Belo Horizonte,MG,107.18,6.97,credit_card,3,253.07,1,Not as described
ORD_0000262,2,CUST_000487,São Paulo,SP,delivered,2023-06-13 12:35:24,2023-06-14 12:35:24,2023-06-20 12:35:24,PROD_00051,watches_gifts,Watches & Gifts,SELL_0008,Rio de Janeiro,RJ,118.7,20.22,credit_card,3,253.07,1,Not as described
ORD_0000263,1,CUST_000447,São Paulo,SP,delivered,2024-11-06 04:10:55,2024-11-11 04:10:55,2024-11-15 04:10:55,PROD_00130,garden_tools,Garden Tools,SELL_0008,Rio de Janeiro,RJ,183.52,33.98,credit_card,4,829.57,5,Perfect!
ORD_0000263,2,CUST_000447,São Paulo,SP,delivered,2024-11-06 04:10:55,2024-11-11 04:10:55,2024-11-15 04:10:55,PROD_00194,stationery,Stationery,SELL_0048,Rio de Janeiro,RJ,20.72,42.63,credit_card,4,829.57,5,Perfect!
ORD_0000263,3,CUST_000447,São Paulo,SP,delivered,2024-11-06 04:10:55,2024-11-11 04:10:55,2024-11-15 04:10:55,PROD_00092,electronics,Electronics,SELL_0013,Belo Horizonte,MG,531.04,17.68,credit_card,4,829.57,5,Perfect!
ORD_0000264,1,CUST_000148,Porto Alegre,RS,canceled,2024-10-03 05:07:57,,2024-10-15 05:07:57,PROD_00130,garden_tools,Garden Tools,SELL_0008,Rio de Janeiro,RJ,78.37,15.21,credit_card,2,349.49,,
ORD_0000264,2,CUST_000148,Porto Alegre,RS,canceled,2024-10-03 05:07:57,,2024-10-15 05:07:57,PROD_00005,food_drink,Food & Drink,SELL_0026,São Paulo,SP,8.38,37.14,credit_card,2,349.49,,
ORD_0000264,3,CUST_000148,Porto Alegre,RS,canceled,2024-10-03 05:07:57,,2024-10-15 05:07:57,PROD_00091,watches_gifts,Watches & Gifts,SELL_0005,São Paulo,SP,192.99,17.4,credit_card,2,349.49,,
ORD_0000265,1,CUST_000319,Belo Horizonte,MG,shipped,2025-02-22 08:00:29,,2025-03-11 08:00:29,PROD_00167,electronics,Electronics,SELL_0006,São Paulo,SP,227.97,44.99,boleto,1,739.34,,
ORD_0000265,2,CUST_000319,Belo Horizonte,MG,shipped,2025-02-22 08:00:29,,2025-03-11 08:00:29,PROD_00165,health_beauty,Health & Beauty,SELL_0002,São Paulo,SP,205.39,40.04,boleto,1,739.34,,
ORD_0000265,3,CUST_000319,Belo Horizonte,MG,shipped,2025-02-22 08:00:29,,2025-03-11 08:00:29,PROD_00187,bed_bath_table,Bed Bath Table,SELL_0010,Rio de Janeiro,RJ,203.02,17.93,boleto,1,739.34,,
ORD_0000266,1,CUST_000122,Rio de Janeiro,RJ,delivered,2023-08-11 18:42:30,2023-08-17 18:42:30,2023-08-23 18:42:30,PROD_00003,telephony,Telephony,SELL_0045,São Paulo,SP,55.83,11.23,credit_card,10,67.06,,
ORD_0000267,1,CUST_000308,São Paulo,SP,delivered,2023-01-07 07:56:35,2023-01-16 07:56:35,2023-01-15 07:56:35,PROD_00016,stationery,Stationery,SELL_0048,Rio de Janeiro,RJ,49.72,13.39,credit_card,2,211.93,5,Good quality
ORD_0000267,2,CUST_000308,São Paulo,SP,delivered,2023-01-07 07:56:35,2023-01-16 07:56:35,2023-01-15 07:56:35,PROD_00076,bed_bath_table,Bed Bath Table,SELL_0011,São Paulo,SP,127.22,21.6,credit_card,2,211.93,5,Good quality
ORD_0000268,1,CUST_000076,Porto Alegre,RS,shipped,2023-02-26 20:22:02,,2023-03-16 20:22:02,PROD_00133,stationery,Stationery,SELL_0043,Belo Horizonte,MG,77.4,34.68,boleto,1,112.08,,
ORD_0000269,1,CUST_000153,São Paulo,SP,unavailable,2023-12-06 02:03:06,,2023-12-22 02:03:06,PROD_00029,auto,Auto,SELL_0014,São Paulo,SP,278.5,6.2,credit_card,1,284.7,,
ORD_0000270,1,CUST_000355,São Paulo,SP,delivered,2024-12-17 19:36:50,2024-12-27 19:36:50,2025-01-02 19:36:50,PROD_00096,watches_gifts,Watches & Gifts,SELL_0021,Belo Horizonte,MG,456.31,15.61,credit_card,3,471.92,,
ORD_0000271,1,CUST_000185,Rio de Janeiro,RJ,delivered,2023-02-06 02:49:19,2023-02-18 02:49:19,2023-02-23 02:49:19,PROD_00085,food_drink,Food & Drink,SELL_0048,Rio de Janeiro,RJ,9.48,23.82,voucher,1,72.21,5,Good quality
ORD_0000271,2,CUST_000185,Rio de Janeiro,RJ,delivered,2023-02-06 02:49:19,2023-02-18 02:49:19,2023-02-23 02:49:19,PROD_00105,garden_tools,Garden Tools,SELL_0039,São Paulo,SP,18.83,20.08,voucher,1,72.21,5,Good quality
ORD_0000272,1,CUST_000034,São Paulo,SP,shipped,2023-10-27 15:08:07,,2023-11-04 15:08:07,PROD_00041,fashion_bags,Fashion Bags,SELL_0015,Porto Alegre,RS,67.04,18.95,boleto,1,85.99,,
ORD_0000273,1,CUST_000212,São Paulo,SP,delivered,2024-06-21 06:44:13,2024-06-28 06:44:13,2024-06-26 06:44:13,PROD_00017,health_beauty,Health & Beauty,SELL_0027,Porto Alegre,RS,41.42,24.03,credit_card,1,65.45,4,Great product!
ORD_0000274,1,CUST_000248,Rio de Janeiro,RJ,delivered,2025-01-11 22:38:59,2025-01-17 22:38:59,2025-01-19 22:38:59,PROD_00155,sports_leisure,Sports & Leisure,SELL_0031,São Paulo,SP,327.58,5.03,voucher,1,332.61,5,Great product!
ORD_0000275,1,CUST_000133,Rio de Janeiro,RJ,delivered,2024-06-22 18:39:22,2024-06-28 18:39:22,2024-07-02 18:39:22,PROD_00066,food_drink,Food & Drink,SELL_0024,São Paulo,SP,14.67,31.25,boleto,1,292.02,3,Great product!
ORD_0000275,2,CUST_000133,Rio de Janeiro,RJ,delivered,2024-06-22 18:39:22,2024-06-28 18:39:22,2024-07-02 18:39:22,PROD_00172,bed_bath_table,Bed Bath Table,SELL_0048,Rio de Janeiro,RJ,221.99,24.11,boleto,1,292.02,3,Great product!
ORD_0000276,1,CUST_000414,Rio de Janeiro,RJ,unavailable,2023-07-04 19:14:45,,2023-07-10 19:14:45,PROD_00057,toys,Toys,SELL_0010,Rio de Janeiro,RJ,82.06,37.22,credit_card,1,119.28,,
ORD_0000277,1,CUST_000061,São Paulo,SP,delivered,2023-01-25 14:40:50,2023-02-05 14:40:50,2023-02-08 14:40:50,PROD_00191,furniture_decor,Furniture & Decor,SELL_0040,Curitiba,PR,93.08,21.15,voucher,1,114.23,5,
ORD_0000278,1,CUST_000024,São Paulo,SP,delivered,2023-12-08 11:35:51,2023-12-09 11:35:51,2023-12-10 11:35:51,PROD_00065,garden_tools,Garden Tools,SELL_0022,Curitiba,PR,45.08,31.37,credit_card,3,76.45,2,Not as described
ORD_0000279,1,CUST_000131,São Paulo,SP,delivered,2025-03-20 02:19:19,2025-03-30 02:19:19,2025-04-02 02:19:19,PROD_00172,bed_bath_table,Bed Bath Table,SELL_0018,Florianópolis,SC,187.47,25.68,boleto,1,936.93,,
ORD_0000279,2,CUST_000131,São Paulo,SP,delivered,2025-03-20 02:19:19,2025-03-30 02:19:19,2025-04-02 02:19:19,PROD_00084,furniture_decor,Furniture & Decor,SELL_0038,Rio de Janeiro,RJ,276.33,31.45,boleto,1,936.93,,
ORD_0000279,3,CUST_000131,São Paulo,SP,delivered,2025-03-20 02:19:19,2025-03-30 02:19:19,2025-04-02 02:19:19,PROD_00009,watches_gifts,Watches & Gifts,SELL_0041,São Paulo,SP,379.01,36.99,boleto,1,936.93,,
ORD_0000280,1,CUST_000371,São Luís,MA,delivered,2024-08-05 19:01:53,2024-08-24 19:01:53,2024-08-31 19:01:53,PROD_00047,garden_tools,Garden Tools,SELL_0016,São Paulo,SP,12.72,30.39,credit_card,1,213.55,5,Good quality
ORD_0000280,2,CUST_000371,São Luís,MA,delivered,2024-08-05 19:01:53,2024-08-24 19:01:53,2024-08-31 19:01:53,PROD_00102,sports_leisure,Sports & Leisure,SELL_0031,São Paulo,SP,142.56,27.88,credit_card,1,213.55,5,Good quality
ORD_0000281,1,CUST_000246,Belo Horizonte,MG,delivered,2024-04-30 01:41:08,2024-05-14 01:41:08,2024-05-16 01:41:08,PROD_00148,toys,Toys,SELL_0030,Curitiba,PR,66.79,44.71,credit_card,4,111.5,,
ORD_0000282,1,CUST_000237,São Paulo,SP,shipped,2025-03-13 13:59:47,,2025-03-24 13:59:47,PROD_00113,computers_accessories,Computers & Accessories,SELL_0050,São Paulo,SP,120.72,16.17,credit_card,4,136.89,,
ORD_0000283,1,CUST_000372,São Paulo,SP,delivered,2024-11-25 10:35:34,2024-12-05 10:35:34,2024-12-07 10:35:34,PROD_00087,toys,Toys,SELL_0022,Curitiba,PR,149.54,12.45,boleto,1,355.83,4,Not as described
ORD_0000283,2,CUST_000372,São Paulo,SP,delivered,2024-11-25 10:35:34,2024-12-05 10:35:34,2024-12-07 10:35:34,PROD_00198,stationery,Stationery,SELL_0043,Belo Horizonte,MG,46.17,31.53,boleto,1,355.83,4,Not as described
ORD_0000283,3,CUST_000372,São Paulo,SP,delivered,2024-11-25 10:35:34,2024-12-05 10:35:34,2024-12-07 10:35:34,PROD_00196,garden_tools,Garden Tools,SELL_0024,São Paulo,SP,108.62,7.52,boleto,1,355.83,4,Not as described
ORD_0000284,1,CUST_000034,São Paulo,SP,unavailable,2023-06-02 08:53:01,,2023-06-11 08:53:01,PROD_00140,watches_gifts,Watches & Gifts,SELL_0030,Curitiba,PR,80.59,14.09,credit_card,6,94.68,,
ORD_0000285,1,CUST_000274,Porto Alegre,RS,delivered,2023-06-19 18:38:24,2023-07-02 18:38:24,2023-06-29 18:38:24,PROD_00183,electronics,Electronics,SELL_0020,Curitiba,PR,224.61,39.93,credit_card,1,264.54,3,Fast delivery
ORD_0000286,1,CUST_000140,Belo Horizonte,MG,delivered,2024-02-28 02:31:56,2024-03-08 02:31:56,2024-03-08 02:31:56,PROD_00022,furniture_decor,Furniture & Decor,SELL_0012,São Paulo,SP,581.12,43.87,credit_card,3,624.99,5,Not as described
ORD_0000287,1,CUST_000269,São Paulo,SP,delivered,2023-11-06 05:07:23,2023-11-13 05:07:23,2023-11-17 05:07:23,PROD_00131,stationery,Stationery,SELL_0015,Porto Alegre,RS,19.62,38.6,credit_card,4,449.42,3,Average
ORD_0000287,2,CUST_000269,São Paulo,SP,delivered,2023-11-06 05:07:23,2023-11-13 05:07:23,2023-11-17 05:07:23,PROD_00051,watches_gifts,Watches & Gifts,SELL_0039,São Paulo,SP,372.04,19.16,credit_card,4,449.42,3,Average
ORD_0000288,1,CUST_000464,Belo Horizonte,MG,delivered,2024-05-27 04:12:21,2024-06-08 04:12:21,2024-06-09 04:12:21,PROD_00136,garden_tools,Garden Tools,SELL_0024,São Paulo,SP,109.76,37.01,credit_card,2,146.77,3,Good quality
ORD_0000289,1,CUST_000398,Belo Horizonte,MG,delivered,2023-12-02 04:49:55,2023-12-13 04:49:55,2023-12-10 04:49:55,PROD_00136,garden_tools,Garden Tools,SELL_0044,São Paulo,SP,41.68,11.35,credit_card,1,53.03,5,Good quality
ORD_0000290,1,CUST_000236,Fortaleza,CE,delivered,2024-02-01 22:55:33,2024-02-16 22:55:33,2024-02-23 22:55:33,PROD_00159,stationery,Stationery,SELL_0046,São Paulo,SP,21.97,42.23,credit_card,1,64.2,4,Good quality
ORD_0000291,1,CUST_000435,Rio de Janeiro,RJ,delivered,2024-08-31 02:21:29,2024-09-15 02:21:29,2024-09-22 02:21:29,PROD_00157,auto,Auto,SELL_0004,São Paulo,SP,157.05,13.09,credit_card,3,170.14,4,
ORD_0000292,1,CUST_000457,Florianópolis,SC,delivered,2023-08-03 10:12:12,2023-08-18 10:12:12,2023-08-22 10:12:12,PROD_00134,baby,Baby,SELL_0030,Curitiba,PR,175.38,40.75,voucher,1,216.13,4,Not as described
ORD_0000293,1,CUST_000344,São Paulo,SP,delivered,2023-05-01 08:09:10,2023-05-07 08:09:10,2023-05-12 08:09:10,PROD_00077,toys,Toys,SELL_0036,São Paulo,SP,10.05,15.05,credit_card,6,25.1,5,Love it
ORD_0000294,1,CUST_000180,Salvador,BA,delivered,2024-07-16 10:17:09,2024-07-31 10:17:09,2024-07-31 10:17:09,PROD_00188,sports_leisure,Sports & Leisure,SELL_0004,São Paulo,SP,252.98,43.37,credit_card,2,296.35,5,Took too long
ORD_0000295,1,CUST_000088,Fortaleza,CE,delivered,2023-03-14 09:39:57,2023-04-02 09:39:57,2023-04-09 09:39:57,PROD_00124,auto,Auto,SELL_0016,São Paulo,SP,290.52,35.58,debit_card,1,326.1,1,Fast delivery
ORD_0000296,1,CUST_000026,Belo Horizonte,MG,delivered,2023-04-19 12:03:05,2023-05-03 12:03:05,2023-05-09 12:03:05,PROD_00166,furniture_decor,Furniture & Decor,SELL_0016,São Paulo,SP,274.65,28.66,debit_card,1,513.0,3,Fast delivery
ORD_0000296,2,CUST_000026,Belo Horizonte,MG,delivered,2023-04-19 12:03:05,2023-05-03 12:03:05,2023-05-09 12:03:05,PROD_00019,furniture_decor,Furniture & Decor,SELL_0009,São Paulo,SP,166.73,42.96,debit_card,1,513.0,3,Fast delivery
ORD_0000297,1,CUST_000323,São Paulo,SP,delivered,2024-12-07 22:28:39,2024-12-14 22:28:39,2024-12-19 22:28:39,PROD_00190,fashion_bags,Fashion Bags,SELL_0014,São Paulo,SP,246.79,31.89,boleto,1,278.68,5,Average
ORD_0000298,1,CUST_000041,São Paulo,SP,delivered,2025-02-12 14:36:08,2025-02-15 14:36:08,2025-02-13 14:36:08,PROD_00071,watches_gifts,Watches & Gifts,SELL_0008,Rio de Janeiro,RJ,385.08,5.43,boleto,1,390.51,5,Love it
ORD_0000299,1,CUST_000234,Curitiba,PR,delivered,2023-11-14 21:41:45,2023-12-01 21:41:45,2023-12-02 21:41:45,PROD_00027,fashion_bags,Fashion Bags,SELL_0015,Porto Alegre,RS,315.51,28.94,credit_card,3,344.45,5,Not as described
ORD_0000300,1,CUST_000468,Rio de Janeiro,RJ,delivered,2024-01-08 12:11:44,2024-01-23 12:11:44,2024-01-27 12:11:44,PROD_00032,stationery,Stationery,SELL_0010,Rio de Janeiro,RJ,45.59,29.4,voucher,1,74.99,4,Love it
ORD_0000301,1,CUST_000250,São Paulo,SP,delivered,2023-01-31 02:30:07,2023-02-07 02:30:07,2023-02-13 02:30:07,PROD_00194,stationery,Stationery,SELL_0018,Florianópolis,SC,73.29,18.66,credit_card,2,260.44,5,Recommend
ORD_0000301,2,CUST_000250,São Paulo,SP,delivered,2023-01-31 02:30:07,2023-02-07 02:30:07,2023-02-13 02:30:07,PROD_00098,baby,Baby,SELL_0041,São Paulo,SP,153.27,15.22,credit_card,2,260.44,5,Recommend
ORD_0000302,1,CUST_000066,Campo Grande,MS,delivered,2024-06-04 03:25:52,2024-06-21 03:25:52,2024-06-26 03:25:52,PROD_00044,toys,Toys,SELL_0032,Rio de Janeiro,RJ,132.67,32.66,credit_card,3,165.33,4,Fast delivery
ORD_0000303,1,CUST_000333,Belo Horizonte,MG,delivered,2023-03-14 09:34:29,2023-03-23 09:34:29,2023-03-27 09:34:29,PROD_00027,fashion_bags,Fashion Bags,SELL_0039,São Paulo,SP,62.77,34.27,credit_card,1,97.04,,
ORD_0000304,1,CUST_000197,Salvador,BA,delivered,2023-03-09 10:13:52,2023-03-22 10:13:52,2023-03-28 10:13:52,PROD_00171,sports_leisure,Sports & Leisure,SELL_0028,São Paulo,SP,207.92,33.06,credit_card,4,240.98,5,Not as described
ORD_0000305,1,CUST_000404,Rio de Janeiro,RJ,delivered,2023-12-17 17:44:15,2023-12-27 17:44:15,2023-12-31 17:44:15,PROD_00027,fashion_bags,Fashion Bags,SELL_0047,Florianópolis,SC,350.11,16.21,credit_card,10,366.32,,
ORD_0000306,1,CUST_000059,Rio de Janeiro,RJ,delivered,2024-08-29 19:29:20,2024-09-03 19:29:20,2024-09-02 19:29:20,PROD_00065,garden_tools,Garden Tools,SELL_0043,Belo Horizonte,MG,131.65,18.15,boleto,1,149.8,5,Not as described
ORD_0000307,1,CUST_000158,São Paulo,SP,delivered,2024-02-20 02:38:06,2024-02-26 02:38:06,2024-02-23 02:38:06,PROD_00022,furniture_decor,Furniture & Decor,SELL_0032,Rio de Janeiro,RJ,47.24,33.52,boleto,1,707.57,5,Recommend
ORD_0000307,2,CUST_000158,São Paulo,SP,delivered,2024-02-20 02:38:06,2024-02-26 02:38:06,2024-02-23 02:38:06,PROD_00150,bed_bath_table,Bed Bath Table,SELL_0043,Belo Horizonte,MG,161.12,28.64,boleto,1,707.57,5,Recommend
ORD_0000307,3,CUST_000158,São Paulo,SP,delivered,2024-02-20 02:38:06,2024-02-26 02:38:06,2024-02-23 02:38:06,PROD_00027,fashion_bags,Fashion Bags,SELL_0032,Rio de Janeiro,RJ,399.0,38.05,boleto,1,707.57,5,Recommend
ORD_0000308,1,CUST_000047,São Paulo,SP,delivered,2023-08-11 04:56:37,2023-08-23 04:56:37,2023-08-30 04:56:37,PROD_00145,health_beauty,Health & Beauty,SELL_0043,Belo Horizonte,MG,103.32,25.76,credit_card,6,129.08,5,Great product!
ORD_0000309,1,CUST_000077,Porto Alegre,RS,delivered,2024-04-08 17:18:24,2024-04-23 17:18:24,2024-04-24 17:18:24,PROD_00028,bed_bath_table,Bed Bath Table,SELL_0007,Porto Alegre,RS,187.34,36.74,credit_card,4,224.08,4,Took too long
ORD_0000310,1,CUST_000292,São Paulo,SP,delivered,2025-03-24 21:19:58,2025-04-07 21:19:58,2025-04-05 21:19:58,PROD_00196,garden_tools,Garden Tools,SELL_0046,São Paulo,SP,55.34,28.2,credit_card,4,83.54,3,Fast delivery
ORD_0000311,1,CUST_000299,São Paulo,SP,shipped,2023-01-09 19:32:25,,2023-01-11 19:32:25,PROD_00101,furniture_decor,Furniture & Decor,SELL_0042,Florianópolis,SC,442.24,6.59,voucher,1,448.83,,
ORD_0000312,1,CUST_000001,Belo Horizonte,MG,shipped,2024-12-21 17:52:22,,2025-01-04 17:52:22,PROD_00147,bed_bath_table,Bed Bath Table,SELL_0026,São Paulo,SP,262.44,6.49,credit_card,1,776.16,,
ORD_0000312,2,CUST_000001,Belo Horizonte,MG,shipped,2024-12-21 17:52:22,,2025-01-04 17:52:22,PROD_00191,furniture_decor,Furniture & Decor,SELL_0002,São Paulo,SP,475.47,31.76,credit_card,1,776.16,,
ORD_0000313,1,CUST_000222,Porto Alegre,RS,delivered,2024-12-20 18:25:40,2024-12-31 18:25:40,2025-01-07 18:25:40,PROD_00007,computers_accessories,Computers & Accessories,SELL_0019,Belo Horizonte,MG,515.5,18.16,credit_card,1,533.66,5,Took too long
ORD_0000314,1,CUST_000089,Belo Horizonte,MG,shipped,2024-05-01 04:12:35,,2024-05-18 04:12:35,PROD_00187,bed_bath_table,Bed Bath Table,SELL_0023,São Paulo,SP,150.57,40.64,credit_card,4,311.78,,
ORD_0000314,2,CUST_000089,Belo Horizonte,MG,shipped,2024-05-01 04:12:35,,2024-05-18 04:12:35,PROD_00089,garden_tools,Garden Tools,SELL_0018,Florianópolis,SC,76.95,43.62,credit_card,4,311.78,,
ORD_0000315,1,CUST_000079,São Paulo,SP,delivered,2023-10-23 21:08:08,2023-11-04 21:08:08,2023-11-11 21:08:08,PROD_00084,furniture_decor,Furniture & Decor,SELL_0017,São Paulo,SP,296.59,44.64,boleto,1,557.14,,
ORD_0000315,2,CUST_000079,São Paulo,SP,delivered,2023-10-23 21:08:08,2023-11-04 21:08:08,2023-11-11 21:08:08,PROD_00054,telephony,Telephony,SELL_0042,Florianópolis,SC,176.37,39.54,boleto,1,557.14,,
ORD_0000316,1,CUST_000224,São Paulo,SP,shipped,2023-05-20 02:08:41,,2023-06-05 02:08:41,PROD_00193,bed_bath_table,Bed Bath Table,SELL_0032,Rio de Janeiro,RJ,120.85,37.62,credit_card,1,261.84,,
ORD_0000316,2,CUST_000224,São Paulo,SP,shipped,2023-05-20 02:08:41,,2023-06-05 02:08:41,PROD_00086,garden_tools,Garden Tools,SELL_0015,Porto Alegre,RS,76.84,26.53,credit_card,1,261.84,,
ORD_0000317,1,CUST_000320,Belo Horizonte,MG,delivered,2023-07-04 14:32:27,2023-07-14 14:32:27,2023-07-20 14:32:27,PROD_00026,health_beauty,Health & Beauty,SELL_0026,São Paulo,SP,229.83,8.62,credit_card,3,663.74,4,Great product!
ORD_0000317,2,CUST_000320,Belo Horizonte,MG,delivered,2023-07-04 14:32:27,2023-07-14 14:32:27,2023-07-20 14:32:27,PROD_00160,computers_accessories,Computers & Accessories,SELL_0025,Rio de Janeiro,RJ,412.84,12.45,credit_card,3,663.74,4,Great product!
ORD_0000318,1,CUST_000004,São Paulo,SP,delivered,2024-08-14 15:54:46,2024-08-23 15:54:46,2024-08-26 15:54:46,PROD_00182,baby,Baby,SELL_0029,Belo Horizonte,MG,95.1,18.48,credit_card,1,113.58,4,Not as described
ORD_0000319,1,CUST_000475,Rio de Janeiro,RJ,delivered,2024-07-13 18:23:02,2024-07-26 18:23:02,2024-07-24 18:23:02,PROD_00044,toys,Toys,SELL_0038,Rio de Janeiro,RJ,55.19,9.46,boleto,1,235.11,3,Love it
ORD_0000319,2,CUST_000475,Rio de Janeiro,RJ,delivered,2024-07-13 18:23:02,2024-07-26 18:23:02,2024-07-24 18:23:02,PROD_00130,garden_tools,Garden Tools,SELL_0049,Curitiba,PR,143.04,27.42,boleto,1,235.11,3,Love it
ORD_0000320,1,CUST_000073,Rio de Janeiro,RJ,delivered,2025-01-17 23:33:54,2025-01-29 23:33:54,2025-02-03 23:33:54,PROD_00102,sports_leisure,Sports & Leisure,SELL_0006,São Paulo,SP,255.02,8.04,credit_card,1,263.06,5,Average
ORD_0000321,1,CUST_000456,Rio de Janeiro,RJ,delivered,2024-09-16 02:15:30,2024-09-24 02:15:30,2024-09-30 02:15:30,PROD_00170,telephony,Telephony,SELL_0046,São Paulo,SP,133.3,15.53,debit_card,1,348.97,1,Not as described
ORD_0000321,2,CUST_000456,Rio de Janeiro,RJ,delivered,2024-09-16 02:15:30,2024-09-24 02:15:30,2024-09-30 02:15:30,PROD_00137,watches_gifts,Watches & Gifts,SELL_0025,Rio de Janeiro,RJ,189.82,10.32,debit_card,1,348.97,1,Not as described
ORD_0000322,1,CUST_000160,Belo Horizonte,MG,delivered,2024-09-19 01:57:21,2024-09-27 01:57:21,2024-10-01 01:57:21,PROD_00189,garden_tools,Garden Tools,SELL_0019,Belo Horizonte,MG,164.77,40.5,credit_card,6,417.66,5,
ORD_0000322,2,CUST_000160,Belo Horizonte,MG,delivered,2024-09-19 01:57:21,2024-09-27 01:57:21,2024-10-01 01:57:21,PROD_00146,garden_tools,Garden Tools,SELL_0015,Porto Alegre,RS,194.44,17.95,credit_card,6,417.66,5,
ORD_0000323,1,CUST_000263,São Paulo,SP,delivered,2024-04-25 18:46:21,2024-05-03 18:46:21,2024-05-09 18:46:21,PROD_00063,auto,Auto,SELL_0018,Florianópolis,SC,198.58,31.7,credit_card,1,284.92,5,Love it
ORD_0000323,2,CUST_000263,São Paulo,SP,delivered,2024-04-25 18:46:21,2024-05-03 18:46:21,2024-05-09 18:46:21,PROD_00127,stationery,Stationery,SELL_0015,Porto Alegre,RS,21.84,32.8,credit_card,1,284.92,5,Love it
ORD_0000324,1,CUST_000384,Vitória,ES,delivered,2023-11-08 23:50:36,2023-11-20 23:50:36,2023-11-26 23:50:36,PROD_00113,computers_accessories,Computers & Accessories,SELL_0001,Curitiba,PR,528.88,13.64,credit_card,3,919.96,5,Not as described
ORD_0000324,2,CUST_000384,Vitória,ES,delivered,2023-11-08 23:50:36,2023-11-20 23:50:36,2023-11-26 23:50:36,PROD_00063,auto,Auto,SELL_0031,São Paulo,SP,338.14,39.3,credit_card,3,919.96,5,Not as described
ORD_0000325,1,CUST_000087,Belo Horizonte,MG,delivered,2024-08-09 01:42:18,2024-08-19 01:42:18,2024-08-17 01:42:18,PROD_00142,food_drink,Food & Drink,SELL_0012,São Paulo,SP,59.92,12.69,credit_card,10,72.61,5,Fast delivery
ORD_0000326,1,CUST_000436,São Paulo,SP,delivered,2025-03-13 08:16:08,2025-03-21 08:16:08,2025-03-18 08:16:08,PROD_00161,furniture_decor,Furniture & Decor,SELL_0025,Rio de Janeiro,RJ,362.26,41.09,credit_card,1,403.35,5,Great product!
ORD_0000327,1,CUST_000380,Goiânia,GO,delivered,2023-04-25 19:11:58,2023-05-07 19:11:58,2023-05-07 19:11:58,PROD_00094,telephony,Telephony,SELL_0024,São Paulo,SP,244.96,15.54,credit_card,1,260.5,,
ORD_0000328,1,CUST_000249,São Paulo,SP,unavailable,2023-07-05 16:55:02,,2023-07-13 16:55:02,PROD_00061,fashion_bags,Fashion Bags,SELL_0045,São Paulo,SP,148.46,19.28,credit_card,1,574.17,,
ORD_0000328,2,CUST_000249,São Paulo,SP,unavailable,2023-07-05 16:55:02,,2023-07-13 16:55:02,PROD_00083,auto,Auto,SELL_0016,São Paulo,SP,303.08,44.45,credit_card,1,574.17,,
ORD_0000328,3,CUST_000249,São Paulo,SP,unavailable,2023-07-05 16:55:02,,2023-07-13 16:55:02,PROD_00149,stationery,Stationery,SELL_0033,Belo Horizonte,MG,14.66,44.24,credit_card,1,574.17,,
ORD_0000329,1,CUST_000305,Recife,PE,delivered,2025-04-21 04:53:31,2025-05-03 04:53:31,2025-05-02 04:53:31,PROD_00081,stationery,Stationery,SELL_0015,Porto Alegre,RS,12.86,38.05,credit_card,4,50.91,5,Average
ORD_0000330,1,CUST_000108,Brasília,DF,delivered,2024-08-14 23:53:22,2024-08-22 23:53:22,2024-08-19 23:53:22,PROD_00180,bed_bath_table,Bed Bath Table,SELL_0015,Porto Alegre,RS,202.37,27.16,boleto,1,229.53,3,Recommend
ORD_0000331,1,CUST_000086,Goiânia,GO,delivered,2024-04-20 12:30:19,2024-05-03 12:30:19,2024-05-06 12:30:19,PROD_00014,stationery,Stationery,SELL_0038,Rio de Janeiro,RJ,39.52,22.51,credit_card,3,62.03,,
ORD_0000332,1,CUST_000243,São Paulo,SP,delivered,2023-09-26 04:33:55,2023-10-08 04:33:55,2023-10-11 04:33:55,PROD_00044,toys,Toys,SELL_0042,Florianópolis,SC,13.1,22.94,credit_card,1,36.04,,
ORD_0000333,1,CUST_000348,São Paulo,SP,processing,2023-11-20 16:43:02,,2023-11-26 16:43:02,PROD_00123,health_beauty,Health & Beauty,SELL_0044,São Paulo,SP,218.88,10.92,credit_card,1,485.2,,
ORD_0000333,2,CUST_000348,São Paulo,SP,processing,2023-11-20 16:43:02,,2023-11-26 16:43:02,PROD_00017,health_beauty,Health & Beauty,SELL_0017,São Paulo,SP,239.36,16.04,credit_card,1,485.2,,
ORD_0000334,1,CUST_000313,Rio de Janeiro,RJ,delivered,2024-10-29 08:21:17,2024-11-02 08:21:17,2024-11-09 08:21:17,PROD_00154,watches_gifts,Watches & Gifts,SELL_0009,São Paulo,SP,255.59,33.17,boleto,1,288.76,4,
ORD_0000335,1,CUST_000300,Salvador,BA,delivered,2024-02-05 14:49:43,2024-02-21 14:49:43,2024-02-28 14:49:43,PROD_00116,electronics,Electronics,SELL_0020,Curitiba,PR,234.13,32.89,credit_card,1,267.02,3,Average
ORD_0000336,1,CUST_000354,São Paulo,SP,delivered,2023-07-04 10:35:00,2023-07-08 10:35:00,2023-07-05 10:35:00,PROD_00131,stationery,Stationery,SELL_0035,Rio de Janeiro,RJ,75.97,10.77,credit_card,4,86.74,4,Great product!
ORD_0000337,1,CUST_000211,Brasília,DF,delivered,2023-04-11 16:06:43,2023-04-23 16:06:43,2023-04-29 16:06:43,PROD_00002,health_beauty,Health & Beauty,SELL_0049,Curitiba,PR,243.16,7.12,boleto,1,250.28,4,Not as described
ORD_0000338,1,CUST_000048,Belo Horizonte,MG,canceled,2023-02-28 19:42:57,,2023-03-19 19:42:57,PROD_00199,auto,Auto,SELL_0034,São Paulo,SP,342.41,29.55,boleto,1,371.96,,
ORD_0000339,1,CUST_000063,Rio de Janeiro,RJ,delivered,2024-12-26 03:05:54,2025-01-06 03:05:54,2025-01-04 03:05:54,PROD_00188,sports_leisure,Sports & Leisure,SELL_0050,São Paulo,SP,93.96,44.19,credit_card,1,195.9,,
ORD_0000339,2,CUST_000063,Rio de Janeiro,RJ,delivered,2024-12-26 03:05:54,2025-01-06 03:05:54,2025-01-04 03:05:54,PROD_00047,garden_tools,Garden Tools,SELL_0047,Florianópolis,SC,15.6,42.15,credit_card,1,195.9,,
ORD_0000340,1,CUST_000357,São Paulo,SP,canceled,2023-07-08 08:18:29,,2023-07-21 08:18:29,PROD_00025,baby,Baby,SELL_0044,São Paulo,SP,171.11,27.96,credit_card,6,199.07,,
ORD_0000341,1,CUST_000233,Florianópolis,SC,delivered,2023-10-11 13:44:57,2023-10-25 13:44:57,2023-10-26 13:44:57,PROD_00098,baby,Baby,SELL_0022,Curitiba,PR,129.91,10.54,credit_card,1,218.9,5,Average
ORD_0000341,2,CUST_000233,Florianópolis,SC,delivered,2023-10-11 13:44:57,2023-10-25 13:44:57,2023-10-26 13:44:57,PROD_00025,baby,Baby,SELL_0028,São Paulo,SP,66.35,12.1,credit_card,1,218.9,5,Average
ORD_0000342,1,CUST_000398,Belo Horizonte,MG,delivered,2023-03-05 12:24:21,2023-03-22 12:24:21,2023-03-21 12:24:21,PROD_00048,health_beauty,Health & Beauty,SELL_0023,São Paulo,SP,76.22,13.02,credit_card,1,89.24,5,Perfect!
ORD_0000343,1,CUST_000226,Belo Horizonte,MG,delivered,2023-03-13 15:59:12,2023-03-27 15:59:12,2023-03-30 15:59:12,PROD_00087,toys,Toys,SELL_0017,São Paulo,SP,73.24,8.76,credit_card,1,82.0,2,Average
ORD_0000344,1,CUST_000112,Rio de Janeiro,RJ,delivered,2024-09-20 20:06:58,2024-10-02 20:06:58,2024-09-29 20:06:58,PROD_00016,stationery,Stationery,SELL_0024,São Paulo,SP,78.65,7.37,boleto,1,140.67,5,Love it
ORD_0000344,2,CUST_000112,Rio de Janeiro,RJ,delivered,2024-09-20 20:06:58,2024-10-02 20:06:58,2024-09-29 20:06:58,PROD_00044,toys,Toys,SELL_0001,Curitiba,PR,10.24,44.41,boleto,1,140.67,5,Love it
ORD_0000345,1,CUST_000038,Belo Horizonte,MG,delivered,2023-03-14 18:46:16,2023-03-28 18:46:16,2023-03-25 18:46:16,PROD_00079,bed_bath_table,Bed Bath Table,SELL_0037,São Paulo,SP,32.6,41.21,credit_card,3,73.81,5,OK
ORD_0000346,1,CUST_000341,Brasília,DF,processing,2024-02-04 08:09:44,,2024-02-25 08:09:44,PROD_00045,watches_gifts,Watches & Gifts,SELL_0012,São Paulo,SP,110.47,29.83,credit_card,4,393.49,,
ORD_0000346,2,CUST_000341,Brasília,DF,processing,2024-02-04 08:09:44,,2024-02-25 08:09:44,PROD_00056,health_beauty,Health & Beauty,SELL_0044,São Paulo,SP,244.31,8.88,credit_card,4,393.49,,
ORD_0000347,1,CUST_000002,São Paulo,SP,delivered,2024-06-11 22:49:31,2024-06-18 22:49:31,2024-06-22 22:49:31,PROD_00147,bed_bath_table,Bed Bath Table,SELL_0050,São Paulo,SP,73.66,22.63,credit_card,3,96.29,3,Great product!
ORD_0000348,1,CUST_000063,Rio de Janeiro,RJ,delivered,2024-08-03 17:59:22,2024-08-13 17:59:22,2024-08-10 17:59:22,PROD_00114,watches_gifts,Watches & Gifts,SELL_0035,Rio de Janeiro,RJ,34.56,6.55,credit_card,10,41.11,5,Took too long
ORD_0000349,1,CUST_000324,São Paulo,SP,delivered,2024-10-24 02:23:34,2024-11-01 02:23:34,2024-11-01 02:23:34,PROD_00080,electronics,Electronics,SELL_0044,São Paulo,SP,656.15,9.31,credit_card,10,1135.71,5,Recommend
ORD_0000349,2,CUST_000324,São Paulo,SP,delivered,2024-10-24 02:23:34,2024-11-01 02:23:34,2024-11-01 02:23:34,PROD_00152,computers_accessories,Computers & Accessories,SELL_0032,Rio de Janeiro,RJ,429.24,41.01,credit_card,10,1135.71,5,Recommend
ORD_0000350,1,CUST_000091,Belo Horizonte,MG,delivered,2024-07-21 01:24:42,2024-07-30 01:24:42,2024-07-28 01:24:42,PROD_00157,auto,Auto,SELL_0043,Belo Horizonte,MG,323.2,42.51,credit_card,1,365.71,5,Perfect!
ORD_0000351,1,CUST_000323,São Paulo,SP,delivered,2024-12-06 11:31:05,2024-12-15 11:31:05,2024-12-21 11:31:05,PROD_00115,computers_accessories,Computers & Accessories,SELL_0005,São Paulo,SP,756.89,31.75,credit_card,1,882.7,,
ORD_0000351,2,CUST_000323,São Paulo,SP,delivered,2024-12-06 11:31:05,2024-12-15 11:31:05,2024-12-21 11:31:05,PROD_00064,garden_tools,Garden Tools,SELL_0032,Rio de Janeiro,RJ,79.48,14.58,credit_card,1,882.7,,
ORD_0000352,1,CUST_000123,Rio de Janeiro,RJ,delivered,2024-05-15 12:04:50,2024-05-26 12:04:50,2024-05-31 12:04:50,PROD_00011,toys,Toys,SELL_0031,São Paulo,SP,60.16,41.66,boleto,1,269.98,,
ORD_0000352,2,CUST_000123,Rio de Janeiro,RJ,delivered,2024-05-15 12:04:50,2024-05-26 12:04:50,2024-05-31 12:04:50,PROD_00182,baby,Baby,SELL_0034,São Paulo,SP,139.51,28.65,boleto,1,269.98,,
ORD_0000353,1,CUST_000495,São Luís,MA,delivered,2025-04-11 14:01:02,2025-04-26 14:01:02,2025-05-03 14:01:02,PROD_00083,auto,Auto,SELL_0045,São Paulo,SP,320.48,27.52,credit_card,4,348.0,5,Love it
ORD_0000354,1,CUST_000342,São Paulo,SP,delivered,2024-06-19 14:43:55,2024-06-28 14:43:55,2024-06-28 14:43:55,PROD_00194,stationery,Stationery,SELL_0021,Belo Horizonte,MG,45.98,13.04,credit_card,2,59.02,,
ORD_0000355,1,CUST_000474,Rio de Janeiro,RJ,delivered,2023-03-15 01:47:09,2023-03-28 01:47:09,2023-03-28 01:47:09,PROD_00051,watches_gifts,Watches & Gifts,SELL_0026,São Paulo,SP,160.62,30.05,credit_card,1,190.67,,
ORD_0000356,1,CUST_000360,São Paulo,SP,delivered,2024-10-26 04:00:11,2024-10-31 04:00:11,2024-10-29 04:00:11,PROD_00126,toys,Toys,SELL_0036,São Paulo,SP,13.34,9.17,credit_card,6,22.51,1,Took too long
ORD_0000357,1,CUST_000234,Curitiba,PR,delivered,2024-09-17 05:53:37,2024-10-03 05:53:37,2024-10-09 05:53:37,PROD_00079,bed_bath_table,Bed Bath Table,SELL_0019,Belo Horizonte,MG,161.84,36.45,credit_card,2,198.29,3,Great product!
ORD_0000358,1,CUST_000113,São Paulo,SP,delivered,2023-03-06 06:27:21,2023-03-16 06:27:21,2023-03-14 06:27:21,PROD_00136,garden_tools,Garden Tools,SELL_0006,São Paulo,SP,167.94,12.52,voucher,1,180.46,3,Not as described
ORD_0000359,1,CUST_000500,Salvador,BA,shipped,2024-12-01 18:34:08,,2024-12-19 18:34:08,PROD_00192,garden_tools,Garden Tools,SELL_0042,Florianópolis,SC,181.05,26.71,boleto,1,261.62,,
ORD_0000359,2,CUST_000500,Salvador,BA,shipped,2024-12-01 18:34:08,,2024-12-19 18:34:08,PROD_00190,fashion_bags,Fashion Bags,SELL_0020,Curitiba,PR,47.74,6.12,boleto,1,261.62,,
ORD_0000360,1,CUST_000033,Vitória,ES,delivered,2023-05-04 08:09:48,2023-05-11 08:09:48,2023-05-16 08:09:48,PROD_00138,computers_accessories,Computers & Accessories,SELL_0028,São Paulo,SP,70.38,38.02,credit_card,1,108.4,,
ORD_0000361,1,CUST_000085,São Paulo,SP,delivered,2024-03-25 07:59:37,2024-03-31 07:59:37,2024-04-04 07:59:37,PROD_00046,baby,Baby,SELL_0003,Rio de Janeiro,RJ,98.94,32.25,credit_card,4,131.19,,
ORD_0000362,1,CUST_000042,São Paulo,SP,delivered,2023-01-07 00:11:59,2023-01-16 00:11:59,2023-01-17 00:11:59,PROD_00048,health_beauty,Health & Beauty,SELL_0005,São Paulo,SP,224.7,33.5,credit_card,1,258.2,5,Great product!
ORD_0000363,1,CUST_000214,São Paulo,SP,delivered,2024-12-11 15:44:08,2024-12-16 15:44:08,2024-12-15 15:44:08,PROD_00053,baby,Baby,SELL_0003,Rio de Janeiro,RJ,109.24,29.52,boleto,1,138.76,5,Good quality
ORD_0000364,1,CUST_000313,Rio de Janeiro,RJ,delivered,2024-12-09 01:38:11,2024-12-18 01:38:11,2024-12-25 01:38:11,PROD_00177,computers_accessories,Computers & Accessories,SELL_0016,São Paulo,SP,119.57,16.62,credit_card,3,136.19,5,Took too long
ORD_0000365,1,CUST_000424,Belo Horizonte,MG,delivered,2025-03-12 09:22:26,2025-03-26 09:22:26,2025-03-24 09:22:26,PROD_00085,food_drink,Food & Drink,SELL_0015,Porto Alegre,RS,59.19,44.48,credit_card,3,124.67,,
ORD_0000365,2,CUST_000424,Belo Horizonte,MG,delivered,2025-03-12 09:22:26,2025-03-26 09:22:26,2025-03-24 09:22:26,PROD_00103,food_drink,Food & Drink,SELL_0016,São Paulo,SP,10.33,10.67,credit_card,3,124.67,,
ORD_0000366,1,CUST_000317,Rio de Janeiro,RJ,delivered,2024-01-06 17:32:14,2024-01-18 17:32:14,2024-01-19 17:32:14,PROD_00109,stationery,Stationery,SELL_0041,São Paulo,SP,56.03,33.41,credit_card,1,89.44,4,Took too long
ORD_0000367,1,CUST_000028,Rio de Janeiro,RJ,shipped,2023-07-18 03:50:09,,2023-07-23 03:50:09,PROD_00168,watches_gifts,Watches & Gifts,SELL_0045,São Paulo,SP,373.58,15.9,voucher,1,389.48,,
ORD_0000368,1,CUST_000028,Rio de Janeiro,RJ,delivered,2024-10-22 11:18:13,2024-11-01 11:18:13,2024-11-05 11:18:13,PROD_00106,baby,Baby,SELL_0013,Belo Horizonte,MG,77.23,38.71,debit_card,1,115.94,5,Average
ORD_0000369,1,CUST_000023,Belo Horizonte,MG,delivered,2023-04-17 23:03:59,2023-04-27 23:03:59,2023-04-27 23:03:59,PROD_00003,telephony,Telephony,SELL_0045,São Paulo,SP,195.43,20.82,credit_card,1,216.25,1,Good quality
ORD_0000370,1,CUST_000370,Rio de Janeiro,RJ,delivered,2024-03-31 18:37:20,2024-04-10 18:37:20,2024-04-10 18:37:20,PROD_00177,computers_accessories,Computers & Accessories,SELL_0008,Rio de Janeiro,RJ,201.69,30.5,voucher,1,232.19,5,Average
ORD_0000371,1,CUST_000399,Salvador,BA,delivered,2023-04-23 10:14:06,2023-05-07 10:14:06,2023-05-11 10:14:06,PROD_00126,toys,Toys,SELL_0011,São Paulo,SP,19.31,26.48,credit_card,2,348.11,1,Took too long
ORD_0000371,2,CUST_000399,Salvador,BA,delivered,2023-04-23 10:14:06,2023-05-07 10:14:06,2023-05-11 10:14:06,PROD_00066,food_drink,Food & Drink,SELL_0045,São Paulo,SP,57.68,33.6,credit_card,2,348.11,1,Took too long
ORD_0000371,3,CUST_000399,Salvador,BA,delivered,2023-04-23 10:14:06,2023-05-07 10:14:06,2023-05-11 10:14:06,PROD_00073,auto,Auto,SELL_0037,São Paulo,SP,194.65,16.39,credit_card,2,348.11,1,Took too long
ORD_0000372,1,CUST_000300,Salvador,BA,delivered,2024-05-11 01:56:27,2024-05-28 01:56:27,2024-06-01 01:56:27,PROD_00031,watches_gifts,Watches & Gifts,SELL_0013,Belo Horizonte,MG,209.55,40.42,boleto,1,249.97,,
ORD_0000373,1,CUST_000092,São Luís,MA,delivered,2024-02-01 11:08:29,2024-02-20 11:08:29,2024-02-19 11:08:29,PROD_00128,stationery,Stationery,SELL_0003,Rio de Janeiro,RJ,20.06,25.73,credit_card,4,45.79,5,Average
ORD_0000374,1,CUST_000017,Porto Alegre,RS,delivered,2024-12-09 18:03:17,2024-12-22 18:03:17,2024-12-26 18:03:17,PROD_00029,auto,Auto,SELL_0012,São Paulo,SP,91.6,38.32,credit_card,4,129.92,4,Not as described
ORD_0000375,1,CUST_000215,São Paulo,SP,delivered,2023-06-25 10:14:56,2023-07-06 10:14:56,2023-07-11 10:14:56,PROD_00018,stationery,Stationery,SELL_0029,Belo Horizonte,MG,23.13,29.61,credit_card,1,207.39,5,Took too long
ORD_0000375,2,CUST_000215,São Paulo,SP,delivered,2023-06-25 10:14:56,2023-07-06 10:14:56,2023-07-11 10:14:56,PROD_00037,health_beauty,Health & Beauty,SELL_0043,Belo Horizonte,MG,118.88,35.77,credit_card,1,207.39,5,Took too long
ORD_0000376,1,CUST_000438,São Paulo,SP,delivered,2023-08-24 02:26:54,2023-08-29 02:26:54,2023-09-04 02:26:54,PROD_00049,furniture_decor,Furniture & Decor,SELL_0003,Rio de Janeiro,RJ,470.39,34.0,credit_card,10,760.96,3,Good quality
ORD_0000376,2,CUST_000438,São Paulo,SP,delivered,2023-08-24 02:26:54,2023-08-29 02:26:54,2023-09-04 02:26:54,PROD_00004,health_beauty,Health & Beauty,SELL_0017,São Paulo,SP,237.92,18.65,credit_card,10,760.96,3,Good quality
ORD_0000377,1,CUST_000243,São Paulo,SP,delivered,2024-04-18 08:00:46,2024-04-26 08:00:46,2024-04-26 08:00:46,PROD_00052,telephony,Telephony,SELL_0025,Rio de Janeiro,RJ,272.44,7.26,credit_card,1,279.7,1,Not as described
ORD_0000378,1,CUST_000457,Florianópolis,SC,delivered,2024-08-28 04:58:36,2024-09-15 04:58:36,2024-09-12 04:58:36,PROD_00130,garden_tools,Garden Tools,SELL_0013,Belo Horizonte,MG,22.09,12.36,credit_card,6,858.84,5,Average
ORD_0000378,2,CUST_000457,Florianópolis,SC,delivered,2024-08-28 04:58:36,2024-09-15 04:58:36,2024-09-12 04:58:36,PROD_00169,computers_accessories,Computers & Accessories,SELL_0029,Belo Horizonte,MG,585.31,6.01,credit_card,6,858.84,5,Average
ORD_0000378,3,CUST_000457,Florianópolis,SC,delivered,2024-08-28 04:58:36,2024-09-15 04:58:36,2024-09-12 04:58:36,PROD_00063,auto,Auto,SELL_0011,São Paulo,SP,216.56,16.51,credit_card,6,858.84,5,Average
ORD_0000379,1,CUST_000241,São Paulo,SP,delivered,2025-01-21 16:02:27,2025-01-27 16:02:27,2025-02-01 16:02:27,PROD_00082,telephony,Telephony,SELL_0027,Porto Alegre,RS,35.88,32.39,credit_card,1,68.27,5,Love it
ORD_0000380,1,CUST_000386,Rio de Janeiro,RJ,delivered,2023-01-13 22:46:26,2023-01-24 22:46:26,2023-01-24 22:46:26,PROD_00159,stationery,Stationery,SELL_0021,Belo Horizonte,MG,59.04,33.96,credit_card,6,93.0,5,Perfect!
ORD_0000381,1,CUST_000332,São Paulo,SP,delivered,2023-04-03 00:30:42,2023-04-14 00:30:42,2023-04-11 00:30:42,PROD_00027,fashion_bags,Fashion Bags,SELL_0001,Curitiba,PR,283.2,5.24,credit_card,10,288.44,5,
ORD_0000382,1,CUST_000500,Salvador,BA,delivered,2024-04-10 14:49:08,2024-04-22 14:49:08,2024-04-29 14:49:08,PROD_00100,food_drink,Food & Drink,SELL_0015,Porto Alegre,RS,47.97,9.79,credit_card,2,57.76,1,Average
ORD_0000383,1,CUST_000238,Curitiba,PR,delivered,2024-12-21 20:00:55,2025-01-01 20:00:55,2025-01-02 20:00:55,PROD_00140,watches_gifts,Watches & Gifts,SELL_0031,São Paulo,SP,55.48,30.95,debit_card,1,86.43,5,Recommend
ORD_0000384,1,CUST_000358,Belo Horizonte,MG,delivered,2024-09-19 17:36:50,2024-09-30 17:36:50,2024-10-06 17:36:50,PROD_00073,auto,Auto,SELL_0048,Rio de Janeiro,RJ,244.68,20.47,credit_card,1,265.15,5,Average
ORD_0000385,1,CUST_000451,Curitiba,PR,canceled,2023-12-10 23:59:03,,2023-12-18 23:59:03,PROD_00157,auto,Auto,SELL_0041,São Paulo,SP,98.76,44.21,credit_card,2,142.97,,
ORD_0000386,1,CUST_000197,Salvador,BA,delivered,2024-01-10 14:39:02,2024-01-20 14:39:02,2024-01-18 14:39:02,PROD_00040,watches_gifts,Watches & Gifts,SELL_0015,Porto Alegre,RS,238.03,40.18,credit_card,3,278.21,5,Fast delivery
ORD_0000387,1,CUST_000288,São Paulo,SP,delivered,2024-12-27 06:08:21,2025-01-03 06:08:21,2025-01-03 06:08:21,PROD_00188,sports_leisure,Sports & Leisure,SELL_0017,São Paulo,SP,86.25,43.69,credit_card,4,129.94,,
ORD_0000388,1,CUST_000386,Rio de Janeiro,RJ,delivered,2025-02-01 07:20:22,2025-02-06 07:20:22,2025-02-07 07:20:22,PROD_00006,baby,Baby,SELL_0003,Rio de Janeiro,RJ,86.24,16.99,boleto,1,103.23,5,Took too long
ORD_0000389,1,CUST_000028,Rio de Janeiro,RJ,delivered,2023-03-06 11:22:28,2023-03-12 11:22:28,2023-03-17 11:22:28,PROD_00139,furniture_decor,Furniture & Decor,SELL_0009,São Paulo,SP,516.94,44.5,credit_card,6,561.44,5,Not as described
ORD_0000390,1,CUST_000461,São Paulo,SP,canceled,2023-10-27 14:39:23,,2023-11-02 14:39:23,PROD_00104,sports_leisure,Sports & Leisure,SELL_0047,Florianópolis,SC,180.03,21.71,credit_card,6,201.74,,
ORD_0000391,1,CUST_000097,São Paulo,SP,delivered,2024-04-13 02:05:25,2024-04-23 02:05:25,2024-04-22 02:05:25,PROD_00100,food_drink,Food & Drink,SELL_0043,Belo Horizonte,MG,32.1,18.51,credit_card,1,50.61,5,Fast delivery
ORD_0000392,1,CUST_000255,Curitiba,PR,delivered,2023-06-04 06:33:40,2023-06-19 06:33:40,2023-06-18 06:33:40,PROD_00136,garden_tools,Garden Tools,SELL_0013,Belo Horizonte,MG,49.12,13.68,credit_card,1,62.8,4,Love it
ORD_0000393,1,CUST_000243,São Paulo,SP,delivered,2023-12-22 13:28:47,2024-01-04 13:28:47,2024-01-04 13:28:47,PROD_00187,bed_bath_table,Bed Bath Table,SELL_0030,Curitiba,PR,206.31,29.76,credit_card,4,236.07,1,Average
ORD_0000394,1,CUST_000428,Fortaleza,CE,delivered,2024-06-16 20:21:26,2024-07-05 20:21:26,2024-07-09 20:21:26,PROD_00105,garden_tools,Garden Tools,SELL_0026,São Paulo,SP,81.22,17.28,boleto,1,143.24,4,Love it
ORD_0000394,2,CUST_000428,Fortaleza,CE,delivered,2024-06-16 20:21:26,2024-07-05 20:21:26,2024-07-09 20:21:26,PROD_00121,food_drink,Food & Drink,SELL_0020,Curitiba,PR,13.65,31.09,boleto,1,143.24,4,Love it
ORD_0000395,1,CUST_000304,São Paulo,SP,delivered,2024-11-12 22:33:53,2024-11-14 22:33:53,2024-11-15 22:33:53,PROD_00052,telephony,Telephony,SELL_0011,São Paulo,SP,80.81,27.07,credit_card,2,107.88,5,Not as described
ORD_0000396,1,CUST_000088,Fortaleza,CE,canceled,2025-03-19 08:14:30,,2025-03-30 08:14:30,PROD_00133,stationery,Stationery,SELL_0002,São Paulo,SP,37.38,42.73,debit_card,1,80.11,,
ORD_0000397,1,CUST_000076,Porto Alegre,RS,processing,2023-12-28 09:29:10,,2024-01-09 09:29:10,PROD_00146,garden_tools,Garden Tools,SELL_0048,Rio de Janeiro,RJ,136.73,15.93,credit_card,1,152.66,,
ORD_0000398,1,CUST_000430,Curitiba,PR,delivered,2024-12-26 22:57:42,2025-01-06 22:57:42,2025-01-03 22:57:42,PROD_00040,watches_gifts,Watches & Gifts,SELL_0013,Belo Horizonte,MG,327.79,28.0,boleto,1,355.79,,
ORD_0000399,1,CUST_000163,São Paulo,SP,delivered,2024-08-11 04:28:16,2024-08-18 04:28:16,2024-08-20 04:28:16,PROD_00120,telephony,Telephony,SELL_0049,Curitiba,PR,88.8,34.54,credit_card,1,123.34,4,Fast delivery
ORD_0000400,1,CUST_000076,Porto Alegre,RS,delivered,2024-01-17 14:34:10,2024-01-26 14:34:10,2024-01-29 14:34:10,PROD_00196,garden_tools,Garden Tools,SELL_0003,Rio de Janeiro,RJ,126.34,34.41,credit_card,3,160.75,4,Average
ORD_0000401,1,CUST_000477,Belo Horizonte,MG,delivered,2024-05-26 04:29:59,2024-06-09 04:29:59,2024-06-10 04:29:59,PROD_00017,health_beauty,Health & Beauty,SELL_0004,São Paulo,SP,35.15,5.35,credit_card,1,40.5,4,Great product!
ORD_0000402,1,CUST_000243,São Paulo,SP,delivered,2023-10-24 18:42:09,2023-10-31 18:42:09,2023-11-02 18:42:09,PROD_00081,stationery,Stationery,SELL_0048,Rio de Janeiro,RJ,74.87,19.27,credit_card,1,334.38,1,Love it
ORD_0000402,2,CUST_000243,São Paulo,SP,delivered,2023-10-24 18:42:09,2023-10-31 18:42:09,2023-11-02 18:42:09,PROD_00055,electronics,Electronics,SELL_0040,Curitiba,PR,232.6,7.64,credit_card,1,334.38,1,Love it
ORD_0000403,1,CUST_000353,Recife,PE,delivered,2023-04-26 23:30:57,2023-05-11 23:30:57,2023-05-17 23:30:57,PROD_00115,computers_accessories,Computers & Accessories,SELL_0019,Belo Horizonte,MG,395.82,33.14,credit_card,2,428.96,,
ORD_0000404,1,CUST_000431,Belo Horizonte,MG,delivered,2023-08-14 14:22:05,2023-08-26 14:22:05,2023-09-01 14:22:05,PROD_00144,furniture_decor,Furniture & Decor,SELL_0011,São Paulo,SP,129.49,40.22,credit_card,1,169.71,5,
ORD_0000405,1,CUST_000270,Rio de Janeiro,RJ,delivered,2023-08-16 08:12:01,2023-08-23 08:12:01,2023-08-28 08:12:01,PROD_00159,stationery,Stationery,SELL_0041,São Paulo,SP,35.73,27.47,credit_card,1,63.2,5,Great product!
ORD_0000406,1,CUST_000202,São Luís,MA,delivered,2023-07-19 15:20:38,2023-07-29 15:20:38,2023-08-05 15:20:38,PROD_00072,baby,Baby,SELL_0008,Rio de Janeiro,RJ,128.84,41.15,credit_card,6,169.99,,
ORD_0000407,1,CUST_000185,Rio de Janeiro,RJ,delivered,2024-02-12 04:45:54,2024-02-25 04:45:54,2024-02-26 04:45:54,PROD_00114,watches_gifts,Watches & Gifts,SELL_0025,Rio de Janeiro,RJ,66.59,6.58,boleto,1,464.72,5,Great product!
ORD_0000407,2,CUST_000185,Rio de Janeiro,RJ,delivered,2024-02-12 04:45:54,2024-02-25 04:45:54,2024-02-26 04:45:54,PROD_00098,baby,Baby,SELL_0038,Rio de Janeiro,RJ,93.69,35.69,boleto,1,464.72,5,Great product!
ORD_0000407,3,CUST_000185,Rio de Janeiro,RJ,delivered,2024-02-12 04:45:54,2024-02-25 04:45:54,2024-02-26 04:45:54,PROD_00093,health_beauty,Health & Beauty,SELL_0012,São Paulo,SP,233.77,28.4,boleto,1,464.72,5,Great product!
ORD_0000408,1,CUST_000229,Goiânia,GO,delivered,2024-07-28 02:13:46,2024-08-10 02:13:46,2024-08-14 02:13:46,PROD_00126,toys,Toys,SELL_0022,Curitiba,PR,142.52,27.67,credit_card,2,192.17,,
ORD_0000408,2,CUST_000229,Goiânia,GO,delivered,2024-07-28 02:13:46,2024-08-10 02:13:46,2024-08-14 02:13:46,PROD_00095,food_drink,Food & Drink,SELL_0020,Curitiba,PR,11.58,10.4,credit_card,2,192.17,,
ORD_0000409,1,CUST_000148,Porto Alegre,RS,processing,2023-06-17 23:57:27,,2023-07-01 23:57:27,PROD_00039,sports_leisure,Sports & Leisure,SELL_0043,Belo Horizonte,MG,62.17,42.4,credit_card,6,104.57,,
ORD_0000410,1,CUST_000074,Florianópolis,SC,unavailable,2023-08-01 09:30:55,,2023-08-16 09:30:55,PROD_00083,auto,Auto,SELL_0006,São Paulo,SP,112.94,36.71,credit_card,2,935.03,,
ORD_0000410,2,CUST_000074,Florianópolis,SC,unavailable,2023-08-01 09:30:55,,2023-08-16 09:30:55,PROD_00155,sports_leisure,Sports & Leisure,SELL_0040,Curitiba,PR,393.76,24.79,credit_card,2,935.03,,
ORD_0000410,3,CUST_000074,Florianópolis,SC,unavailable,2023-08-01 09:30:55,,2023-08-16 09:30:55,PROD_00107,auto,Auto,SELL_0017,São Paulo,SP,347.22,19.61,credit_card,2,935.03,,
ORD_0000411,1,CUST_000478,Florianópolis,SC,delivered,2024-08-27 12:05:00,2024-09-07 12:05:00,2024-09-13 12:05:00,PROD_00134,baby,Baby,SELL_0021,Belo Horizonte,MG,164.21,5.94,credit_card,1,170.15,5,Perfect!
ORD_0000412,1,CUST_000387,Florianópolis,SC,delivered,2023-05-21 06:11:53,2023-06-06 06:11:53,2023-06-03 06:11:53,PROD_00062,sports_leisure,Sports & Leisure,SELL_0028,São Paulo,SP,286.2,15.52,credit_card,6,301.72,5,Fast delivery
ORD_0000413,1,CUST_000422,São Paulo,SP,delivered,2025-04-26 09:53:37,2025-05-05 09:53:37,2025-05-04 09:53:37,PROD_00192,garden_tools,Garden Tools,SELL_0043,Belo Horizonte,MG,199.07,31.27,credit_card,1,230.34,5,Great product!
ORD_0000414,1,CUST_000135,Belo Horizonte,MG,delivered,2023-11-04 20:53:40,2023-11-21 20:53:40,2023-11-24 20:53:40,PROD_00009,watches_gifts,Watches & Gifts,SELL_0040,Curitiba,PR,82.71,44.13,credit_card,1,126.84,5,
ORD_0000415,1,CUST_000092,São Luís,MA,delivered,2024-05-18 22:41:15,2024-05-27 22:41:15,2024-06-02 22:41:15,PROD_00005,food_drink,Food & Drink,SELL_0031,São Paulo,SP,23.74,12.99,credit_card,4,78.48,5,Fast delivery
ORD_0000415,2,CUST_000092,São Luís,MA,delivered,2024-05-18 22:41:15,2024-05-27 22:41:15,2024-06-02 22:41:15,PROD_00100,food_drink,Food & Drink,SELL_0045,São Paulo,SP,9.87,31.88,credit_card,4,78.48,5,Fast delivery
ORD_0000416,1,CUST_000382,Belo Horizonte,MG,shipped,2024-01-06 18:30:36,,2024-01-16 18:30:36,PROD_00132,baby,Baby,SELL_0027,Porto Alegre,RS,155.85,36.36,voucher,1,192.21,,
ORD_0000417,1,CUST_000192,São Paulo,SP,delivered,2024-06-08 23:36:01,2024-06-18 23:36:01,2024-06-17 23:36:01,PROD_00089,garden_tools,Garden Tools,SELL_0032,Rio de Janeiro,RJ,146.63,27.1,boleto,1,173.73,5,Love it
ORD_0000418,1,CUST_000183,Rio de Janeiro,RJ,delivered,2023-06-17 01:17:23,2023-06-30 01:17:23,2023-06-27 01:17:23,PROD_00116,electronics,Electronics,SELL_0043,Belo Horizonte,MG,645.17,8.39,credit_card,10,653.56,5,Fast delivery
ORD_0000419,1,CUST_000149,São Paulo,SP,delivered,2023-10-26 16:40:59,2023-11-03 16:40:59,2023-11-02 16:40:59,PROD_00030,sports_leisure,Sports & Leisure,SELL_0049,Curitiba,PR,28.74,10.14,credit_card,1,98.75,4,Good quality
ORD_0000419,2,CUST_000149,São Paulo,SP,delivered,2023-10-26 16:40:59,2023-11-03 16:40:59,2023-11-02 16:40:59,PROD_00063,auto,Auto,SELL_0010,Rio de Janeiro,RJ,39.93,19.94,credit_card,1,98.75,4,Good quality
ORD_0000420,1,CUST_000279,São Paulo,SP,delivered,2023-11-27 10:52:54,2023-12-01 10:52:54,2023-12-08 10:52:54,PROD_00200,furniture_decor,Furniture & Decor,SELL_0047,Florianópolis,SC,88.94,8.02,credit_card,6,300.1,,
ORD_0000420,2,CUST_000279,São Paulo,SP,delivered,2023-11-27 10:52:54,2023-12-01 10:52:54,2023-12-08 10:52:54,PROD_00189,garden_tools,Garden Tools,SELL_0040,Curitiba,PR,163.33,39.81,credit_card,6,300.1,,
ORD_0000421,1,CUST_000358,Belo Horizonte,MG,delivered,2024-12-05 11:06:34,2024-12-20 11:06:34,2024-12-22 11:06:34,PROD_00161,furniture_decor,Furniture & Decor,SELL_0041,São Paulo,SP,580.76,43.76,credit_card,6,624.52,5,Great product!
ORD_0000422,1,CUST_000399,Salvador,BA,delivered,2024-05-11 13:21:58,2024-05-27 13:21:58,2024-06-01 13:21:58,PROD_00028,bed_bath_table,Bed Bath Table,SELL_0009,São Paulo,SP,193.46,7.25,credit_card,2,772.0,,
ORD_0000422,2,CUST_000399,Salvador,BA,delivered,2024-05-11 13:21:58,2024-05-27 13:21:58,2024-06-01 13:21:58,PROD_00191,furniture_decor,Furniture & Decor,SELL_0046,São Paulo,SP,558.87,12.42,credit_card,2,772.0,,
ORD_0000423,1,CUST_000114,Florianópolis,SC,shipped,2023-07-12 17:39:44,,2023-07-28 17:39:44,PROD_00176,garden_tools,Garden Tools,SELL_0006,São Paulo,SP,54.28,7.0,credit_card,1,61.28,,
ORD_0000424,1,CUST_000236,Fortaleza,CE,delivered,2023-03-20 03:52:08,2023-03-31 03:52:08,2023-04-02 03:52:08,PROD_00136,garden_tools,Garden Tools,SELL_0046,São Paulo,SP,46.6,37.7,boleto,1,84.3,5,Fast delivery
ORD_0000425,1,CUST_000072,Porto Alegre,RS,delivered,2025-04-16 14:56:38,2025-05-01 14:56:38,2025-04-29 14:56:38,PROD_00048,health_beauty,Health & Beauty,SELL_0038,Rio de Janeiro,RJ,125.26,34.26,boleto,1,159.52,,
ORD_0000426,1,CUST_000114,Florianópolis,SC,delivered,2023-05-12 22:09:44,2023-05-29 22:09:44,2023-05-28 22:09:44,PROD_00130,garden_tools,Garden Tools,SELL_0013,Belo Horizonte,MG,11.2,12.03,credit_card,4,23.23,,
ORD_0000427,1,CUST_000041,São Paulo,SP,delivered,2024-03-11 22:48:50,2024-03-19 22:48:50,2024-03-17 22:48:50,PROD_00139,furniture_decor,Furniture & Decor,SELL_0008,Rio de Janeiro,RJ,362.24,12.57,credit_card,1,374.81,3,Good quality
ORD_0000428,1,CUST_000017,Porto Alegre,RS,delivered,2025-03-23 21:32:37,2025-04-05 21:32:37,2025-04-02 21:32:37,PROD_00049,furniture_decor,Furniture & Decor,SELL_0015,Porto Alegre,RS,144.75,17.86,credit_card,10,452.71,5,Not as described
ORD_0000428,2,CUST_000017,Porto Alegre,RS,delivered,2025-03-23 21:32:37,2025-04-05 21:32:37,2025-04-02 21:32:37,PROD_00102,sports_leisure,Sports & Leisure,SELL_0039,São Paulo,SP,261.41,28.69,credit_card,10,452.71,5,Not as described
ORD_0000429,1,CUST_000034,São Paulo,SP,delivered,2023-11-05 21:00:48,2023-11-14 21:00:48,2023-11-13 21:00:48,PROD_00074,garden_tools,Garden Tools,SELL_0023,São Paulo,SP,51.47,15.04,debit_card,1,66.51,5,Perfect!
ORD_0000430,1,CUST_000344,São Paulo,SP,canceled,2023-12-26 00:05:09,,2024-01-15 00:05:09,PROD_00002,health_beauty,Health & Beauty,SELL_0017,São Paulo,SP,168.89,43.73,boleto,1,212.62,,
ORD_0000431,1,CUST_000179,Belo Horizonte,MG,delivered,2023-12-27 05:54:32,2024-01-06 05:54:32,2024-01-12 05:54:32,PROD_00017,health_beauty,Health & Beauty,SELL_0047,Florianópolis,SC,29.48,24.76,credit_card,1,138.11,1,Fast delivery
ORD_0000431,2,CUST_000179,Belo Horizonte,MG,delivered,2023-12-27 05:54:32,2024-01-06 05:54:32,2024-01-12 05:54:32,PROD_00159,stationery,Stationery,SELL_0044,São Paulo,SP,61.67,22.2,credit_card,1,138.11,1,Fast delivery
ORD_0000432,1,CUST_000391,Rio de Janeiro,RJ,canceled,2023-01-15 16:13:45,,2023-01-23 16:13:45,PROD_00191,furniture_decor,Furniture & Decor,SELL_0050,São Paulo,SP,417.72,17.74,credit_card,10,435.46,,
ORD_0000433,1,CUST_000462,São Paulo,SP,processing,2025-02-11 17:00:46,,2025-02-28 17:00:46,PROD_00156,garden_tools,Garden Tools,SELL_0017,São Paulo,SP,138.86,7.64,credit_card,4,146.5,,
ORD_0000434,1,CUST_000188,São Paulo,SP,canceled,2024-12-15 18:11:28,,2024-12-19 18:11:28,PROD_00116,electronics,Electronics,SELL_0024,São Paulo,SP,266.73,37.44,boleto,1,438.59,,
ORD_0000434,2,CUST_000188,São Paulo,SP,canceled,2024-12-15 18:11:28,,2024-12-19 18:11:28,PROD_00077,toys,Toys,SELL_0048,Rio de Janeiro,RJ,116.88,17.54,boleto,1,438.59,,
ORD_0000435,1,CUST_000428,Fortaleza,CE,delivered,2023-12-30 12:27:13,2024-01-15 12:27:13,2024-01-19 12:27:13,PROD_00044,toys,Toys,SELL_0030,Curitiba,PR,15.98,19.12,credit_card,1,35.1,3,Love it
ORD_0000436,1,CUST_000057,São Paulo,SP,delivered,2024-06-16 04:31:48,2024-06-21 04:31:48,2024-06-18 04:31:48,PROD_00104,sports_leisure,Sports & Leisure,SELL_0029,Belo Horizonte,MG,196.18,40.96,credit_card,6,237.14,5,Great product!
ORD_0000437,1,CUST_000043,São Paulo,SP,delivered,2023-12-02 15:07:24,2023-12-07 15:07:24,2023-12-07 15:07:24,PROD_00193,bed_bath_table,Bed Bath Table,SELL_0009,São Paulo,SP,131.03,42.99,credit_card,1,174.02,5,Good quality
ORD_0000438,1,CUST_000284,Porto Alegre,RS,shipped,2024-02-22 09:54:27,,2024-03-08 09:54:27,PROD_00162,stationery,Stationery,SELL_0028,São Paulo,SP,16.2,19.63,credit_card,1,35.83,,
ORD_0000439,1,CUST_000189,Belo Horizonte,MG,delivered,2023-07-03 00:43:31,2023-07-10 00:43:31,2023-07-08 00:43:31,PROD_00039,sports_leisure,Sports & Leisure,SELL_0007,Porto Alegre,RS,245.32,12.36,credit_card,1,629.56,5,Not as described
ORD_0000439,2,CUST_000189,Belo Horizonte,MG,delivered,2023-07-03 00:43:31,2023-07-10 00:43:31,2023-07-08 00:43:31,PROD_00101,furniture_decor,Furniture & Decor,SELL_0013,Belo Horizonte,MG,304.48,15.84,credit_card,1,629.56,5,Not as described
ORD_0000439,3,CUST_000189,Belo Horizonte,MG,delivered,2023-07-03 00:43:31,2023-07-10 00:43:31,2023-07-08 00:43:31,PROD_00128,stationery,Stationery,SELL_0036,São Paulo,SP,34.42,17.14,credit_card,1,629.56,5,Not as described
ORD_0000440,1,CUST_000074,Florianópolis,SC,delivered,2024-02-09 12:44:37,2024-02-23 12:44:37,2024-02-21 12:44:37,PROD_00125,sports_leisure,Sports & Leisure,SELL_0028,São Paulo,SP,250.59,24.97,credit_card,10,275.56,,
ORD_0000441,1,CUST_000187,Salvador,BA,delivered,2023-07-23 10:12:38,2023-08-08 10:12:38,2023-08-14 10:12:38,PROD_00171,sports_leisure,Sports & Leisure,SELL_0005,São Paulo,SP,42.71,43.46,credit_card,4,86.17,4,Took too long
ORD_0000442,1,CUST_000304,São Paulo,SP,delivered,2023-10-07 20:25:22,2023-10-12 20:25:22,2023-10-16 20:25:22,PROD_00156,garden_tools,Garden Tools,SELL_0032,Rio de Janeiro,RJ,64.97,14.41,credit_card,6,301.97,5,Perfect!
ORD_0000442,2,CUST_000304,São Paulo,SP,delivered,2023-10-07 20:25:22,2023-10-12 20:25:22,2023-10-16 20:25:22,PROD_00107,auto,Auto,SELL_0041,São Paulo,SP,179.32,43.27,credit_card,6,301.97,5,Perfect!
ORD_0000443,1,CUST_000262,São Paulo,SP,delivered,2023-10-13 04:49:29,2023-10-16 04:49:29,2023-10-15 04:49:29,PROD_00080,electronics,Electronics,SELL_0008,Rio de Janeiro,RJ,486.74,22.16,credit_card,1,508.9,,
ORD_0000444,1,CUST_000016,São Paulo,SP,delivered,2023-04-12 23:03:53,2023-04-20 23:03:53,2023-04-19 23:03:53,PROD_00073,auto,Auto,SELL_0045,São Paulo,SP,129.27,19.93,credit_card,2,149.2,3,Good quality
ORD_0000445,1,CUST_000196,São Paulo,SP,delivered,2024-09-11 21:20:09,2024-09-19 21:20:09,2024-09-24 21:20:09,PROD_00122,fashion_bags,Fashion Bags,SELL_0027,Porto Alegre,RS,53.36,22.88,credit_card,4,76.24,5,Good quality
ORD_0000446,1,CUST_000393,São Paulo,SP,delivered,2024-05-19 14:12:18,2024-05-22 14:12:18,2024-05-23 14:12:18,PROD_00084,furniture_decor,Furniture & Decor,SELL_0021,Belo Horizonte,MG,425.44,41.41,credit_card,1,466.85,,
ORD_0000447,1,CUST_000278,Belém,PA,unavailable,2023-12-18 17:34:01,,2024-01-10 17:34:01,PROD_00122,fashion_bags,Fashion Bags,SELL_0037,São Paulo,SP,321.12,27.2,credit_card,4,744.75,,
ORD_0000447,2,CUST_000278,Belém,PA,unavailable,2023-12-18 17:34:01,,2024-01-10 17:34:01,PROD_00179,auto,Auto,SELL_0021,Belo Horizonte,MG,80.12,10.09,credit_card,4,744.75,,
ORD_0000447,3,CUST_000278,Belém,PA,unavailable,2023-12-18 17:34:01,,2024-01-10 17:34:01,PROD_00147,bed_bath_table,Bed Bath Table,SELL_0038,Rio de Janeiro,RJ,292.06,14.16,credit_card,4,744.75,,
ORD_0000448,1,CUST_000162,Recife,PE,delivered,2024-01-21 14:29:02,2024-02-04 14:29:02,2024-02-03 14:29:02,PROD_00064,garden_tools,Garden Tools,SELL_0002,São Paulo,SP,102.83,23.79,credit_card,10,126.62,1,Great product!
ORD_0000449,1,CUST_000252,Florianópolis,SC,delivered,2024-03-17 04:19:45,2024-03-28 04:19:45,2024-04-02 04:19:45,PROD_00025,baby,Baby,SELL_0021,Belo Horizonte,MG,78.38,10.93,credit_card,10,89.31,5,Recommend
ORD_0000450,1,CUST_000351,São Paulo,SP,shipped,2024-07-06 18:30:30,,2024-07-09 18:30:30,PROD_00119,furniture_decor,Furniture & Decor,SELL_0047,Florianópolis,SC,377.46,40.64,credit_card,1,418.1,,
ORD_0000451,1,CUST_000201,Curitiba,PR,delivered,2023-09-27 15:37:24,2023-10-10 15:37:24,2023-10-07 15:37:24,PROD_00100,food_drink,Food & Drink,SELL_0018,Florianópolis,SC,48.43,36.65,credit_card,1,85.08,5,Average
ORD_0000452,1,CUST_000066,Campo Grande,MS,delivered,2024-01-11 11:51:47,2024-01-26 11:51:47,2024-01-29 11:51:47,PROD_00200,furniture_decor,Furniture & Decor,SELL_0041,São Paulo,SP,73.05,14.86,credit_card,4,87.91,5,Great product!
ORD_0000453,1,CUST_000050,Rio de Janeiro,RJ,delivered,2024-03-14 11:22:26,2024-03-24 11:22:26,2024-03-30 11:22:26,PROD_00159,stationery,Stationery,SELL_0018,Florianópolis,SC,41.19,10.84,boleto,1,52.03,5,Great product!
ORD_0000454,1,CUST_000044,Belo Horizonte,MG,delivered,2024-12-05 02:55:19,2024-12-21 02:55:19,2024-12-26 02:55:19,PROD_00081,stationery,Stationery,SELL_0042,Florianópolis,SC,50.36,26.45,credit_card,2,76.81,1,Fast delivery
ORD_0000455,1,CUST_000167,Cuiabá,MT,delivered,2023-02-08 14:42:55,2023-02-23 14:42:55,2023-03-01 14:42:55,PROD_00153,telephony,Telephony,SELL_0004,São Paulo,SP,189.42,16.82,credit_card,6,661.23,4,Average
ORD_0000455,2,CUST_000167,Cuiabá,MT,delivered,2023-02-08 14:42:55,2023-02-23 14:42:55,2023-03-01 14:42:55,PROD_00050,furniture_decor,Furniture & Decor,SELL_0016,São Paulo,SP,333.16,25.17,credit_card,6,661.23,4,Average
ORD_0000455,3,CUST_000167,Cuiabá,MT,delivered,2023-02-08 14:42:55,2023-02-23 14:42:55,2023-03-01 14:42:55,PROD_00109,stationery,Stationery,SELL_0020,Curitiba,PR,57.55,39.11,credit_card,6,661.23,4,Average
ORD_0000456,1,CUST_000012,Belo Horizonte,MG,delivered,2023-11-21 12:36:24,2023-12-07 12:36:24,2023-12-05 12:36:24,PROD_00076,bed_bath_table,Bed Bath Table,SELL_0049,Curitiba,PR,31.95,31.07,credit_card,1,63.02,2,Recommend
ORD_0000457,1,CUST_000354,São Paulo,SP,delivered,2024-11-22 06:21:31,2024-12-01 06:21:31,2024-12-04 06:21:31,PROD_00120,telephony,Telephony,SELL_0029,Belo Horizonte,MG,237.22,44.72,credit_card,10,281.94,2,Fast delivery
ORD_0000458,1,CUST_000104,São Paulo,SP,shipped,2024-05-23 20:54:50,,2024-06-02 20:54:50,PROD_00041,fashion_bags,Fashion Bags,SELL_0007,Porto Alegre,RS,249.72,35.34,boleto,1,285.06,,
ORD_0000459,1,CUST_000148,Porto Alegre,RS,delivered,2023-09-29 01:19:36,2023-10-13 01:19:36,2023-10-19 01:19:36,PROD_00051,watches_gifts,Watches & Gifts,SELL_0011,São Paulo,SP,359.02,23.13,boleto,1,382.15,5,Love it
ORD_0000460,1,CUST_000049,São Paulo,SP,delivered,2024-08-29 10:17:04,2024-09-04 10:17:04,2024-09-07 10:17:04,PROD_00005,food_drink,Food & Drink,SELL_0036,São Paulo,SP,14.44,39.71,credit_card,3,54.15,5,Perfect!
ORD_0000461,1,CUST_000108,Brasília,DF,delivered,2023-12-22 02:41:52,2023-12-30 02:41:52,2023-12-30 02:41:52,PROD_00081,stationery,Stationery,SELL_0002,São Paulo,SP,67.39,20.0,boleto,1,87.39,4,Love it
ORD_0000462,1,CUST_000213,Rio de Janeiro,RJ,delivered,2024-02-16 08:39:32,2024-02-27 08:39:32,2024-02-26 08:39:32,PROD_00083,auto,Auto,SELL_0049,Curitiba,PR,147.51,18.06,credit_card,1,165.57,5,Good quality
ORD_0000463,1,CUST_000452,Porto Alegre,RS,delivered,2023-01-20 20:45:33,2023-01-31 20:45:33,2023-02-04 20:45:33,PROD_00083,auto,Auto,SELL_0033,Belo Horizonte,MG,204.48,27.74,credit_card,10,232.22,5,Fast delivery
ORD_0000464,1,CUST_000138,Belo Horizonte,MG,canceled,2024-10-15 17:51:39,,2024-10-29 17:51:39,PROD_00183,electronics,Electronics,SELL_0005,São Paulo,SP,114.01,7.56,credit_card,1,191.97,,
ORD_0000464,2,CUST_000138,Belo Horizonte,MG,canceled,2024-10-15 17:51:39,,2024-10-29 17:51:39,PROD_00039,sports_leisure,Sports & Leisure,SELL_0046,São Paulo,SP,58.86,11.54,credit_card,1,191.97,,
ORD_0000465,1,CUST_000031,São Paulo,SP,delivered,2024-06-18 06:23:29,2024-06-27 06:23:29,2024-06-25 06:23:29,PROD_00093,health_beauty,Health & Beauty,SELL_0027,Porto Alegre,RS,243.5,18.53,credit_card,2,262.03,3,
ORD_0000466,1,CUST_000325,Florianópolis,SC,delivered,2023-07-28 13:17:52,2023-08-09 13:17:52,2023-08-16 13:17:52,PROD_00127,stationery,Stationery,SELL_0027,Porto Alegre,RS,35.04,7.49,credit_card,1,353.39,4,Good quality
ORD_0000466,2,CUST_000325,Florianópolis,SC,delivered,2023-07-28 13:17:52,2023-08-09 13:17:52,2023-08-16 13:17:52,PROD_00102,sports_leisure,Sports & Leisure,SELL_0006,São Paulo,SP,283.94,26.92,credit_card,1,353.39,4,Good quality
ORD_0000467,1,CUST_000308,São Paulo,SP,delivered,2023-08-30 12:15:07,2023-09-07 12:15:07,2023-09-11 12:15:07,PROD_00030,sports_leisure,Sports & Leisure,SELL_0015,Porto Alegre,RS,309.85,39.75,credit_card,2,349.6,5,Not as described
ORD_0000468,1,CUST_000287,São Paulo,SP,delivered,2024-03-22 13:41:57,2024-03-27 13:41:57,2024-03-26 13:41:57,PROD_00175,furniture_decor,Furniture & Decor,SELL_0045,São Paulo,SP,352.3,7.1,credit_card,1,359.4,1,Fast delivery
ORD_0000469,1,CUST_000015,Belo Horizonte,MG,delivered,2023-09-22 08:42:35,2023-10-07 08:42:35,2023-10-04 08:42:35,PROD_00011,toys,Toys,SELL_0010,Rio de Janeiro,RJ,40.66,14.31,credit_card,1,54.97,1,Fast delivery
ORD_0000470,1,CUST_000029,São Paulo,SP,processing,2023-03-27 10:38:19,,2023-04-06 10:38:19,PROD_00083,auto,Auto,SELL_0026,São Paulo,SP,144.82,30.37,credit_card,10,175.19,,
ORD_0000471,1,CUST_000460,Salvador,BA,delivered,2024-01-08 21:42:56,2024-01-24 21:42:56,2024-01-29 21:42:56,PROD_00075,sports_leisure,Sports & Leisure,SELL_0045,São Paulo,SP,207.05,31.79,debit_card,1,238.84,3,
ORD_0000472,1,CUST_000478,Florianópolis,SC,canceled,2023-05-04 16:42:53,,2023-05-27 16:42:53,PROD_00011,toys,Toys,SELL_0015,Porto Alegre,RS,38.02,6.44,credit_card,1,44.46,,
ORD_0000473,1,CUST_000129,São Paulo,SP,delivered,2024-05-23 02:15:38,2024-05-29 02:15:38,2024-06-01 02:15:38,PROD_00090,bed_bath_table,Bed Bath Table,SELL_0024,São Paulo,SP,218.0,28.26,boleto,1,246.26,5,Perfect!
ORD_0000474,1,CUST_000413,São Paulo,SP,delivered,2025-02-05 23:15:59,2025-02-16 23:15:59,2025-02-15 23:15:59,PROD_00043,stationery,Stationery,SELL_0001,Curitiba,PR,34.79,11.09,boleto,1,450.27,4,Perfect!
ORD_0000474,2,CUST_000413,São Paulo,SP,delivered,2025-02-05 23:15:59,2025-02-16 23:15:59,2025-02-15 23:15:59,PROD_00191,furniture_decor,Furniture & Decor,SELL_0024,São Paulo,SP,388.76,15.63,boleto,1,450.27,4,Perfect!
ORD_0000475,1,CUST_000110,Goiânia,GO,delivered,2023-10-09 14:26:16,2023-10-17 14:26:16,2023-10-19 14:26:16,PROD_00052,telephony,Telephony,SELL_0013,Belo Horizonte,MG,231.17,15.25,credit_card,1,246.42,5,Perfect!
ORD_0000476,1,CUST_000280,São Paulo,SP,shipped,2024-03-09 15:43:15,,2024-03-24 15:43:15,PROD_00101,furniture_decor,Furniture & Decor,SELL_0002,São Paulo,SP,106.73,16.42,credit_card,4,542.76,,
ORD_0000476,2,CUST_000280,São Paulo,SP,shipped,2024-03-09 15:43:15,,2024-03-24 15:43:15,PROD_00155,sports_leisure,Sports & Leisure,SELL_0050,São Paulo,SP,387.74,31.87,credit_card,4,542.76,,
ORD_0000477,1,CUST_000244,Belo Horizonte,MG,delivered,2025-01-02 11:52:19,2025-01-18 11:52:19,2025-01-15 11:52:19,PROD_00029,auto,Auto,SELL_0048,Rio de Janeiro,RJ,28.96,37.19,credit_card,2,66.15,2,Average
ORD_0000478,1,CUST_000354,São Paulo,SP,delivered,2025-03-18 21:15:16,2025-03-27 21:15:16,2025-04-03 21:15:16,PROD_00146,garden_tools,Garden Tools,SELL_0045,São Paulo,SP,149.78,16.94,credit_card,1,166.72,5,Good quality
ORD_0000479,1,CUST_000063,Rio de Janeiro,RJ,delivered,2024-07-01 07:54:28,2024-07-17 07:54:28,2024-07-18 07:54:28,PROD_00152,computers_accessories,Computers & Accessories,SELL_0004,São Paulo,SP,659.75,19.44,credit_card,1,679.19,3,Not as described
ORD_0000480,1,CUST_000047,São Paulo,SP,processing,2025-04-22 07:19:13,,2025-05-04 07:19:13,PROD_00146,garden_tools,Garden Tools,SELL_0014,São Paulo,SP,179.14,38.74,credit_card,2,217.88,,
ORD_0000481,1,CUST_000163,São Paulo,SP,delivered,2025-04-11 20:26:50,2025-04-22 20:26:50,2025-04-26 20:26:50,PROD_00004,health_beauty,Health & Beauty,SELL_0022,Curitiba,PR,65.86,12.24,voucher,1,78.1,1,Recommend
ORD_0000482,1,CUST_000378,São Paulo,SP,delivered,2024-02-27 10:45:27,2024-02-28 10:45:27,2024-03-04 10:45:27,PROD_00185,electronics,Electronics,SELL_0026,São Paulo,SP,287.29,18.09,credit_card,1,305.38,1,Recommend
ORD_0000483,1,CUST_000034,São Paulo,SP,delivered,2023-12-27 13:38:46,2024-01-02 13:38:46,2024-01-09 13:38:46,PROD_00126,toys,Toys,SELL_0043,Belo Horizonte,MG,77.22,28.87,credit_card,1,462.33,5,Good quality
ORD_0000483,2,CUST_000034,São Paulo,SP,delivered,2023-12-27 13:38:46,2024-01-02 13:38:46,2024-01-09 13:38:46,PROD_00020,watches_gifts,Watches & Gifts,SELL_0002,São Paulo,SP,315.86,40.38,credit_card,1,462.33,5,Good quality
ORD_0000484,1,CUST_000329,São Paulo,SP,delivered,2023-07-08 20:28:50,2023-07-11 20:28:50,2023-07-11 20:28:50,PROD_00003,telephony,Telephony,SELL_0020,Curitiba,PR,285.1,42.21,credit_card,10,327.31,4,Love it
ORD_0000485,1,CUST_000322,Belo Horizonte,MG,delivered,2023-11-09 10:36:05,2023-11-19 10:36:05,2023-11-26 10:36:05,PROD_00146,garden_tools,Garden Tools,SELL_0024,São Paulo,SP,192.63,8.89,credit_card,1,201.52,5,Love it
ORD_0000486,1,CUST_000391,Rio de Janeiro,RJ,delivered,2023-05-14 19:43:26,2023-05-19 19:43:26,2023-05-20 19:43:26,PROD_00109,stationery,Stationery,SELL_0018,Florianópolis,SC,60.64,19.91,credit_card,1,80.55,5,Great product!
ORD_0000487,1,CUST_000089,Belo Horizonte,MG,delivered,2024-12-04 18:52:20,2024-12-13 18:52:20,2024-12-16 18:52:20,PROD_00077,toys,Toys,SELL_0020,Curitiba,PR,117.86,40.94,credit_card,2,158.8,5,Took too long
ORD_0000488,1,CUST_000484,São Paulo,SP,delivered,2024-08-07 07:01:01,2024-08-17 07:01:01,2024-08-15 07:01:01,PROD_00053,baby,Baby,SELL_0044,São Paulo,SP,34.85,30.47,credit_card,1,65.32,5,Perfect!
ORD_0000489,1,CUST_000499,São Paulo,SP,delivered,2024-04-18 06:16:44,2024-04-24 06:16:44,2024-04-22 06:16:44,PROD_00122,fashion_bags,Fashion Bags,SELL_0047,Florianópolis,SC,94.6,9.5,credit_card,6,290.81,5,Perfect!
ORD_0000489,2,CUST_000499,São Paulo,SP,delivered,2024-04-18 06:16:44,2024-04-24 06:16:44,2024-04-22 06:16:44,PROD_00117,baby,Baby,SELL_0036,São Paulo,SP,158.52,28.19,credit_card,6,290.81,5,Perfect!
ORD_0000490,1,CUST_000491,São Paulo,SP,delivered,2024-01-12 05:36:07,2024-01-21 05:36:07,2024-01-25 05:36:07,PROD_00180,bed_bath_table,Bed Bath Table,SELL_0045,São Paulo,SP,179.89,7.53,credit_card,1,187.42,5,
ORD_0000491,1,CUST_000424,Belo Horizonte,MG,delivered,2024-11-20 15:07:14,2024-11-30 15:07:14,2024-11-29 15:07:14,PROD_00102,sports_leisure,Sports & Leisure,SELL_0032,Rio de Janeiro,RJ,277.65,6.2,credit_card,6,283.85,1,OK
ORD_0000492,1,CUST_000221,São Paulo,SP,delivered,2023-07-31 19:13:52,2023-08-11 19:13:52,2023-08-14 19:13:52,PROD_00106,baby,Baby,SELL_0003,Rio de Janeiro,RJ,43.88,5.53,credit_card,1,329.94,4,Not as described
ORD_0000492,2,CUST_000221,São Paulo,SP,delivered,2023-07-31 19:13:52,2023-08-11 19:13:52,2023-08-14 19:13:52,PROD_00017,health_beauty,Health & Beauty,SELL_0046,São Paulo,SP,240.47,40.06,credit_card,1,329.94,4,Not as described
ORD_0000493,1,CUST_000093,São Paulo,SP,delivered,2024-02-23 04:01:18,2024-03-04 04:01:18,2024-03-11 04:01:18,PROD_00052,telephony,Telephony,SELL_0018,Florianópolis,SC,244.54,5.98,credit_card,2,573.11,5,Average
ORD_0000493,2,CUST_000093,São Paulo,SP,delivered,2024-02-23 04:01:18,2024-03-04 04:01:18,2024-03-11 04:01:18,PROD_00061,fashion_bags,Fashion Bags,SELL_0042,Florianópolis,SC,285.18,37.41,credit_card,2,573.11,5,Average
ORD_0000494,1,CUST_000332,São Paulo,SP,shipped,2024-04-14 02:00:30,,2024-04-27 02:00:30,PROD_00112,baby,Baby,SELL_0015,Porto Alegre,RS,107.23,33.12,boleto,1,226.39,,
ORD_0000494,2,CUST_000332,São Paulo,SP,shipped,2024-04-14 02:00:30,,2024-04-27 02:00:30,PROD_00191,furniture_decor,Furniture & Decor,SELL_0039,São Paulo,SP,66.48,19.56,boleto,1,226.39,,
ORD_0000495,1,CUST_000109,Florianópolis,SC,delivered,2024-12-31 12:45:27,2025-01-15 12:45:27,2025-01-17 12:45:27,PROD_00121,food_drink,Food & Drink,SELL_0024,São Paulo,SP,36.32,19.93,credit_card,10,56.25,5,Good quality
ORD_0000496,1,CUST_000477,Belo Horizonte,MG,canceled,2023-08-29 15:58:22,,2023-09-16 15:58:22,PROD_00038,food_drink,Food & Drink,SELL_0027,Porto Alegre,RS,24.68,30.57,credit_card,1,55.25,,
ORD_0000497,1,CUST_000364,Florianópolis,SC,delivered,2025-02-05 01:00:16,2025-02-24 01:00:16,2025-02-23 01:00:16,PROD_00096,watches_gifts,Watches & Gifts,SELL_0019,Belo Horizonte,MG,244.39,18.9,credit_card,2,263.29,2,
ORD_0000498,1,CUST_000496,São Paulo,SP,delivered,2024-07-26 01:37:11,2024-08-02 01:37:11,2024-08-04 01:37:11,PROD_00193,bed_bath_table,Bed Bath Table,SELL_0027,Porto Alegre,RS,269.59,32.03,credit_card,1,413.31,2,Took too long
ORD_0000498,2,CUST_000496,São Paulo,SP,delivered,2024-07-26 01:37:11,2024-08-02 01:37:11,2024-08-04 01:37:11,PROD_00111,computers_accessories,Computers & Accessories,SELL_0009,São Paulo,SP,96.56,15.13,credit_card,1,413.31,2,Took too long
ORD_0000499,1,CUST_000450,Fortaleza,CE,delivered,2024-04-24 04:05:20,2024-05-10 04:05:20,2024-05-09 04:05:20,PROD_00166,furniture_decor,Furniture & Decor,SELL_0044,São Paulo,SP,301.27,35.15,credit_card,1,650.53,1,Not as described
ORD_0000499,2,CUST_000450,Fortaleza,CE,delivered,2024-04-24 04:05:20,2024-05-10 04:05:20,2024-05-09 04:05:20,PROD_00011,toys,Toys,SELL_0041,São Paulo,SP,58.08,41.73,credit_card,1,650.53,1,Not as described
ORD_0000499,3,CUST_000450,Fortaleza,CE,delivered,2024-04-24 04:05:20,2024-05-10 04:05:20,2024-05-09 04:05:20,PROD_00154,watches_gifts,Watches & Gifts,SELL_0048,Rio de Janeiro,RJ,183.99,30.31,credit_card,1,650.53,1,Not as described
ORD_0000500,1,CUST_000256,São Paulo,SP,delivered,2023-10-15 23:23:59,2023-10-25 23:23:59,2023-10-31 23:23:59,PROD_00147,bed_bath_table,Bed Bath Table,SELL_0014,São Paulo,SP,63.37,37.65,debit_card,1,173.84,,
ORD_0000500,2,CUST_000256,São Paulo,SP,delivered,2023-10-15 23:23:59,2023-10-25 23:23:59,2023-10-31 23:23:59,PROD_00102,sports_leisure,Sports & Leisure,SELL_0008,Rio de Janeiro,RJ,51.06,21.76,debit_card,1,173.84,,
ORD_0000501,1,CUST_000425,Porto Alegre,RS,processing,2025-02-18 08:33:20,,2025-02-27 08:33:20,PROD_00134,baby,Baby,SELL_0036,São Paulo,SP,32.13,5.16,credit_card,1,37.29,,
ORD_0000502,1,CUST_000285,São Paulo,SP,delivered,2024-11-04 20:51:28,2024-11-21 20:51:28,2024-11-21 20:51:28,PROD_00190,fashion_bags,Fashion Bags,SELL_0022,Curitiba,PR,113.91,33.39,credit_card,6,586.01,4,Fast delivery
ORD_0000502,2,CUST_000285,São Paulo,SP,delivered,2024-11-04 20:51:28,2024-11-21 20:51:28,2024-11-21 20:51:28,PROD_00030,sports_leisure,Sports & Leisure,SELL_0024,São Paulo,SP,143.69,38.46,credit_card,6,586.01,4,Fast delivery
ORD_0000502,3,CUST_000285,São Paulo,SP,delivered,2024-11-04 20:51:28,2024-11-21 20:51:28,2024-11-21 20:51:28,PROD_00102,sports_leisure,Sports & Leisure,SELL_0015,Porto Alegre,RS,218.79,37.77,credit_card,6,586.01,4,Fast delivery
ORD_0000503,1,CUST_000094,Rio de Janeiro,RJ,delivered,2023-02-06 15:16:10,2023-02-23 15:16:10,2023-02-20 15:16:10,PROD_00105,garden_tools,Garden Tools,SELL_0015,Porto Alegre,RS,140.68,44.52,boleto,1,185.2,4,Recommend
ORD_0000504,1,CUST_000227,São Paulo,SP,delivered,2024-01-01 22:35:31,2024-01-08 22:35:31,2024-01-06 22:35:31,PROD_00040,watches_gifts,Watches & Gifts,SELL_0013,Belo Horizonte,MG,420.49,40.81,credit_card,1,461.3,5,Great product!
ORD_0000505,1,CUST_000179,Belo Horizonte,MG,shipped,2023-04-06 06:55:18,,2023-04-26 06:55:18,PROD_00130,garden_tools,Garden Tools,SELL_0005,São Paulo,SP,161.99,24.81,credit_card,2,186.8,,
ORD_0000506,1,CUST_000300,Salvador,BA,delivered,2023-08-06 18:00:33,2023-08-18 18:00:33,2023-08-18 18:00:33,PROD_00062,sports_leisure,Sports & Leisure,SELL_0014,São Paulo,SP,307.2,17.11,credit_card,1,559.13,5,Good quality
ORD_0000506,2,CUST_000300,Salvador,BA,delivered,2023-08-06 18:00:33,2023-08-18 18:00:33,2023-08-18 18:00:33,PROD_00164,bed_bath_table,Bed Bath Table,SELL_0002,São Paulo,SP,51.56,37.58,credit_card,1,559.13,5,Good quality
ORD_0000506,3,CUST_000300,Salvador,BA,delivered,2023-08-06 18:00:33,2023-08-18 18:00:33,2023-08-18 18:00:33,PROD_00008,sports_leisure,Sports & Leisure,SELL_0050,São Paulo,SP,132.4,13.28,credit_card,1,559.13,5,Good quality
ORD_0000507,1,CUST_000394,São Paulo,SP,delivered,2024-05-25 21:06:56,2024-05-30 21:06:56,2024-05-28 21:06:56,PROD_00065,garden_tools,Garden Tools,SELL_0023,São Paulo,SP,95.99,9.76,credit_card,3,105.75,5,Fast delivery
ORD_0000508,1,CUST_000429,Belo Horizonte,MG,delivered,2023-11-28 04:01:05,2023-12-12 04:01:05,2023-12-16 04:01:05,PROD_00179,auto,Auto,SELL_0024,São Paulo,SP,215.18,18.73,credit_card,6,233.91,5,Great product!
ORD_0000509,1,CUST_000322,Belo Horizonte,MG,canceled,2023-10-03 19:42:00,,2023-10-12 19:42:00,PROD_00159,stationery,Stationery,SELL_0040,Curitiba,PR,49.23,24.14,credit_card,1,73.37,,
ORD_0000510,1,CUST_000486,Belo Horizonte,MG,delivered,2025-01-19 23:58:51,2025-01-24 23:58:51,2025-01-31 23:58:51,PROD_00126,toys,Toys,SELL_0023,São Paulo,SP,146.78,25.0,credit_card,2,171.78,5,Great product!
ORD_0000511,1,CUST_000145,Rio de Janeiro,RJ,canceled,2023-11-27 01:47:04,,2023-12-04 01:47:04,PROD_00122,fashion_bags,Fashion Bags,SELL_0035,Rio de Janeiro,RJ,348.63,20.35,boleto,1,368.98,,
ORD_0000512,1,CUST_000123,Rio de Janeiro,RJ,delivered,2025-02-28 12:05:01,2025-03-12 12:05:01,2025-03-13 12:05:01,PROD_00151,auto,Auto,SELL_0044,São Paulo,SP,222.78,19.04,credit_card,1,241.82,2,Great product!
ORD_0000513,1,CUST_000332,São Paulo,SP,delivered,2025-02-09 20:09:07,2025-02-16 20:09:07,2025-02-23 20:09:07,PROD_00098,baby,Baby,SELL_0006,São Paulo,SP,21.38,24.5,credit_card,4,264.87,5,Recommend
ORD_0000513,2,CUST_000332,São Paulo,SP,delivered,2025-02-09 20:09:07,2025-02-16 20:09:07,2025-02-23 20:09:07,PROD_00065,garden_tools,Garden Tools,SELL_0047,Florianópolis,SC,113.31,8.32,credit_card,4,264.87,5,Recommend
ORD_0000513,3,CUST_000332,São Paulo,SP,delivered,2025-02-09 20:09:07,2025-02-16 20:09:07,2025-02-23 20:09:07,PROD_00162,stationery,Stationery,SELL_0048,Rio de Janeiro,RJ,74.17,23.19,credit_card,4,264.87,5,Recommend
ORD_0000514,1,CUST_000309,Belo Horizonte,MG,delivered,2023-05-15 11:42:06,2023-05-20 11:42:06,2023-05-24 11:42:06,PROD_00121,food_drink,Food & Drink,SELL_0050,São Paulo,SP,9.79,17.39,credit_card,4,27.18,5,Average
ORD_0000515,1,CUST_000454,Curitiba,PR,delivered,2024-02-02 15:17:36,2024-02-17 15:17:36,2024-02-20 15:17:36,PROD_00056,health_beauty,Health & Beauty,SELL_0044,São Paulo,SP,159.22,8.8,voucher,1,898.54,5,OK
ORD_0000515,2,CUST_000454,Curitiba,PR,delivered,2024-02-02 15:17:36,2024-02-17 15:17:36,2024-02-20 15:17:36,PROD_00152,computers_accessories,Computers & Accessories,SELL_0033,Belo Horizonte,MG,694.29,36.23,voucher,1,898.54,5,OK
ORD_0000516,1,CUST_000323,São Paulo,SP,unavailable,2024-03-12 02:02:32,,2024-03-23 02:02:32,PROD_00047,garden_tools,Garden Tools,SELL_0025,Rio de Janeiro,RJ,98.0,32.89,credit_card,6,130.89,,
ORD_0000517,1,CUST_000115,São Paulo,SP,delivered,2024-10-25 21:45:09,2024-11-05 21:45:09,2024-11-03 21:45:09,PROD_00013,telephony,Telephony,SELL_0034,São Paulo,SP,90.9,9.71,credit_card,1,100.61,5,Great product!
ORD_0000518,1,CUST_000465,São Paulo,SP,delivered,2025-03-31 15:19:09,2025-04-09 15:19:09,2025-04-09 15:19:09,PROD_00116,electronics,Electronics,SELL_0019,Belo Horizonte,MG,223.04,11.51,credit_card,6,234.55,5,Average
ORD_0000519,1,CUST_000268,Rio de Janeiro,RJ,delivered,2024-03-13 09:36:03,2024-03-19 09:36:03,2024-03-22 09:36:03,PROD_00029,auto,Auto,SELL_0005,São Paulo,SP,245.08,43.74,boleto,1,288.82,4,Took too long
ORD_0000520,1,CUST_000049,São Paulo,SP,delivered,2024-04-20 21:46:36,2024-04-27 21:46:36,2024-04-25 21:46:36,PROD_00064,garden_tools,Garden Tools,SELL_0042,Florianópolis,SC,11.08,36.03,credit_card,6,47.11,4,Good quality
ORD_0000521,1,CUST_000394,São Paulo,SP,delivered,2024-05-30 00:07:47,2024-06-07 00:07:47,2024-06-10 00:07:47,PROD_00012,garden_tools,Garden Tools,SELL_0044,São Paulo,SP,67.43,13.94,credit_card,1,126.31,5,Love it
ORD_0000521,2,CUST_000394,São Paulo,SP,delivered,2024-05-30 00:07:47,2024-06-07 00:07:47,2024-06-10 00:07:47,PROD_00127,stationery,Stationery,SELL_0045,São Paulo,SP,22.15,22.79,credit_card,1,126.31,5,Love it
ORD_0000522,1,CUST_000449,Vitória,ES,delivered,2024-12-22 09:20:37,2025-01-01 09:20:37,2025-01-07 09:20:37,PROD_00036,fashion_bags,Fashion Bags,SELL_0039,São Paulo,SP,78.84,44.15,credit_card,3,122.99,5,Took too long
ORD_0000523,1,CUST_000414,Rio de Janeiro,RJ,delivered,2023-09-29 10:58:55,2023-10-09 10:58:55,2023-10-16 10:58:55,PROD_00128,stationery,Stationery,SELL_0002,São Paulo,SP,32.5,32.96,boleto,1,65.46,5,Good quality
ORD_0000524,1,CUST_000055,São Paulo,SP,delivered,2024-03-20 17:01:00,2024-03-24 17:01:00,2024-03-31 17:01:00,PROD_00178,electronics,Electronics,SELL_0027,Porto Alegre,RS,273.59,26.74,boleto,1,300.33,5,Perfect!
ORD_0000525,1,CUST_000245,São Paulo,SP,canceled,2024-04-16 22:25:55,,2024-04-27 22:25:55,PROD_00112,baby,Baby,SELL_0005,São Paulo,SP,106.95,21.89,credit_card,1,128.84,,
ORD_0000526,1,CUST_000417,São Paulo,SP,delivered,2024-09-23 11:44:43,2024-09-29 11:44:43,2024-09-27 11:44:43,PROD_00171,sports_leisure,Sports & Leisure,SELL_0016,São Paulo,SP,155.9,21.05,credit_card,6,176.95,4,Perfect!
ORD_0000527,1,CUST_000065,Rio de Janeiro,RJ,delivered,2023-05-19 00:12:07,2023-05-30 00:12:07,2023-06-06 00:12:07,PROD_00042,electronics,Electronics,SELL_0013,Belo Horizonte,MG,83.3,12.47,credit_card,2,95.77,5,Perfect!
ORD_0000528,1,CUST_000075,Belo Horizonte,MG,shipped,2024-10-27 07:27:53,,2024-11-06 07:27:53,PROD_00140,watches_gifts,Watches & Gifts,SELL_0005,São Paulo,SP,199.19,15.52,credit_card,2,214.71,,
ORD_0000529,1,CUST_000045,Brasília,DF,delivered,2023-11-05 14:09:30,2023-11-21 14:09:30,2023-11-25 14:09:30,PROD_00106,baby,Baby,SELL_0013,Belo Horizonte,MG,34.12,6.59,credit_card,6,40.71,4,Not as described
ORD_0000530,1,CUST_000494,Belo Horizonte,MG,delivered,2024-05-11 15:01:55,2024-05-19 15:01:55,2024-05-20 15:01:55,PROD_00192,garden_tools,Garden Tools,SELL_0004,São Paulo,SP,143.28,5.45,credit_card,3,148.73,5,Great product!
ORD_0000531,1,CUST_000292,São Paulo,SP,delivered,2025-04-29 12:03:21,2025-05-12 12:03:21,2025-05-18 12:03:21,PROD_00029,auto,Auto,SELL_0034,São Paulo,SP,190.73,15.64,credit_card,6,836.11,,
ORD_0000531,2,CUST_000292,São Paulo,SP,delivered,2025-04-29 12:03:21,2025-05-12 12:03:21,2025-05-18 12:03:21,PROD_00078,electronics,Electronics,SELL_0016,São Paulo,SP,619.26,10.48,credit_card,6,836.11,,
ORD_0000532,1,CUST_000306,Curitiba,PR,delivered,2025-01-18 17:18:02,2025-01-30 17:18:02,2025-02-05 17:18:02,PROD_00049,furniture_decor,Furniture & Decor,SELL_0014,São Paulo,SP,411.86,24.13,credit_card,2,672.5,2,Great product!
ORD_0000532,2,CUST_000306,Curitiba,PR,delivered,2025-01-18 17:18:02,2025-01-30 17:18:02,2025-02-05 17:18:02,PROD_00045,watches_gifts,Watches & Gifts,SELL_0035,Rio de Janeiro,RJ,206.17,30.34,credit_card,2,672.5,2,Great product!
ORD_0000533,1,CUST_000372,São Paulo,SP,delivered,2024-09-18 21:57:52,2024-09-23 21:57:52,2024-09-25 21:57:52,PROD_00033,computers_accessories,Computers & Accessories,SELL_0049,Curitiba,PR,690.54,10.82,credit_card,1,701.36,1,Recommend
ORD_0000534,1,CUST_000284,Porto Alegre,RS,shipped,2023-03-07 08:57:41,,2023-03-24 08:57:41,PROD_00019,furniture_decor,Furniture & Decor,SELL_0049,Curitiba,PR,357.05,14.88,credit_card,6,371.93,,
ORD_0000535,1,CUST_000319,Belo Horizonte,MG,delivered,2024-10-23 11:28:44,2024-11-03 11:28:44,2024-11-07 11:28:44,PROD_00093,health_beauty,Health & Beauty,SELL_0027,Porto Alegre,RS,235.34,38.12,boleto,1,457.05,,
ORD_0000535,2,CUST_000319,Belo Horizonte,MG,delivered,2024-10-23 11:28:44,2024-11-03 11:28:44,2024-11-07 11:28:44,PROD_00193,bed_bath_table,Bed Bath Table,SELL_0050,São Paulo,SP,143.76,39.83,boleto,1,457.05,,
ORD_0000536,1,CUST_000119,Florianópolis,SC,delivered,2024-06-03 07:37:58,2024-06-14 07:37:58,2024-06-21 07:37:58,PROD_00172,bed_bath_table,Bed Bath Table,SELL_0029,Belo Horizonte,MG,224.79,19.95,credit_card,3,244.74,5,Recommend
ORD_0000537,1,CUST_000240,Belo Horizonte,MG,canceled,2023-05-15 09:46:45,,2023-05-31 09:46:45,PROD_00058,garden_tools,Garden Tools,SELL_0040,Curitiba,PR,152.24,10.09,voucher,1,330.3,,
ORD_0000537,2,CUST_000240,Belo Horizonte,MG,canceled,2023-05-15 09:46:45,,2023-05-31 09:46:45,PROD_00105,garden_tools,Garden Tools,SELL_0011,São Paulo,SP,132.75,35.22,voucher,1,330.3,,
ORD_0000538,1,CUST_000408,Recife,PE,delivered,2024-04-28 05:39:13,2024-05-09 05:39:13,2024-05-16 05:39:13,PROD_00074,garden_tools,Garden Tools,SELL_0039,São Paulo,SP,104.46,8.0,credit_card,6,112.46,4,Recommend
ORD_0000539,1,CUST_000248,Rio de Janeiro,RJ,delivered,2023-05-13 05:12:10,2023-05-26 05:12:10,2023-05-26 05:12:10,PROD_00144,furniture_decor,Furniture & Decor,SELL_0010,Rio de Janeiro,RJ,87.51,40.67,credit_card,4,128.18,,
ORD_0000540,1,CUST_000108,Brasília,DF,delivered,2024-07-24 01:01:22,2024-08-03 01:01:22,2024-08-02 01:01:22,PROD_00072,baby,Baby,SELL_0022,Curitiba,PR,79.89,23.58,boleto,1,103.47,4,Took too long
ORD_0000541,1,CUST_000424,Belo Horizonte,MG,delivered,2024-05-30 01:51:04,2024-06-11 01:51:04,2024-06-15 01:51:04,PROD_00155,sports_leisure,Sports & Leisure,SELL_0031,São Paulo,SP,144.29,17.33,credit_card,4,368.19,5,Recommend
ORD_0000541,2,CUST_000424,Belo Horizonte,MG,delivered,2024-05-30 01:51:04,2024-06-11 01:51:04,2024-06-15 01:51:04,PROD_00125,sports_leisure,Sports & Leisure,SELL_0045,São Paulo,SP,166.72,39.85,credit_card,4,368.19,5,Recommend
ORD_0000542,1,CUST_000133,Rio de Janeiro,RJ,delivered,2023-12-15 11:49:02,2023-12-29 11:49:02,2024-01-03 11:49:02,PROD_00175,furniture_decor,Furniture & Decor,SELL_0037,São Paulo,SP,378.91,31.44,credit_card,1,410.35,5,Not as described
ORD_0000543,1,CUST_000310,Rio de Janeiro,RJ,delivered,2024-11-16 03:45:03,2024-12-01 03:45:03,2024-12-07 03:45:03,PROD_00024,baby,Baby,SELL_0035,Rio de Janeiro,RJ,129.08,44.01,credit_card,1,173.09,5,Recommend
ORD_0000544,1,CUST_000401,Belo Horizonte,MG,delivered,2023-04-15 17:02:32,2023-04-25 17:02:32,2023-04-25 17:02:32,PROD_00017,health_beauty,Health & Beauty,SELL_0018,Florianópolis,SC,74.12,15.73,credit_card,10,89.85,5,Average
ORD_0000545,1,CUST_000467,Recife,PE,delivered,2024-01-06 05:46:18,2024-01-15 05:46:18,2024-01-14 05:46:18,PROD_00059,toys,Toys,SELL_0016,São Paulo,SP,53.83,41.23,boleto,1,95.06,3,Great product!
ORD_0000546,1,CUST_000332,São Paulo,SP,shipped,2024-01-08 10:52:08,,2024-01-19 10:52:08,PROD_00079,bed_bath_table,Bed Bath Table,SELL_0044,São Paulo,SP,77.76,18.4,credit_card,1,96.16,,
ORD_0000547,1,CUST_000394,São Paulo,SP,delivered,2025-02-26 00:15:53,2025-03-07 00:15:53,2025-03-10 00:15:53,PROD_00154,watches_gifts,Watches & Gifts,SELL_0050,São Paulo,SP,223.45,31.36,credit_card,6,254.81,,
ORD_0000548,1,CUST_000185,Rio de Janeiro,RJ,delivered,2024-10-06 21:15:09,2024-10-18 21:15:09,2024-10-17 21:15:09,PROD_00036,fashion_bags,Fashion Bags,SELL_0013,Belo Horizonte,MG,326.83,32.53,credit_card,2,464.75,5,Good quality
ORD_0000548,2,CUST_000185,Rio de Janeiro,RJ,delivered,2024-10-06 21:15:09,2024-10-18 21:15:09,2024-10-17 21:15:09,PROD_00176,garden_tools,Garden Tools,SELL_0021,Belo Horizonte,MG,78.68,26.71,credit_card,2,464.75,5,Good quality
ORD_0000549,1,CUST_000411,São Paulo,SP,canceled,2024-03-15 13:58:26,,2024-03-15 13:58:26,PROD_00149,stationery,Stationery,SELL_0047,Florianópolis,SC,44.01,9.69,credit_card,1,175.56,,
ORD_0000549,2,CUST_000411,São Paulo,SP,canceled,2024-03-15 13:58:26,,2024-03-15 13:58:26,PROD_00164,bed_bath_table,Bed Bath Table,SELL_0041,São Paulo,SP,92.93,28.93,credit_card,1,175.56,,
ORD_0000550,1,CUST_000227,São Paulo,SP,canceled,2023-05-30 00:45:51,,2023-06-04 00:45:51,PROD_00166,furniture_decor,Furniture & Decor,SELL_0026,São Paulo,SP,493.36,20.0,credit_card,6,513.36,,
ORD_0000551,1,CUST_000174,São Paulo,SP,delivered,2023-11-19 12:49:10,2023-11-24 12:49:10,2023-11-30 12:49:10,PROD_00146,garden_tools,Garden Tools,SELL_0017,São Paulo,SP,97.23,18.66,credit_card,2,340.97,2,Perfect!
ORD_0000551,2,CUST_000174,São Paulo,SP,delivered,2023-11-19 12:49:10,2023-11-24 12:49:10,2023-11-30 12:49:10,PROD_00019,furniture_decor,Furniture & Decor,SELL_0036,São Paulo,SP,181.42,43.66,credit_card,2,340.97,2,Perfect!
ORD_0000552,1,CUST_000030,Porto Alegre,RS,unavailable,2024-10-08 22:51:42,,2024-10-21 22:51:42,PROD_00049,furniture_decor,Furniture & Decor,SELL_0032,Rio de Janeiro,RJ,494.72,15.19,credit_card,2,509.91,,
ORD_0000553,1,CUST_000206,Fortaleza,CE,delivered,2024-11-28 22:35:55,2024-12-15 22:35:55,2024-12-16 22:35:55,PROD_00141,watches_gifts,Watches & Gifts,SELL_0037,São Paulo,SP,300.12,16.08,boleto,1,580.75,3,OK
ORD_0000553,2,CUST_000206,Fortaleza,CE,delivered,2024-11-28 22:35:55,2024-12-15 22:35:55,2024-12-16 22:35:55,PROD_00051,watches_gifts,Watches & Gifts,SELL_0041,São Paulo,SP,147.54,44.26,boleto,1,580.75,3,OK
ORD_0000553,3,CUST_000206,Fortaleza,CE,delivered,2024-11-28 22:35:55,2024-12-15 22:35:55,2024-12-16 22:35:55,PROD_00153,telephony,Telephony,SELL_0021,Belo Horizonte,MG,50.26,22.49,boleto,1,580.75,3,OK
ORD_0000554,1,CUST_000461,São Paulo,SP,delivered,2024-06-24 19:58:09,2024-07-01 19:58:09,2024-07-06 19:58:09,PROD_00032,stationery,Stationery,SELL_0004,São Paulo,SP,32.1,37.05,credit_card,3,69.15,3,Not as described
ORD_0000555,1,CUST_000320,Belo Horizonte,MG,delivered,2025-03-18 19:41:28,2025-03-30 19:41:28,2025-03-28 19:41:28,PROD_00072,baby,Baby,SELL_0009,São Paulo,SP,32.73,26.41,boleto,1,496.91,,
ORD_0000555,2,CUST_000320,Belo Horizonte,MG,delivered,2025-03-18 19:41:28,2025-03-30 19:41:28,2025-03-28 19:41:28,PROD_00191,furniture_decor,Furniture & Decor,SELL_0043,Belo Horizonte,MG,424.57,13.2,boleto,1,496.91,,
ORD_0000556,1,CUST_000019,São Paulo,SP,delivered,2024-07-04 10:24:46,2024-07-06 10:24:46,2024-07-11 10:24:46,PROD_00029,auto,Auto,SELL_0018,Florianópolis,SC,128.1,29.97,voucher,1,158.07,5,Fast delivery
ORD_0000557,1,CUST_000277,São Paulo,SP,delivered,2023-10-18 06:05:32,2023-10-26 06:05:32,2023-10-23 06:05:32,PROD_00060,food_drink,Food & Drink,SELL_0049,Curitiba,PR,19.46,29.15,credit_card,4,48.61,5,Fast delivery
ORD_0000558,1,CUST_000456,Rio de Janeiro,RJ,delivered,2025-03-26 17:37:16,2025-04-03 17:37:16,2025-04-06 17:37:16,PROD_00091,watches_gifts,Watches & Gifts,SELL_0036,São Paulo,SP,423.57,11.07,credit_card,4,1108.28,5,OK
ORD_0000558,2,CUST_000456,Rio de Janeiro,RJ,delivered,2025-03-26 17:37:16,2025-04-03 17:37:16,2025-04-06 17:37:16,PROD_00082,telephony,Telephony,SELL_0025,Rio de Janeiro,RJ,233.46,11.87,credit_card,4,1108.28,5,OK
ORD_0000558,3,CUST_000456,Rio de Janeiro,RJ,delivered,2025-03-26 17:37:16,2025-04-03 17:37:16,2025-04-06 17:37:16,PROD_00139,furniture_decor,Furniture & Decor,SELL_0006,São Paulo,SP,385.13,43.18,credit_card,4,1108.28,5,OK
ORD_0000559,1,CUST_000259,São Paulo,SP,delivered,2023-04-24 23:03:53,2023-05-01 23:03:53,2023-05-08 23:03:53,PROD_00070,computers_accessories,Computers & Accessories,SELL_0016,São Paulo,SP,653.35,9.98,credit_card,2,736.59,5,Perfect!
ORD_0000559,2,CUST_000259,São Paulo,SP,delivered,2023-04-24 23:03:53,2023-05-01 23:03:53,2023-05-08 23:03:53,PROD_00057,toys,Toys,SELL_0012,São Paulo,SP,43.88,29.38,credit_card,2,736.59,5,Perfect!
ORD_0000560,1,CUST_000482,Cuiabá,MT,delivered,2023-05-08 14:19:36,2023-05-24 14:19:36,2023-05-24 14:19:36,PROD_00001,auto,Auto,SELL_0038,Rio de Janeiro,RJ,94.99,17.34,credit_card,2,112.33,4,Perfect!
ORD_0000561,1,CUST_000413,São Paulo,SP,delivered,2025-02-02 18:36:45,2025-02-10 18:36:45,2025-02-17 18:36:45,PROD_00115,computers_accessories,Computers & Accessories,SELL_0006,São Paulo,SP,194.31,9.01,boleto,1,539.13,5,Average
ORD_0000561,2,CUST_000413,São Paulo,SP,delivered,2025-02-02 18:36:45,2025-02-10 18:36:45,2025-02-17 18:36:45,PROD_00183,electronics,Electronics,SELL_0025,Rio de Janeiro,RJ,324.79,11.02,boleto,1,539.13,5,Average
ORD_0000562,1,CUST_000402,Fortaleza,CE,delivered,2025-04-14 22:36:43,2025-05-03 22:36:43,2025-05-03 22:36:43,PROD_00006,baby,Baby,SELL_0044,São Paulo,SP,104.31,15.87,credit_card,2,291.42,,
ORD_0000562,2,CUST_000402,Fortaleza,CE,delivered,2025-04-14 22:36:43,2025-05-03 22:36:43,2025-05-03 22:36:43,PROD_00112,baby,Baby,SELL_0021,Belo Horizonte,MG,145.28,25.96,credit_card,2,291.42,,
ORD_0000563,1,CUST_000054,Salvador,BA,delivered,2023-12-02 16:37:12,2023-12-17 16:37:12,2023-12-15 16:37:12,PROD_00158,fashion_bags,Fashion Bags,SELL_0014,São Paulo,SP,173.52,22.69,credit_card,4,196.21,5,Fast delivery
ORD_0000564,1,CUST_000048,Belo Horizonte,MG,delivered,2023-03-05 13:56:08,2023-03-11 13:56:08,2023-03-13 13:56:08,PROD_00020,watches_gifts,Watches & Gifts,SELL_0025,Rio de Janeiro,RJ,308.46,32.96,boleto,1,341.42,4,OK
ORD_0000565,1,CUST_000347,Belo Horizonte,MG,delivered,2024-06-22 12:37:35,2024-06-30 12:37:35,2024-07-04 12:37:35,PROD_00054,telephony,Telephony,SELL_0018,Florianópolis,SC,81.02,19.13,credit_card,6,197.7,5,Good quality
ORD_0000565,2,CUST_000347,Belo Horizonte,MG,delivered,2024-06-22 12:37:35,2024-06-30 12:37:35,2024-07-04 12:37:35,PROD_00184,health_beauty,Health & Beauty,SELL_0039,São Paulo,SP,83.31,14.24,credit_card,6,197.7,5,Good quality
ORD_0000566,1,CUST_000353,Recife,PE,delivered,2024-05-16 23:26:52,2024-05-29 23:26:52,2024-06-02 23:26:52,PROD_00176,garden_tools,Garden Tools,SELL_0045,São Paulo,SP,187.7,14.76,credit_card,3,843.83,,
ORD_0000566,2,CUST_000353,Recife,PE,delivered,2024-05-16 23:26:52,2024-05-29 23:26:52,2024-06-02 23:26:52,PROD_00116,electronics,Electronics,SELL_0037,São Paulo,SP,506.32,5.88,credit_card,3,843.83,,
ORD_0000566,3,CUST_000353,Recife,PE,delivered,2024-05-16 23:26:52,2024-05-29 23:26:52,2024-06-02 23:26:52,PROD_00093,health_beauty,Health & Beauty,SELL_0047,Florianópolis,SC,104.53,24.64,credit_card,3,843.83,,
ORD_0000567,1,CUST_000365,Fortaleza,CE,delivered,2024-04-13 04:45:32,2024-04-29 04:45:32,2024-04-28 04:45:32,PROD_00023,stationery,Stationery,SELL_0018,Florianópolis,SC,37.8,18.93,credit_card,10,249.77,1,Recommend
ORD_0000567,2,CUST_000365,Fortaleza,CE,delivered,2024-04-13 04:45:32,2024-04-29 04:45:32,2024-04-28 04:45:32,PROD_00067,baby,Baby,SELL_0038,Rio de Janeiro,RJ,93.96,11.74,credit_card,10,249.77,1,Recommend
ORD_0000567,3,CUST_000365,Fortaleza,CE,delivered,2024-04-13 04:45:32,2024-04-29 04:45:32,2024-04-28 04:45:32,PROD_00133,stationery,Stationery,SELL_0003,Rio de Janeiro,RJ,49.93,37.41,credit_card,10,249.77,1,Recommend
ORD_0000568,1,CUST_000484,São Paulo,SP,shipped,2024-07-26 11:58:07,,2024-08-01 11:58:07,PROD_00195,food_drink,Food & Drink,SELL_0011,São Paulo,SP,19.89,33.28,boleto,1,53.17,,
ORD_0000569,1,CUST_000190,Vitória,ES,delivered,2024-08-08 09:02:33,2024-08-22 09:02:33,2024-08-26 09:02:33,PROD_00142,food_drink,Food & Drink,SELL_0017,São Paulo,SP,10.6,8.17,credit_card,3,18.77,4,Good quality
ORD_0000570,1,CUST_000015,Belo Horizonte,MG,delivered,2025-03-21 04:09:50,2025-04-01 04:09:50,2025-04-02 04:09:50,PROD_00037,health_beauty,Health & Beauty,SELL_0012,São Paulo,SP,216.75,16.14,credit_card,10,232.89,2,Great product!
ORD_0000571,1,CUST_000111,Belo Horizonte,MG,delivered,2023-07-07 23:31:00,2023-07-20 23:31:00,2023-07-26 23:31:00,PROD_00043,stationery,Stationery,SELL_0006,São Paulo,SP,44.04,14.27,credit_card,3,58.31,5,
ORD_0000572,1,CUST_000159,São Paulo,SP,delivered,2024-08-02 14:57:21,2024-08-07 14:57:21,2024-08-06 14:57:21,PROD_00168,watches_gifts,Watches & Gifts,SELL_0048,Rio de Janeiro,RJ,395.89,39.87,credit_card,4,435.76,5,Average
ORD_0000573,1,CUST_000391,Rio de Janeiro,RJ,delivered,2023-05-22 16:40:29,2023-06-03 16:40:29,2023-06-09 16:40:29,PROD_00121,food_drink,Food & Drink,SELL_0016,São Paulo,SP,56.98,40.8,boleto,1,97.78,2,Average
ORD_0000574,1,CUST_000341,Brasília,DF,delivered,2024-09-30 13:24:14,2024-10-10 13:24:14,2024-10-17 13:24:14,PROD_00051,watches_gifts,Watches & Gifts,SELL_0050,São Paulo,SP,309.26,8.08,credit_card,2,395.79,5,Good quality
ORD_0000574,2,CUST_000341,Brasília,DF,delivered,2024-09-30 13:24:14,2024-10-10 13:24:14,2024-10-17 13:24:14,PROD_00069,stationery,Stationery,SELL_0008,Rio de Janeiro,RJ,66.3,12.15,credit_card,2,395.79,5,Good quality
ORD_0000575,1,CUST_000456,Rio de Janeiro,RJ,shipped,2024-03-29 23:17:41,,2024-04-04 23:17:41,PROD_00095,food_drink,Food & Drink,SELL_0012,São Paulo,SP,45.61,11.11,credit_card,10,56.72,,
ORD_0000576,1,CUST_000288,São Paulo,SP,delivered,2024-10-22 03:41:35,2024-10-27 03:41:35,2024-11-01 03:41:35,PROD_00084,furniture_decor,Furniture & Decor,SELL_0033,Belo Horizonte,MG,519.03,35.65,debit_card,1,884.48,5,Not as described
ORD_0000576,2,CUST_000288,São Paulo,SP,delivered,2024-10-22 03:41:35,2024-10-27 03:41:35,2024-11-01 03:41:35,PROD_00129,furniture_decor,Furniture & Decor,SELL_0009,São Paulo,SP,322.53,7.27,debit_card,1,884.48,5,Not as described
ORD_0000577,1,CUST_000296,Porto Alegre,RS,delivered,2025-02-14 01:36:33,2025-03-01 01:36:33,2025-03-06 01:36:33,PROD_00040,watches_gifts,Watches & Gifts,SELL_0039,São Paulo,SP,426.34,14.68,credit_card,6,441.02,5,Recommend
ORD_0000578,1,CUST_000093,São Paulo,SP,delivered,2023-01-20 08:50:13,2023-01-27 08:50:13,2023-01-31 08:50:13,PROD_00072,baby,Baby,SELL_0046,São Paulo,SP,91.3,23.2,boleto,1,114.5,5,Fast delivery
ORD_0000579,1,CUST_000044,Belo Horizonte,MG,delivered,2025-04-06 17:38:20,2025-04-18 17:38:20,2025-04-21 17:38:20,PROD_00042,electronics,Electronics,SELL_0005,São Paulo,SP,457.09,35.18,credit_card,6,520.74,5,Perfect!
ORD_0000579,2,CUST_000044,Belo Horizonte,MG,delivered,2025-04-06 17:38:20,2025-04-18 17:38:20,2025-04-21 17:38:20,PROD_00035,stationery,Stationery,SELL_0032,Rio de Janeiro,RJ,5.04,23.43,credit_card,6,520.74,5,Perfect!
ORD_0000580,1,CUST_000093,São Paulo,SP,delivered,2024-02-29 00:55:33,2024-03-07 00:55:33,2024-03-05 00:55:33,PROD_00141,watches_gifts,Watches & Gifts,SELL_0034,São Paulo,SP,279.91,21.16,voucher,1,888.47,5,Love it
ORD_0000580,2,CUST_000093,São Paulo,SP,delivered,2024-02-29 00:55:33,2024-03-07 00:55:33,2024-03-05 00:55:33,PROD_00166,furniture_decor,Furniture & Decor,SELL_0039,São Paulo,SP,568.24,19.16,voucher,1,888.47,5,Love it
ORD_0000581,1,CUST_000051,Brasília,DF,delivered,2024-07-08 05:18:09,2024-07-24 05:18:09,2024-07-31 05:18:09,PROD_00192,garden_tools,Garden Tools,SELL_0027,Porto Alegre,RS,86.99,15.06,credit_card,2,632.54,5,Love it
ORD_0000581,2,CUST_000051,Brasília,DF,delivered,2024-07-08 05:18:09,2024-07-24 05:18:09,2024-07-31 05:18:09,PROD_00129,furniture_decor,Furniture & Decor,SELL_0003,Rio de Janeiro,RJ,520.44,10.05,credit_card,2,632.54,5,Love it
ORD_0000582,1,CUST_000087,Belo Horizonte,MG,delivered,2023-03-02 19:20:11,2023-03-19 19:20:11,2023-03-22 19:20:11,PROD_00095,food_drink,Food & Drink,SELL_0027,Porto Alegre,RS,51.78,9.62,boleto,1,61.4,5,Not as described
ORD_0000583,1,CUST_000051,Brasília,DF,delivered,2023-11-24 04:26:57,2023-12-08 04:26:57,2023-12-14 04:26:57,PROD_00096,watches_gifts,Watches & Gifts,SELL_0049,Curitiba,PR,31.46,24.49,credit_card,1,55.95,,
ORD_0000584,1,CUST_000301,São Paulo,SP,delivered,2023-08-31 15:32:48,2023-09-08 15:32:48,2023-09-09 15:32:48,PROD_00199,auto,Auto,SELL_0038,Rio de Janeiro,RJ,228.88,10.89,credit_card,4,239.77,1,Not as described
ORD_0000585,1,CUST_000032,São Paulo,SP,delivered,2023-11-22 14:35:26,2023-11-25 14:35:26,2023-11-22 14:35:26,PROD_00078,electronics,Electronics,SELL_0015,Porto Alegre,RS,292.54,10.69,credit_card,1,303.23,,
ORD_0000586,1,CUST_000138,Belo Horizonte,MG,delivered,2024-07-21 18:43:06,2024-07-27 18:43:06,2024-07-28 18:43:06,PROD_00103,food_drink,Food & Drink,SELL_0014,São Paulo,SP,32.25,23.61,credit_card,3,55.86,3,
ORD_0000587,1,CUST_000291,São Paulo,SP,delivered,2024-02-21 14:05:54,2024-02-23 14:05:54,2024-02-23 14:05:54,PROD_00014,stationery,Stationery,SELL_0041,São Paulo,SP,23.4,10.82,credit_card,4,34.22,2,Good quality
ORD_0000588,1,CUST_000276,Salvador,BA,delivered,2024-03-09 17:28:02,2024-03-31 17:28:02,2024-04-01 17:28:02,PROD_00014,stationery,Stationery,SELL_0042,Florianópolis,SC,31.29,41.38,credit_card,6,72.67,1,Fast delivery
ORD_0000589,1,CUST_000335,São Luís,MA,delivered,2023-06-21 00:03:59,2023-07-10 00:03:59,2023-07-12 00:03:59,PROD_00076,bed_bath_table,Bed Bath Table,SELL_0031,São Paulo,SP,122.56,25.5,credit_card,4,148.06,5,Good quality
ORD_0000590,1,CUST_000432,São Paulo,SP,delivered,2024-10-09 06:37:53,2024-10-14 06:37:53,2024-10-19 06:37:53,PROD_00123,health_beauty,Health & Beauty,SELL_0020,Curitiba,PR,30.92,18.26,boleto,1,261.03,5,Average
ORD_0000590,2,CUST_000432,São Paulo,SP,delivered,2024-10-09 06:37:53,2024-10-14 06:37:53,2024-10-19 06:37:53,PROD_00043,stationery,Stationery,SELL_0048,Rio de Janeiro,RJ,5.83,9.05,boleto,1,261.03,5,Average
ORD_0000590,3,CUST_000432,São Paulo,SP,delivered,2024-10-09 06:37:53,2024-10-14 06:37:53,2024-10-19 06:37:53,PROD_00144,furniture_decor,Furniture & Decor,SELL_0014,São Paulo,SP,190.98,5.99,boleto,1,261.03,5,Average
ORD_0000591,1,CUST_000289,São Paulo,SP,delivered,2023-03-13 09:05:25,2023-03-19 09:05:25,2023-03-22 09:05:25,PROD_00007,computers_accessories,Computers & Accessories,SELL_0040,Curitiba,PR,375.24,18.36,credit_card,6,393.6,2,Recommend
ORD_0000592,1,CUST_000108,Brasília,DF,canceled,2024-09-17 16:51:20,,2024-09-25 16:51:20,PROD_00084,furniture_decor,Furniture & Decor,SELL_0034,São Paulo,SP,199.56,7.04,credit_card,10,206.6,,
ORD_0000593,1,CUST_000134,Belo Horizonte,MG,delivered,2025-02-09 22:28:17,2025-02-18 22:28:17,2025-02-24 22:28:17,PROD_00113,computers_accessories,Computers & Accessories,SELL_0033,Belo Horizonte,MG,614.04,22.34,credit_card,2,636.38,,
ORD_0000594,1,CUST_000169,São Paulo,SP,delivered,2023-01-17 22:08:41,2023-01-27 22:08:41,2023-01-24 22:08:41,PROD_00141,watches_gifts,Watches & Gifts,SELL_0005,São Paulo,SP,369.76,27.65,credit_card,3,397.41,3,OK
ORD_0000595,1,CUST_000345,São Paulo,SP,delivered,2023-06-27 13:35:57,2023-06-30 13:35:57,2023-07-07 13:35:57,PROD_00097,bed_bath_table,Bed Bath Table,SELL_0047,Florianópolis,SC,115.79,33.57,credit_card,4,400.26,5,Good quality
ORD_0000595,2,CUST_000345,São Paulo,SP,delivered,2023-06-27 13:35:57,2023-06-30 13:35:57,2023-07-07 13:35:57,PROD_00163,toys,Toys,SELL_0013,Belo Horizonte,MG,47.39,10.69,credit_card,4,400.26,5,Good quality
ORD_0000595,3,CUST_000345,São Paulo,SP,delivered,2023-06-27 13:35:57,2023-06-30 13:35:57,2023-07-07 13:35:57,PROD_00158,fashion_bags,Fashion Bags,SELL_0003,Rio de Janeiro,RJ,172.04,20.78,credit_card,4,400.26,5,Good quality
ORD_0000596,1,CUST_000334,Fortaleza,CE,delivered,2023-03-21 17:01:57,2023-04-05 17:01:57,2023-04-07 17:01:57,PROD_00035,stationery,Stationery,SELL_0027,Porto Alegre,RS,19.59,27.77,boleto,1,47.36,4,OK
ORD_0000597,1,CUST_000498,São Paulo,SP,delivered,2025-04-12 12:52:38,2025-04-22 12:52:38,2025-04-22 12:52:38,PROD_00146,garden_tools,Garden Tools,SELL_0001,Curitiba,PR,58.48,41.64,credit_card,1,100.12,4,
ORD_0000598,1,CUST_000228,Curitiba,PR,delivered,2023-01-10 07:47:01,2023-01-25 07:47:01,2023-01-25 07:47:01,PROD_00010,electronics,Electronics,SELL_0005,São Paulo,SP,204.22,24.31,credit_card,6,228.53,,
ORD_0000599,1,CUST_000047,São Paulo,SP,delivered,2025-04-15 19:40:19,2025-04-24 19:40:19,2025-04-28 19:40:19,PROD_00043,stationery,Stationery,SELL_0006,São Paulo,SP,74.36,24.74,credit_card,3,99.1,1,Recommend
ORD_0000600,1,CUST_000464,Belo Horizonte,MG,delivered,2024-12-21 22:38:13,2025-01-01 22:38:13,2024-12-30 22:38:13,PROD_00088,health_beauty,Health & Beauty,SELL_0031,São Paulo,SP,159.95,44.18,credit_card,3,204.13,4,Good quality
ORD_0000601,1,CUST_000446,São Paulo,SP,delivered,2023-10-12 18:32:31,2023-10-18 18:32:31,2023-10-17 18:32:31,PROD_00141,watches_gifts,Watches & Gifts,SELL_0022,Curitiba,PR,446.8,37.58,credit_card,2,484.38,5,Recommend
ORD_0000602,1,CUST_000034,São Paulo,SP,delivered,2024-08-25 04:47:04,2024-08-29 04:47:04,2024-08-29 04:47:04,PROD_00135,watches_gifts,Watches & Gifts,SELL_0046,São Paulo,SP,94.69,32.28,credit_card,1,126.97,5,Love it
ORD_0000603,1,CUST_000452,Porto Alegre,RS,shipped,2024-06-19 23:50:17,,2024-07-12 23:50:17,PROD_00072,baby,Baby,SELL_0016,São Paulo,SP,148.02,36.13,boleto,1,184.15,,
ORD_0000604,1,CUST_000315,Brasília,DF,delivered,2023-09-16 21:35:56,2023-09-27 21:35:56,2023-10-04 21:35:56,PROD_00112,baby,Baby,SELL_0033,Belo Horizonte,MG,94.76,18.13,boleto,1,235.5,5,Average
ORD_0000604,2,CUST_000315,Brasília,DF,delivered,2023-09-16 21:35:56,2023-09-27 21:35:56,2023-10-04 21:35:56,PROD_00128,stationery,Stationery,SELL_0004,São Paulo,SP,77.96,44.65,boleto,1,235.5,5,Average
ORD_0000605,1,CUST_000345,São Paulo,SP,shipped,2024-10-27 01:54:20,,2024-11-07 01:54:20,PROD_00066,food_drink,Food & Drink,SELL_0015,Porto Alegre,RS,13.54,10.92,credit_card,4,24.46,,
ORD_0000606,1,CUST_000254,Belo Horizonte,MG,delivered,2024-01-06 16:48:02,2024-01-22 16:48:02,2024-01-25 16:48:02,PROD_00064,garden_tools,Garden Tools,SELL_0007,Porto Alegre,RS,98.23,11.13,boleto,1,454.14,,
ORD_0000606,2,CUST_000254,Belo Horizonte,MG,delivered,2024-01-06 16:48:02,2024-01-22 16:48:02,2024-01-25 16:48:02,PROD_00139,furniture_decor,Furniture & Decor,SELL_0026,São Paulo,SP,323.27,21.51,boleto,1,454.14,,
ORD_0000607,1,CUST_000273,São Paulo,SP,delivered,2024-04-04 10:00:25,2024-04-15 10:00:25,2024-04-15 10:00:25,PROD_00077,toys,Toys,SELL_0031,São Paulo,SP,21.36,11.5,credit_card,1,32.86,5,Not as described
ORD_0000608,1,CUST_000354,São Paulo,SP,delivered,2024-03-09 02:58:15,2024-03-10 02:58:15,2024-03-08 02:58:15,PROD_00081,stationery,Stationery,SELL_0026,São Paulo,SP,74.46,7.28,credit_card,6,81.74,4,Took too long
ORD_0000609,1,CUST_000321,Fortaleza,CE,delivered,2024-10-02 03:01:30,2024-10-20 03:01:30,2024-10-21 03:01:30,PROD_00122,fashion_bags,Fashion Bags,SELL_0024,São Paulo,SP,391.99,18.35,credit_card,10,410.34,,
ORD_0000610,1,CUST_000127,São Paulo,SP,delivered,2023-04-21 15:15:21,2023-04-22 15:15:21,2023-04-22 15:15:21,PROD_00125,sports_leisure,Sports & Leisure,SELL_0026,São Paulo,SP,354.06,24.67,credit_card,1,378.73,5,Not as described
ORD_0000611,1,CUST_000484,São Paulo,SP,delivered,2023-03-16 19:39:28,2023-03-29 19:39:28,2023-03-26 19:39:28,PROD_00111,computers_accessories,Computers & Accessories,SELL_0040,Curitiba,PR,684.08,16.46,credit_card,1,700.54,5,
ORD_0000612,1,CUST_000194,São Paulo,SP,delivered,2023-11-17 22:04:50,2023-11-30 22:04:50,2023-11-27 22:04:50,PROD_00154,watches_gifts,Watches & Gifts,SELL_0006,São Paulo,SP,177.03,20.07,credit_card,4,197.1,5,Fast delivery
ORD_0000613,1,CUST_000155,São Paulo,SP,delivered,2024-09-17 20:27:04,2024-09-30 20:27:04,2024-10-03 20:27:04,PROD_00189,garden_tools,Garden Tools,SELL_0032,Rio de Janeiro,RJ,11.61,26.61,boleto,1,38.22,5,Fast delivery
ORD_0000614,1,CUST_000050,Rio de Janeiro,RJ,delivered,2024-09-24 13:14:55,2024-10-06 13:14:55,2024-10-03 13:14:55,PROD_00179,auto,Auto,SELL_0001,Curitiba,PR,232.07,44.67,credit_card,1,531.23,5,Took too long
ORD_0000614,2,CUST_000050,Rio de Janeiro,RJ,delivered,2024-09-24 13:14:55,2024-10-06 13:14:55,2024-10-03 13:14:55,PROD_00046,baby,Baby,SELL_0024,São Paulo,SP,20.39,16.66,credit_card,1,531.23,5,Took too long
ORD_0000614,3,CUST_000050,Rio de Janeiro,RJ,delivered,2024-09-24 13:14:55,2024-10-06 13:14:55,2024-10-03 13:14:55,PROD_00176,garden_tools,Garden Tools,SELL_0043,Belo Horizonte,MG,184.44,33.0,credit_card,1,531.23,5,Took too long
ORD_0000615,1,CUST_000233,Florianópolis,SC,delivered,2024-01-29 14:50:27,2024-02-10 14:50:27,2024-02-07 14:50:27,PROD_00043,stationery,Stationery,SELL_0003,Rio de Janeiro,RJ,71.97,18.21,credit_card,10,90.18,4,Good quality
ORD_0000616,1,CUST_000233,Florianópolis,SC,delivered,2024-06-13 10:37:12,2024-06-24 10:37:12,2024-06-22 10:37:12,PROD_00011,toys,Toys,SELL_0013,Belo Horizonte,MG,96.01,37.86,credit_card,3,133.87,5,Perfect!
ORD_0000617,1,CUST_000304,São Paulo,SP,delivered,2025-03-19 06:57:36,2025-03-25 06:57:36,2025-03-31 06:57:36,PROD_00126,toys,Toys,SELL_0040,Curitiba,PR,25.06,28.73,credit_card,2,575.98,5,Recommend
ORD_0000617,2,CUST_000304,São Paulo,SP,delivered,2025-03-19 06:57:36,2025-03-25 06:57:36,2025-03-31 06:57:36,PROD_00019,furniture_decor,Furniture & Decor,SELL_0005,São Paulo,SP,505.81,16.38,credit_card,2,575.98,5,Recommend
ORD_0000618,1,CUST_000228,Curitiba,PR,delivered,2023-07-10 07:08:51,2023-07-26 07:08:51,2023-08-01 07:08:51,PROD_00067,baby,Baby,SELL_0033,Belo Horizonte,MG,40.97,36.04,credit_card,3,77.01,2,Not as described
ORD_0000619,1,CUST_000224,São Paulo,SP,delivered,2024-06-09 20:48:22,2024-06-17 20:48:22,2024-06-18 20:48:22,PROD_00058,garden_tools,Garden Tools,SELL_0022,Curitiba,PR,140.92,6.28,credit_card,1,147.2,5,Love it
ORD_0000620,1,CUST_000309,Belo Horizonte,MG,delivered,2023-12-18 09:23:00,2023-12-28 09:23:00,2023-12-25 09:23:00,PROD_00122,fashion_bags,Fashion Bags,SELL_0033,Belo Horizonte,MG,329.8,19.35,credit_card,10,349.15,,
ORD_0000621,1,CUST_000122,Rio de Janeiro,RJ,delivered,2024-06-03 17:54:03,2024-06-12 17:54:03,2024-06-10 17:54:03,PROD_00181,watches_gifts,Watches & Gifts,SELL_0016,São Paulo,SP,411.03,21.72,credit_card,10,432.75,,
ORD_0000622,1,CUST_000175,Goiânia,GO,unavailable,2023-07-13 21:30:44,,2023-07-30 21:30:44,PROD_00054,telephony,Telephony,SELL_0010,Rio de Janeiro,RJ,87.39,10.95,credit_card,10,98.34,,
ORD_0000623,1,CUST_000355,São Paulo,SP,delivered,2023-12-06 18:36:21,2023-12-15 18:36:21,2023-12-12 18:36:21,PROD_00151,auto,Auto,SELL_0029,Belo Horizonte,MG,308.17,10.91,credit_card,1,319.08,5,Good quality
ORD_0000624,1,CUST_000254,Belo Horizonte,MG,delivered,2023-08-13 00:40:14,2023-08-27 00:40:14,2023-08-27 00:40:14,PROD_00019,furniture_decor,Furniture & Decor,SELL_0021,Belo Horizonte,MG,198.19,18.31,boleto,1,216.5,1,Love it
ORD_0000625,1,CUST_000123,Rio de Janeiro,RJ,delivered,2024-05-07 23:49:52,2024-05-17 23:49:52,2024-05-14 23:49:52,PROD_00124,auto,Auto,SELL_0042,Florianópolis,SC,160.84,9.9,boleto,1,170.74,4,Perfect!
ORD_0000626,1,CUST_000186,São Paulo,SP,delivered,2023-01-11 02:22:01,2023-01-21 02:22:01,2023-01-25 02:22:01,PROD_00142,food_drink,Food & Drink,SELL_0046,São Paulo,SP,45.93,17.1,credit_card,6,384.2,4,Love it
ORD_0000626,2,CUST_000186,São Paulo,SP,delivered,2023-01-11 02:22:01,2023-01-21 02:22:01,2023-01-25 02:22:01,PROD_00122,fashion_bags,Fashion Bags,SELL_0026,São Paulo,SP,272.79,19.57,credit_card,6,384.2,4,Love it
ORD_0000626,3,CUST_000186,São Paulo,SP,delivered,2023-01-11 02:22:01,2023-01-21 02:22:01,2023-01-25 02:22:01,PROD_00089,garden_tools,Garden Tools,SELL_0017,São Paulo,SP,22.55,6.26,credit_card,6,384.2,4,Love it
ORD_0000627,1,CUST_000100,São Paulo,SP,delivered,2024-10-08 18:58:48,2024-10-16 18:58:48,2024-10-16 18:58:48,PROD_00128,stationery,Stationery,SELL_0046,São Paulo,SP,39.76,43.66,boleto,1,83.42,5,Took too long
ORD_0000628,1,CUST_000454,Curitiba,PR,delivered,2023-09-26 23:11:21,2023-10-11 23:11:21,2023-10-08 23:11:21,PROD_00084,furniture_decor,Furniture & Decor,SELL_0043,Belo Horizonte,MG,457.36,33.3,boleto,1,490.66,4,Good quality
ORD_0000629,1,CUST_000091,Belo Horizonte,MG,delivered,2023-09-26 03:01:53,2023-10-06 03:01:53,2023-10-10 03:01:53,PROD_00193,bed_bath_table,Bed Bath Table,SELL_0001,Curitiba,PR,180.81,32.99,boleto,1,475.67,1,Recommend
ORD_0000629,2,CUST_000091,Belo Horizonte,MG,delivered,2023-09-26 03:01:53,2023-10-06 03:01:53,2023-10-10 03:01:53,PROD_00065,garden_tools,Garden Tools,SELL_0022,Curitiba,PR,89.0,24.48,boleto,1,475.67,1,Recommend
ORD_0000629,3,CUST_000091,Belo Horizonte,MG,delivered,2023-09-26 03:01:53,2023-10-06 03:01:53,2023-10-10 03:01:53,PROD_00011,toys,Toys,SELL_0039,São Paulo,SP,133.79,14.6,boleto,1,475.67,1,Recommend
ORD_0000630,1,CUST_000123,Rio de Janeiro,RJ,unavailable,2024-01-14 11:42:10,,2024-02-01 11:42:10,PROD_00052,telephony,Telephony,SELL_0050,São Paulo,SP,221.82,21.71,credit_card,10,328.99,,
ORD_0000630,2,CUST_000123,Rio de Janeiro,RJ,unavailable,2024-01-14 11:42:10,,2024-02-01 11:42:10,PROD_00162,stationery,Stationery,SELL_0040,Curitiba,PR,32.05,18.72,credit_card,10,328.99,,
ORD_0000630,3,CUST_000123,Rio de Janeiro,RJ,unavailable,2024-01-14 11:42:10,,2024-02-01 11:42:10,PROD_00087,toys,Toys,SELL_0033,Belo Horizonte,MG,10.38,24.31,credit_card,10,328.99,,
ORD_0000631,1,CUST_000452,Porto Alegre,RS,shipped,2024-03-20 22:04:07,,2024-04-06 22:04:07,PROD_00086,garden_tools,Garden Tools,SELL_0048,Rio de Janeiro,RJ,139.27,39.31,credit_card,1,178.58,,
ORD_0000632,1,CUST_000356,Porto Alegre,RS,delivered,2024-01-19 10:38:27,2024-01-31 10:38:27,2024-02-06 10:38:27,PROD_00101,furniture_decor,Furniture & Decor,SELL_0040,Curitiba,PR,538.17,44.75,credit_card,6,582.92,5,Great product!
ORD_0000633,1,CUST_000301,São Paulo,SP,delivered,2023-07-13 17:18:50,2023-07-19 17:18:50,2023-07-18 17:18:50,PROD_00198,stationery,Stationery,SELL_0030,Curitiba,PR,76.24,37.01,credit_card,6,113.25,4,Took too long
ORD_0000634,1,CUST_000436,São Paulo,SP,delivered,2024-06-04 18:56:31,2024-06-10 18:56:31,2024-06-17 18:56:31,PROD_00075,sports_leisure,Sports & Leisure,SELL_0003,Rio de Janeiro,RJ,224.74,35.23,credit_card,10,259.97,4,Average
ORD_0000635,1,CUST_000315,Brasília,DF,delivered,2023-03-08 05:32:24,2023-03-16 05:32:24,2023-03-18 05:32:24,PROD_00105,garden_tools,Garden Tools,SELL_0005,São Paulo,SP,121.97,43.6,credit_card,3,165.57,5,OK
ORD_0000636,1,CUST_000365,Fortaleza,CE,canceled,2024-01-18 16:44:30,,2024-02-07 16:44:30,PROD_00107,auto,Auto,SELL_0039,São Paulo,SP,326.23,41.56,boleto,1,462.18,,
ORD_0000636,2,CUST_000365,Fortaleza,CE,canceled,2024-01-18 16:44:30,,2024-02-07 16:44:30,PROD_00060,food_drink,Food & Drink,SELL_0015,Porto Alegre,RS,56.0,38.39,boleto,1,462.18,,
ORD_0000637,1,CUST_000138,Belo Horizonte,MG,delivered,2024-08-18 12:40:58,2024-08-30 12:40:58,2024-08-30 12:40:58,PROD_00167,electronics,Electronics,SELL_0043,Belo Horizonte,MG,600.21,37.67,credit_card,1,637.88,1,Average
ORD_0000638,1,CUST_000203,Curitiba,PR,delivered,2023-08-12 09:27:56,2023-08-27 09:27:56,2023-08-28 09:27:56,PROD_00068,electronics,Electronics,SELL_0015,Porto Alegre,RS,27.89,14.17,boleto,1,42.06,5,Recommend
ORD_0000639,1,CUST_000282,Porto Alegre,RS,delivered,2023-03-28 04:48:05,2023-04-11 04:48:05,2023-04-16 04:48:05,PROD_00001,auto,Auto,SELL_0018,Florianópolis,SC,159.05,43.35,credit_card,4,202.4,5,Recommend
ORD_0000640,1,CUST_000319,Belo Horizonte,MG,delivered,2023-12-11 13:28:29,2023-12-23 13:28:29,2023-12-25 13:28:29,PROD_00140,watches_gifts,Watches & Gifts,SELL_0047,Florianópolis,SC,471.16,5.65,boleto,1,744.79,,
ORD_0000640,2,CUST_000319,Belo Horizonte,MG,delivered,2023-12-11 13:28:29,2023-12-23 13:28:29,2023-12-25 13:28:29,PROD_00079,bed_bath_table,Bed Bath Table,SELL_0032,Rio de Janeiro,RJ,236.45,31.53,boleto,1,744.79,,
ORD_0000641,1,CUST_000140,Belo Horizonte,MG,delivered,2024-01-27 00:11:28,2024-02-07 00:11:28,2024-02-12 00:11:28,PROD_00170,telephony,Telephony,SELL_0016,São Paulo,SP,174.66,36.19,boleto,1,210.85,2,Took too long
ORD_0000642,1,CUST_000263,São Paulo,SP,processing,2024-07-13 20:05:50,,2024-07-20 20:05:50,PROD_00085,food_drink,Food & Drink,SELL_0001,Curitiba,PR,17.22,31.24,boleto,1,48.46,,
ORD_0000643,1,CUST_000061,São Paulo,SP,delivered,2023-03-15 11:02:34,2023-03-23 11:02:34,2023-03-30 11:02:34,PROD_00085,food_drink,Food & Drink,SELL_0002,São Paulo,SP,41.64,42.86,credit_card,4,84.5,5,
ORD_0000644,1,CUST_000433,Curitiba,PR,unavailable,2023-10-09 06:45:38,,2023-11-01 06:45:38,PROD_00192,garden_tools,Garden Tools,SELL_0019,Belo Horizonte,MG,148.89,11.76,credit_card,1,160.65,,
ORD_0000645,1,CUST_000468,Rio de Janeiro,RJ,delivered,2023-09-25 00:49:19,2023-10-10 00:49:19,2023-10-17 00:49:19,PROD_00042,electronics,Electronics,SELL_0011,São Paulo,SP,636.52,13.16,credit_card,1,649.68,5,
ORD_0000646,1,CUST_000007,São Paulo,SP,shipped,2024-04-28 20:32:48,,2024-05-04 20:32:48,PROD_00074,garden_tools,Garden Tools,SELL_0036,São Paulo,SP,68.8,26.69,credit_card,1,95.49,,
ORD_0000647,1,CUST_000371,São Luís,MA,delivered,2025-02-06 06:30:14,2025-02-23 06:30:14,2025-02-27 06:30:14,PROD_00040,watches_gifts,Watches & Gifts,SELL_0001,Curitiba,PR,439.15,39.12,credit_card,1,478.27,1,OK
ORD_0000648,1,CUST_000175,Goiânia,GO,delivered,2025-03-21 02:20:54,2025-03-29 02:20:54,2025-03-29 02:20:54,PROD_00198,stationery,Stationery,SELL_0012,São Paulo,SP,64.58,42.77,credit_card,4,107.35,,
ORD_0000649,1,CUST_000225,São Paulo,SP,delivered,2024-04-05 17:01:23,2024-04-11 17:01:23,2024-04-15 17:01:23,PROD_00087,toys,Toys,SELL_0050,São Paulo,SP,27.0,35.64,credit_card,2,249.91,,
ORD_0000649,2,CUST_000225,São Paulo,SP,delivered,2024-04-05 17:01:23,2024-04-11 17:01:23,2024-04-15 17:01:23,PROD_00120,telephony,Telephony,SELL_0040,Curitiba,PR,163.02,24.25,credit_card,2,249.91,,
ORD_0000650,1,CUST_000415,Porto Alegre,RS,delivered,2024-11-05 11:21:14,2024-11-23 11:21:14,2024-11-28 11:21:14,PROD_00092,electronics,Electronics,SELL_0025,Rio de Janeiro,RJ,557.58,19.13,credit_card,1,1084.29,5,Fast delivery
ORD_0000650,2,CUST_000415,Porto Alegre,RS,delivered,2024-11-05 11:21:14,2024-11-23 11:21:14,2024-11-28 11:21:14,PROD_00140,watches_gifts,Watches & Gifts,SELL_0040,Curitiba,PR,473.57,34.01,credit_card,1,1084.29,5,Fast delivery
ORD_0000651,1,CUST_000154,São Paulo,SP,processing,2023-11-30 18:01:36,,2023-12-14 18:01:36,PROD_00042,electronics,Electronics,SELL_0045,São Paulo,SP,123.42,11.41,credit_card,2,654.73,,
ORD_0000651,2,CUST_000154,São Paulo,SP,processing,2023-11-30 18:01:36,,2023-12-14 18:01:36,PROD_00050,furniture_decor,Furniture & Decor,SELL_0041,São Paulo,SP,308.07,41.99,credit_card,2,654.73,,
ORD_0000651,3,CUST_000154,São Paulo,SP,processing,2023-11-30 18:01:36,,2023-12-14 18:01:36,PROD_00008,sports_leisure,Sports & Leisure,SELL_0049,Curitiba,PR,149.27,20.57,credit_card,2,654.73,,
ORD_0000652,1,CUST_000291,São Paulo,SP,shipped,2024-10-06 19:58:38,,2024-10-20 19:58:38,PROD_00132,baby,Baby,SELL_0011,São Paulo,SP,143.02,21.1,voucher,1,164.12,,
ORD_0000653,1,CUST_000486,Belo Horizonte,MG,delivered,2024-02-05 02:34:24,2024-02-13 02:34:24,2024-02-14 02:34:24,PROD_00124,auto,Auto,SELL_0005,São Paulo,SP,274.11,34.91,credit_card,1,309.02,4,Perfect!
ORD_0000654,1,CUST_000048,Belo Horizonte,MG,delivered,2023-06-25 03:43:35,2023-07-05 03:43:35,2023-07-09 03:43:35,PROD_00169,computers_accessories,Computers & Accessories,SELL_0036,São Paulo,SP,749.02,36.23,boleto,1,785.25,4,Not as described
ORD_0000655,1,CUST_000014,São Paulo,SP,delivered,2023-07-11 06:04:58,2023-07-18 06:04:58,2023-07-22 06:04:58,PROD_00165,health_beauty,Health & Beauty,SELL_0003,Rio de Janeiro,RJ,101.68,41.0,credit_card,6,142.68,,
ORD_0000656,1,CUST_000030,Porto Alegre,RS,shipped,2024-01-13 16:00:10,,2024-02-02 16:00:10,PROD_00147,bed_bath_table,Bed Bath Table,SELL_0024,São Paulo,SP,122.74,44.51,credit_card,1,167.25,,
ORD_0000657,1,CUST_000081,São Paulo,SP,delivered,2023-04-24 04:34:26,2023-05-07 04:34:26,2023-05-06 04:34:26,PROD_00192,garden_tools,Garden Tools,SELL_0030,Curitiba,PR,169.13,43.78,credit_card,1,212.91,4,Average
ORD_0000658,1,CUST_000446,São Paulo,SP,delivered,2023-07-30 09:27:52,2023-08-05 09:27:52,2023-08-11 09:27:52,PROD_00025,baby,Baby,SELL_0008,Rio de Janeiro,RJ,113.12,27.46,boleto,1,140.58,4,Perfect!
ORD_0000659,1,CUST_000295,São Paulo,SP,delivered,2023-11-14 18:12:32,2023-11-24 18:12:32,2023-11-28 18:12:32,PROD_00127,stationery,Stationery,SELL_0049,Curitiba,PR,46.52,27.06,credit_card,2,73.58,1,Fast delivery
ORD_0000660,1,CUST_000033,Vitória,ES,delivered,2025-04-24 12:38:51,2025-05-14 12:38:51,2025-05-18 12:38:51,PROD_00009,watches_gifts,Watches & Gifts,SELL_0016,São Paulo,SP,397.35,30.52,credit_card,4,427.87,2,Not as described
ORD_0000661,1,CUST_000236,Fortaleza,CE,delivered,2024-04-18 18:02:47,2024-05-01 18:02:47,2024-05-02 18:02:47,PROD_00109,stationery,Stationery,SELL_0004,São Paulo,SP,27.01,39.35,credit_card,1,66.36,5,Great product!
ORD_0000662,1,CUST_000201,Curitiba,PR,processing,2024-09-19 05:26:15,,2024-10-10 05:26:15,PROD_00036,fashion_bags,Fashion Bags,SELL_0010,Rio de Janeiro,RJ,287.49,37.63,credit_card,6,325.12,,
ORD_0000663,1,CUST_000235,São Paulo,SP,delivered,2024-01-29 21:11:44,2024-02-06 21:11:44,2024-02-07 21:11:44,PROD_00106,baby,Baby,SELL_0024,São Paulo,SP,176.92,44.01,credit_card,1,220.93,5,Recommend
ORD_0000664,1,CUST_000452,Porto Alegre,RS,delivered,2024-10-05 17:18:42,2024-10-25 17:18:42,2024-10-29 17:18:42,PROD_00190,fashion_bags,Fashion Bags,SELL_0019,Belo Horizonte,MG,140.93,5.91,credit_card,1,146.84,5,Perfect!
ORD_0000665,1,CUST_000211,Brasília,DF,delivered,2025-02-19 17:07:23,2025-03-03 17:07:23,2025-03-07 17:07:23,PROD_00024,baby,Baby,SELL_0039,São Paulo,SP,158.47,42.26,credit_card,10,200.73,4,Love it
ORD_0000666,1,CUST_000085,São Paulo,SP,delivered,2023-09-16 06:32:02,2023-09-21 06:32:02,2023-09-24 06:32:02,PROD_00093,health_beauty,Health & Beauty,SELL_0050,São Paulo,SP,41.64,43.99,boleto,1,366.68,5,Great product!
ORD_0000666,2,CUST_000085,São Paulo,SP,delivered,2023-09-16 06:32:02,2023-09-21 06:32:02,2023-09-24 06:32:02,PROD_00082,telephony,Telephony,SELL_0014,São Paulo,SP,268.75,12.3,boleto,1,366.68,5,Great product!
ORD_0000667,1,CUST_000176,São Paulo,SP,delivered,2025-02-02 12:54:12,2025-02-15 12:54:12,2025-02-17 12:54:12,PROD_00060,food_drink,Food & Drink,SELL_0049,Curitiba,PR,10.55,17.46,credit_card,4,112.98,5,
ORD_0000667,2,CUST_000176,São Paulo,SP,delivered,2025-02-02 12:54:12,2025-02-15 12:54:12,2025-02-17 12:54:12,PROD_00194,stationery,Stationery,SELL_0046,São Paulo,SP,45.6,39.37,credit_card,4,112.98,5,
ORD_0000668,1,CUST_000344,São Paulo,SP,delivered,2025-02-05 14:31:29,2025-02-17 14:31:29,2025-02-21 14:31:29,PROD_00177,computers_accessories,Computers & Accessories,SELL_0043,Belo Horizonte,MG,450.47,41.25,voucher,1,807.39,3,Perfect!
ORD_0000668,2,CUST_000344,São Paulo,SP,delivered,2025-02-05 14:31:29,2025-02-17 14:31:29,2025-02-21 14:31:29,PROD_00026,health_beauty,Health & Beauty,SELL_0003,Rio de Janeiro,RJ,225.4,35.09,voucher,1,807.39,3,Perfect!
ORD_0000668,3,CUST_000344,São Paulo,SP,delivered,2025-02-05 14:31:29,2025-02-17 14:31:29,2025-02-21 14:31:29,PROD_00108,health_beauty,Health & Beauty,SELL_0048,Rio de Janeiro,RJ,36.85,18.33,voucher,1,807.39,3,Perfect!
ORD_0000669,1,CUST_000072,Porto Alegre,RS,shipped,2024-04-27 08:53:10,,2024-05-18 08:53:10,PROD_00025,baby,Baby,SELL_0007,Porto Alegre,RS,171.58,28.53,credit_card,2,200.11,,
ORD_0000670,1,CUST_000380,Goiânia,GO,delivered,2024-02-05 05:04:42,2024-02-19 05:04:42,2024-02-23 05:04:42,PROD_00093,health_beauty,Health & Beauty,SELL_0011,São Paulo,SP,110.41,9.28,boleto,1,119.69,5,Fast delivery
ORD_0000671,1,CUST_000184,São Paulo,SP,delivered,2023-07-02 06:45:02,2023-07-08 06:45:02,2023-07-13 06:45:02,PROD_00064,garden_tools,Garden Tools,SELL_0042,Florianópolis,SC,25.58,11.74,credit_card,1,527.22,5,Not as described
ORD_0000671,2,CUST_000184,São Paulo,SP,delivered,2023-07-02 06:45:02,2023-07-08 06:45:02,2023-07-13 06:45:02,PROD_00180,bed_bath_table,Bed Bath Table,SELL_0002,São Paulo,SP,263.34,30.23,credit_card,1,527.22,5,Not as described
ORD_0000671,3,CUST_000184,São Paulo,SP,delivered,2023-07-02 06:45:02,2023-07-08 06:45:02,2023-07-13 06:45:02,PROD_00056,health_beauty,Health & Beauty,SELL_0048,Rio de Janeiro,RJ,186.26,10.07,credit_card,1,527.22,5,Not as described
ORD_0000672,1,CUST_000329,São Paulo,SP,delivered,2024-11-09 22:42:57,2024-11-11 22:42:57,2024-11-15 22:42:57,PROD_00105,garden_tools,Garden Tools,SELL_0018,Florianópolis,SC,11.0,25.92,credit_card,10,36.92,5,Good quality
ORD_0000673,1,CUST_000027,Recife,PE,delivered,2024-09-04 00:03:49,2024-09-17 00:03:49,2024-09-15 00:03:49,PROD_00199,auto,Auto,SELL_0016,São Paulo,SP,297.02,24.71,credit_card,2,545.89,5,Recommend
ORD_0000673,2,CUST_000027,Recife,PE,delivered,2024-09-04 00:03:49,2024-09-17 00:03:49,2024-09-15 00:03:49,PROD_00111,computers_accessories,Computers & Accessories,SELL_0013,Belo Horizonte,MG,192.48,31.68,credit_card,2,545.89,5,Recommend
ORD_0000674,1,CUST_000009,São Paulo,SP,delivered,2024-03-07 00:00:21,2024-03-16 00:00:21,2024-03-16 00:00:21,PROD_00035,stationery,Stationery,SELL_0038,Rio de Janeiro,RJ,35.34,28.63,boleto,1,63.97,5,Fast delivery
ORD_0000675,1,CUST_000491,São Paulo,SP,delivered,2023-04-09 21:10:46,2023-04-19 21:10:46,2023-04-24 21:10:46,PROD_00158,fashion_bags,Fashion Bags,SELL_0027,Porto Alegre,RS,346.77,9.99,credit_card,1,356.76,5,Love it
ORD_0000676,1,CUST_000321,Fortaleza,CE,delivered,2023-07-14 19:13:59,2023-08-01 19:13:59,2023-07-30 19:13:59,PROD_00128,stationery,Stationery,SELL_0038,Rio de Janeiro,RJ,5.11,9.58,credit_card,4,14.69,3,Perfect!
ORD_0000677,1,CUST_000119,Florianópolis,SC,delivered,2023-08-07 03:22:20,2023-08-23 03:22:20,2023-08-23 03:22:20,PROD_00177,computers_accessories,Computers & Accessories,SELL_0042,Florianópolis,SC,128.71,12.37,boleto,1,640.27,5,Not as described
ORD_0000677,2,CUST_000119,Florianópolis,SC,delivered,2023-08-07 03:22:20,2023-08-23 03:22:20,2023-08-23 03:22:20,PROD_00031,watches_gifts,Watches & Gifts,SELL_0046,São Paulo,SP,484.24,14.95,boleto,1,640.27,5,Not as described
ORD_0000678,1,CUST_000034,São Paulo,SP,delivered,2024-11-04 08:41:39,2024-11-12 08:41:39,2024-11-15 08:41:39,PROD_00064,garden_tools,Garden Tools,SELL_0044,São Paulo,SP,151.53,34.25,credit_card,2,185.78,3,Good quality
ORD_0000679,1,CUST_000155,São Paulo,SP,delivered,2025-02-24 19:31:06,2025-03-07 19:31:06,2025-03-13 19:31:06,PROD_00056,health_beauty,Health & Beauty,SELL_0001,Curitiba,PR,79.99,9.5,boleto,1,89.49,5,
ORD_0000680,1,CUST_000167,Cuiabá,MT,delivered,2024-10-08 22:24:43,2024-10-30 22:24:43,2024-11-06 22:24:43,PROD_00029,auto,Auto,SELL_0007,Porto Alegre,RS,293.04,5.55,credit_card,2,298.59,1,Average
ORD_0000681,1,CUST_000390,Belém,PA,delivered,2024-12-05 10:54:42,2024-12-20 10:54:42,2024-12-23 10:54:42,PROD_00037,health_beauty,Health & Beauty,SELL_0008,Rio de Janeiro,RJ,49.54,30.92,credit_card,1,80.46,3,OK
ORD_0000682,1,CUST_000262,São Paulo,SP,delivered,2024-10-17 23:14:32,2024-10-22 23:14:32,2024-10-22 23:14:32,PROD_00106,baby,Baby,SELL_0018,Florianópolis,SC,77.49,25.75,credit_card,1,103.24,5,Fast delivery
ORD_0000683,1,CUST_000011,Salvador,BA,delivered,2024-09-23 03:19:15,2024-10-08 03:19:15,2024-10-10 03:19:15,PROD_00163,toys,Toys,SELL_0013,Belo Horizonte,MG,30.43,20.57,credit_card,1,51.0,5,Took too long
ORD_0000684,1,CUST_000256,São Paulo,SP,delivered,2023-10-31 06:09:24,2023-11-07 06:09:24,2023-11-13 06:09:24,PROD_00170,telephony,Telephony,SELL_0018,Florianópolis,SC,87.98,24.56,boleto,1,225.46,5,Love it
ORD_0000684,2,CUST_000256,São Paulo,SP,delivered,2023-10-31 06:09:24,2023-11-07 06:09:24,2023-11-13 06:09:24,PROD_00013,telephony,Telephony,SELL_0011,São Paulo,SP,90.59,22.33,boleto,1,225.46,5,Love it
ORD_0000685,1,CUST_000485,Porto Alegre,RS,delivered,2024-03-30 23:56:21,2024-04-05 23:56:21,2024-04-12 23:56:21,PROD_00016,stationery,Stationery,SELL_0014,São Paulo,SP,61.12,25.97,credit_card,10,407.96,4,Good quality
ORD_0000685,2,CUST_000485,Porto Alegre,RS,delivered,2024-03-30 23:56:21,2024-04-05 23:56:21,2024-04-12 23:56:21,PROD_00029,auto,Auto,SELL_0018,Florianópolis,SC,310.24,10.63,credit_card,10,407.96,4,Good quality
ORD_0000686,1,CUST_000417,São Paulo,SP,delivered,2023-10-23 00:14:54,2023-10-30 00:14:54,2023-10-30 00:14:54,PROD_00004,health_beauty,Health & Beauty,SELL_0005,São Paulo,SP,126.21,35.51,credit_card,1,161.72,5,Love it
ORD_0000687,1,CUST_000277,São Paulo,SP,delivered,2023-02-25 21:15:51,2023-03-02 21:15:51,2023-03-04 21:15:51,PROD_00078,electronics,Electronics,SELL_0045,São Paulo,SP,459.87,22.97,credit_card,10,482.84,4,Recommend
ORD_0000688,1,CUST_000094,Rio de Janeiro,RJ,delivered,2024-03-28 20:00:04,2024-04-05 20:00:04,2024-04-02 20:00:04,PROD_00100,food_drink,Food & Drink,SELL_0029,Belo Horizonte,MG,22.02,24.21,boleto,1,125.65,5,Fast delivery
ORD_0000688,2,CUST_000094,Rio de Janeiro,RJ,delivered,2024-03-28 20:00:04,2024-04-05 20:00:04,2024-04-02 20:00:04,PROD_00005,food_drink,Food & Drink,SELL_0025,Rio de Janeiro,RJ,48.61,30.81,boleto,1,125.65,5,Fast delivery
ORD_0000689,1,CUST_000325,Florianópolis,SC,delivered,2023-05-25 06:08:05,2023-06-08 06:08:05,2023-06-12 06:08:05,PROD_00142,food_drink,Food & Drink,SELL_0008,Rio de Janeiro,RJ,34.5,42.36,credit_card,1,812.46,4,
ORD_0000689,2,CUST_000325,Florianópolis,SC,delivered,2023-05-25 06:08:05,2023-06-08 06:08:05,2023-06-12 06:08:05,PROD_00185,electronics,Electronics,SELL_0007,Porto Alegre,RS,275.31,15.19,credit_card,1,812.46,4,
ORD_0000689,3,CUST_000325,Florianópolis,SC,delivered,2023-05-25 06:08:05,2023-06-08 06:08:05,2023-06-12 06:08:05,PROD_00169,computers_accessories,Computers & Accessories,SELL_0026,São Paulo,SP,427.69,17.41,credit_card,1,812.46,4,
ORD_0000690,1,CUST_000160,Belo Horizonte,MG,delivered,2023-06-18 23:12:15,2023-07-01 23:12:15,2023-07-02 23:12:15,PROD_00028,bed_bath_table,Bed Bath Table,SELL_0016,São Paulo,SP,91.34,16.31,boleto,1,107.65,5,Great product!
ORD_0000691,1,CUST_000147,São Paulo,SP,shipped,2024-08-13 14:40:12,,2024-08-31 14:40:12,PROD_00158,fashion_bags,Fashion Bags,SELL_0012,São Paulo,SP,242.53,41.98,credit_card,1,680.27,,
ORD_0000691,2,CUST_000147,São Paulo,SP,shipped,2024-08-13 14:40:12,,2024-08-31 14:40:12,PROD_00128,stationery,Stationery,SELL_0002,São Paulo,SP,78.31,5.13,credit_card,1,680.27,,
ORD_0000691,3,CUST_000147,São Paulo,SP,shipped,2024-08-13 14:40:12,,2024-08-31 14:40:12,PROD_00197,fashion_bags,Fashion Bags,SELL_0037,São Paulo,SP,285.17,27.15,credit_card,1,680.27,,
ORD_0000692,1,CUST_000194,São Paulo,SP,delivered,2023-06-21 15:28:27,2023-07-03 15:28:27,2023-07-02 15:28:27,PROD_00050,furniture_decor,Furniture & Decor,SELL_0047,Florianópolis,SC,144.93,34.3,credit_card,10,179.23,5,Great product!
ORD_0000693,1,CUST_000420,São Paulo,SP,delivered,2025-03-23 15:01:48,2025-03-31 15:01:48,2025-04-06 15:01:48,PROD_00070,computers_accessories,Computers & Accessories,SELL_0043,Belo Horizonte,MG,481.37,30.15,credit_card,6,511.52,5,Perfect!
ORD_0000694,1,CUST_000276,Salvador,BA,delivered,2023-06-06 17:46:11,2023-06-15 17:46:11,2023-06-19 17:46:11,PROD_00092,electronics,Electronics,SELL_0013,Belo Horizonte,MG,89.86,23.87,credit_card,2,113.73,5,Love it
ORD_0000695,1,CUST_000146,São Paulo,SP,delivered,2024-01-20 17:38:30,2024-01-30 17:38:30,2024-01-27 17:38:30,PROD_00087,toys,Toys,SELL_0035,Rio de Janeiro,RJ,59.96,35.36,boleto,1,95.32,5,OK
ORD_0000696,1,CUST_000007,São Paulo,SP,delivered,2024-05-27 23:46:23,2024-06-10 23:46:23,2024-06-13 23:46:23,PROD_00111,computers_accessories,Computers & Accessories,SELL_0005,São Paulo,SP,767.28,5.66,credit_card,1,772.94,5,Love it
ORD_0000697,1,CUST_000497,São Paulo,SP,delivered,2025-01-30 11:24:31,2025-02-12 11:24:31,2025-02-10 11:24:31,PROD_00036,fashion_bags,Fashion Bags,SELL_0014,São Paulo,SP,115.58,39.66,credit_card,10,155.24,1,Good quality
ORD_0000698,1,CUST_000198,Curitiba,PR,canceled,2024-08-02 05:12:48,,2024-08-20 05:12:48,PROD_00190,fashion_bags,Fashion Bags,SELL_0036,São Paulo,SP,56.86,32.24,credit_card,6,89.1,,
ORD_0000699,1,CUST_000261,Fortaleza,CE,delivered,2024-12-27 15:40:44,2025-01-17 15:40:44,2025-01-17 15:40:44,PROD_00057,toys,Toys,SELL_0007,Porto Alegre,RS,113.32,13.74,boleto,1,164.17,3,Good quality
ORD_0000699,2,CUST_000261,Fortaleza,CE,delivered,2024-12-27 15:40:44,2025-01-17 15:40:44,2025-01-17 15:40:44,PROD_00066,food_drink,Food & Drink,SELL_0008,Rio de Janeiro,RJ,8.61,28.5,boleto,1,164.17,3,Good quality
ORD_0000700,1,CUST_000245,São Paulo,SP,delivered,2023-02-05 11:40:45,2023-02-11 11:40:45,2023-02-12 11:40:45,PROD_00116,electronics,Electronics,SELL_0016,São Paulo,SP,627.84,8.74,boleto,1,636.58,2,Great product!
ORD_0000701,1,CUST_000310,Rio de Janeiro,RJ,delivered,2024-04-11 21:09:16,2024-04-26 21:09:16,2024-05-03 21:09:16,PROD_00065,garden_tools,Garden Tools,SELL_0041,São Paulo,SP,160.31,26.48,credit_card,3,186.79,5,Fast delivery
ORD_0000702,1,CUST_000365,Fortaleza,CE,delivered,2024-01-29 12:45:37,2024-02-15 12:45:37,2024-02-18 12:45:37,PROD_00177,computers_accessories,Computers & Accessories,SELL_0049,Curitiba,PR,243.35,11.68,boleto,1,255.03,4,Love it
ORD_0000703,1,CUST_000085,São Paulo,SP,delivered,2025-04-29 13:16:44,2025-05-05 13:16:44,2025-05-06 13:16:44,PROD_00126,toys,Toys,SELL_0027,Porto Alegre,RS,124.39,13.65,credit_card,4,202.21,5,Fast delivery
ORD_0000703,2,CUST_000085,São Paulo,SP,delivered,2025-04-29 13:16:44,2025-05-05 13:16:44,2025-05-06 13:16:44,PROD_00026,health_beauty,Health & Beauty,SELL_0037,São Paulo,SP,35.85,28.32,credit_card,4,202.21,5,Fast delivery
ORD_0000704,1,CUST_000376,Curitiba,PR,delivered,2024-02-26 23:55:05,2024-03-08 23:55:05,2024-03-07 23:55:05,PROD_00179,auto,Auto,SELL_0029,Belo Horizonte,MG,131.9,19.28,credit_card,3,151.18,,
ORD_0000705,1,CUST_000138,Belo Horizonte,MG,delivered,2025-02-05 06:59:47,2025-02-22 06:59:47,2025-02-19 06:59:47,PROD_00007,computers_accessories,Computers & Accessories,SELL_0037,São Paulo,SP,598.95,44.23,credit_card,2,643.18,2,
ORD_0000706,1,CUST_000050,Rio de Janeiro,RJ,delivered,2023-03-13 22:26:33,2023-03-22 22:26:33,2023-03-21 22:26:33,PROD_00050,furniture_decor,Furniture & Decor,SELL_0048,Rio de Janeiro,RJ,136.36,11.28,voucher,1,147.64,4,
ORD_0000707,1,CUST_000091,Belo Horizonte,MG,delivered,2024-01-19 05:45:08,2024-02-02 05:45:08,2024-02-02 05:45:08,PROD_00051,watches_gifts,Watches & Gifts,SELL_0019,Belo Horizonte,MG,417.09,12.91,voucher,1,498.65,4,Perfect!
ORD_0000707,2,CUST_000091,Belo Horizonte,MG,delivered,2024-01-19 05:45:08,2024-02-02 05:45:08,2024-02-02 05:45:08,PROD_00016,stationery,Stationery,SELL_0009,São Paulo,SP,54.62,14.03,voucher,1,498.65,4,Perfect!
ORD_0000708,1,CUST_000096,São Paulo,SP,delivered,2023-07-25 01:47:11,2023-08-01 01:47:11,2023-08-05 01:47:11,PROD_00186,sports_leisure,Sports & Leisure,SELL_0049,Curitiba,PR,97.58,30.09,voucher,1,127.67,,
ORD_0000709,1,CUST_000321,Fortaleza,CE,delivered,2024-10-01 03:55:40,2024-10-16 03:55:40,2024-10-18 03:55:40,PROD_00111,computers_accessories,Computers & Accessories,SELL_0011,São Paulo,SP,148.53,7.53,voucher,1,203.14,,
ORD_0000709,2,CUST_000321,Fortaleza,CE,delivered,2024-10-01 03:55:40,2024-10-16 03:55:40,2024-10-18 03:55:40,PROD_00097,bed_bath_table,Bed Bath Table,SELL_0035,Rio de Janeiro,RJ,27.1,19.98,voucher,1,203.14,,
ORD_0000710,1,CUST_000016,São Paulo,SP,delivered,2024-08-22 07:30:31,2024-08-31 07:30:31,2024-08-28 07:30:31,PROD_00108,health_beauty,Health & Beauty,SELL_0014,São Paulo,SP,40.5,35.58,credit_card,1,76.08,5,Good quality
ORD_0000711,1,CUST_000137,Belo Horizonte,MG,delivered,2025-02-08 00:42:37,2025-02-20 00:42:37,2025-02-25 00:42:37,PROD_00028,bed_bath_table,Bed Bath Table,SELL_0011,São Paulo,SP,144.52,32.99,boleto,1,177.51,5,Good quality
ORD_0000712,1,CUST_000493,Florianópolis,SC,delivered,2025-02-18 08:59:31,2025-03-01 08:59:31,2025-03-04 08:59:31,PROD_00183,electronics,Electronics,SELL_0038,Rio de Janeiro,RJ,399.62,32.09,credit_card,1,497.1,4,Average
ORD_0000712,2,CUST_000493,Florianópolis,SC,delivered,2025-02-18 08:59:31,2025-03-01 08:59:31,2025-03-04 08:59:31,PROD_00085,food_drink,Food & Drink,SELL_0039,São Paulo,SP,54.09,11.3,credit_card,1,497.1,4,Average
ORD_0000713,1,CUST_000173,São Paulo,SP,delivered,2024-01-15 21:56:21,2024-01-21 21:56:21,2024-01-18 21:56:21,PROD_00056,health_beauty,Health & Beauty,SELL_0040,Curitiba,PR,239.1,22.0,credit_card,3,261.1,5,OK
ORD_0000714,1,CUST_000500,Salvador,BA,delivered,2023-12-31 10:51:06,2024-01-13 10:51:06,2024-01-12 10:51:06,PROD_00067,baby,Baby,SELL_0050,São Paulo,SP,115.04,42.05,credit_card,1,157.09,5,Recommend
ORD_0000715,1,CUST_000014,São Paulo,SP,canceled,2024-09-08 03:55:33,,2024-09-20 03:55:33,PROD_00076,bed_bath_table,Bed Bath Table,SELL_0006,São Paulo,SP,128.27,26.42,credit_card,1,154.69,,
ORD_0000716,1,CUST_000317,Rio de Janeiro,RJ,delivered,2024-12-03 21:55:30,2024-12-11 21:55:30,2024-12-08 21:55:30,PROD_00178,electronics,Electronics,SELL_0048,Rio de Janeiro,RJ,110.58,7.15,credit_card,1,117.73,5,Took too long
ORD_0000717,1,CUST_000327,Recife,PE,shipped,2025-04-12 10:01:40,,2025-04-30 10:01:40,PROD_00029,auto,Auto,SELL_0042,Florianópolis,SC,202.62,20.78,credit_card,4,223.4,,
ORD_0000718,1,CUST_000205,Belo Horizonte,MG,delivered,2025-01-26 19:50:05,2025-02-04 19:50:05,2025-02-11 19:50:05,PROD_00035,stationery,Stationery,SELL_0015,Porto Alegre,RS,8.96,12.19,credit_card,6,411.53,5,Fast delivery
ORD_0000718,2,CUST_000205,Belo Horizonte,MG,delivered,2025-01-26 19:50:05,2025-02-04 19:50:05,2025-02-11 19:50:05,PROD_00062,sports_leisure,Sports & Leisure,SELL_0039,São Paulo,SP,365.04,25.34,credit_card,6,411.53,5,Fast delivery
ORD_0000719,1,CUST_000439,Porto Alegre,RS,delivered,2024-12-17 03:46:24,2025-01-04 03:46:24,2025-01-09 03:46:24,PROD_00062,sports_leisure,Sports & Leisure,SELL_0034,São Paulo,SP,224.82,8.34,credit_card,4,309.28,5,Great product!
ORD_0000719,2,CUST_000439,Porto Alegre,RS,delivered,2024-12-17 03:46:24,2025-01-04 03:46:24,2025-01-09 03:46:24,PROD_00024,baby,Baby,SELL_0009,São Paulo,SP,57.84,18.28,credit_card,4,309.28,5,Great product!
ORD_0000720,1,CUST_000017,Porto Alegre,RS,delivered,2023-05-11 15:50:05,2023-05-20 15:50:05,2023-05-24 15:50:05,PROD_00126,toys,Toys,SELL_0015,Porto Alegre,RS,129.03,13.21,credit_card,1,142.24,5,Love it
ORD_0000721,1,CUST_000087,Belo Horizonte,MG,delivered,2024-04-01 03:30:42,2024-04-16 03:30:42,2024-04-14 03:30:42,PROD_00133,stationery,Stationery,SELL_0028,São Paulo,SP,16.09,22.69,boleto,1,38.78,,
ORD_0000722,1,CUST_000055,São Paulo,SP,processing,2024-03-21 22:01:10,,2024-04-05 22:01:10,PROD_00021,watches_gifts,Watches & Gifts,SELL_0011,São Paulo,SP,374.12,17.87,credit_card,10,391.99,,
ORD_0000723,1,CUST_000113,São Paulo,SP,delivered,2025-01-06 08:42:30,2025-01-17 08:42:30,2025-01-21 08:42:30,PROD_00087,toys,Toys,SELL_0050,São Paulo,SP,14.19,35.62,boleto,1,49.81,5,Love it
ORD_0000724,1,CUST_000047,São Paulo,SP,processing,2025-03-25 22:21:55,,2025-04-06 22:21:55,PROD_00177,computers_accessories,Computers & Accessories,SELL_0002,São Paulo,SP,48.64,37.38,credit_card,1,190.96,,
ORD_0000724,2,CUST_000047,São Paulo,SP,processing,2025-03-25 22:21:55,,2025-04-06 22:21:55,PROD_00083,auto,Auto,SELL_0041,São Paulo,SP,70.25,34.69,credit_card,1,190.96,,
ORD_0000725,1,CUST_000034,São Paulo,SP,delivered,2024-10-21 10:24:58,2024-10-26 10:24:58,2024-10-29 10:24:58,PROD_00177,computers_accessories,Computers & Accessories,SELL_0007,Porto Alegre,RS,176.62,43.12,credit_card,3,219.74,5,Recommend
ORD_0000726,1,CUST_000414,Rio de Janeiro,RJ,delivered,2023-08-27 07:16:07,2023-09-02 07:16:07,2023-09-04 07:16:07,PROD_00138,computers_accessories,Computers & Accessories,SELL_0041,São Paulo,SP,528.61,7.29,credit_card,10,576.71,1,OK
ORD_0000726,2,CUST_000414,Rio de Janeiro,RJ,delivered,2023-08-27 07:16:07,2023-09-02 07:16:07,2023-09-04 07:16:07,PROD_00155,sports_leisure,Sports & Leisure,SELL_0023,São Paulo,SP,29.82,10.99,credit_card,10,576.71,1,OK
ORD_0000727,1,CUST_000380,Goiânia,GO,delivered,2024-08-29 06:47:07,2024-09-15 06:47:07,2024-09-12 06:47:07,PROD_00030,sports_leisure,Sports & Leisure,SELL_0019,Belo Horizonte,MG,321.98,25.16,credit_card,2,347.14,4,Good quality
ORD_0000728,1,CUST_000160,Belo Horizonte,MG,unavailable,2023-03-05 18:34:12,,2023-03-17 18:34:12,PROD_00022,furniture_decor,Furniture & Decor,SELL_0043,Belo Horizonte,MG,345.63,10.92,credit_card,4,356.55,,
ORD_0000729,1,CUST_000395,Salvador,BA,delivered,2024-01-09 21:59:50,2024-01-24 21:59:50,2024-01-21 21:59:50,PROD_00074,garden_tools,Garden Tools,SELL_0005,São Paulo,SP,103.32,41.41,credit_card,3,144.73,5,Good quality
ORD_0000730,1,CUST_000276,Salvador,BA,shipped,2024-04-16 10:09:52,,2024-05-08 10:09:52,PROD_00196,garden_tools,Garden Tools,SELL_0003,Rio de Janeiro,RJ,64.91,29.87,boleto,1,94.78,,
ORD_0000731,1,CUST_000234,Curitiba,PR,delivered,2023-05-31 19:18:09,2023-06-11 19:18:09,2023-06-09 19:18:09,PROD_00011,toys,Toys,SELL_0003,Rio de Janeiro,RJ,81.0,23.69,credit_card,4,104.69,5,Love it
ORD_0000732,1,CUST_000141,Fortaleza,CE,delivered,2024-12-24 18:30:40,2025-01-08 18:30:40,2025-01-05 18:30:40,PROD_00170,telephony,Telephony,SELL_0023,São Paulo,SP,93.16,14.82,credit_card,1,107.98,5,Good quality
ORD_0000733,1,CUST_000415,Porto Alegre,RS,shipped,2023-12-08 04:52:45,,2023-12-20 04:52:45,PROD_00093,health_beauty,Health & Beauty,SELL_0010,Rio de Janeiro,RJ,185.12,16.0,credit_card,6,201.12,,
ORD_0000734,1,CUST_000439,Porto Alegre,RS,processing,2024-05-14 23:25:19,,2024-05-26 23:25:19,PROD_00032,stationery,Stationery,SELL_0018,Florianópolis,SC,22.69,10.97,credit_card,1,33.66,,
ORD_0000735,1,CUST_000012,Belo Horizonte,MG,delivered,2024-07-15 12:21:27,2024-07-26 12:21:27,2024-07-31 12:21:27,PROD_00083,auto,Auto,SELL_0020,Curitiba,PR,138.8,6.96,credit_card,3,145.76,5,OK
ORD_0000736,1,CUST_000373,Belo Horizonte,MG,delivered,2023-10-17 09:44:59,2023-10-25 09:44:59,2023-10-28 09:44:59,PROD_00097,bed_bath_table,Bed Bath Table,SELL_0003,Rio de Janeiro,RJ,225.64,27.1,credit_card,2,276.82,5,OK
ORD_0000736,2,CUST_000373,Belo Horizonte,MG,delivered,2023-10-17 09:44:59,2023-10-25 09:44:59,2023-10-28 09:44:59,PROD_00121,food_drink,Food & Drink,SELL_0027,Porto Alegre,RS,10.76,13.32,credit_card,2,276.82,5,OK
ORD_0000737,1,CUST_000050,Rio de Janeiro,RJ,shipped,2023-05-15 10:48:50,,2023-06-01 10:48:50,PROD_00143,sports_leisure,Sports & Leisure,SELL_0002,São Paulo,SP,194.81,19.2,credit_card,10,652.85,,
ORD_0000737,2,CUST_000050,Rio de Janeiro,RJ,shipped,2023-05-15 10:48:50,,2023-06-01 10:48:50,PROD_00200,furniture_decor,Furniture & Decor,SELL_0034,São Paulo,SP,396.3,42.54,credit_card,10,652.85,,
ORD_0000738,1,CUST_000336,Rio de Janeiro,RJ,delivered,2023-06-17 18:08:28,2023-06-23 18:08:28,2023-06-23 18:08:28,PROD_00016,stationery,Stationery,SELL_0008,Rio de Janeiro,RJ,25.09,6.88,credit_card,6,31.97,3,Love it
ORD_0000739,1,CUST_000112,Rio de Janeiro,RJ,delivered,2025-04-03 23:12:47,2025-04-17 23:12:47,2025-04-16 23:12:47,PROD_00136,garden_tools,Garden Tools,SELL_0034,São Paulo,SP,33.61,27.23,credit_card,3,60.84,5,Love it
ORD_0000740,1,CUST_000193,Cuiabá,MT,delivered,2024-03-13 21:53:10,2024-03-31 21:53:10,2024-03-30 21:53:10,PROD_00161,furniture_decor,Furniture & Decor,SELL_0042,Florianópolis,SC,450.64,43.49,boleto,1,494.13,4,Took too long
ORD_0000741,1,CUST_000484,São Paulo,SP,delivered,2023-02-23 03:32:41,2023-03-01 03:32:41,2023-02-26 03:32:41,PROD_00122,fashion_bags,Fashion Bags,SELL_0034,São Paulo,SP,214.43,42.24,credit_card,4,256.67,,
ORD_0000742,1,CUST_000061,São Paulo,SP,delivered,2023-09-04 12:31:19,2023-09-10 12:31:19,2023-09-17 12:31:19,PROD_00196,garden_tools,Garden Tools,SELL_0026,São Paulo,SP,45.66,30.91,credit_card,1,76.57,,
ORD_0000743,1,CUST_000382,Belo Horizonte,MG,delivered,2024-01-20 22:50:42,2024-02-03 22:50:42,2024-02-04 22:50:42,PROD_00173,health_beauty,Health & Beauty,SELL_0040,Curitiba,PR,30.4,32.87,boleto,1,63.27,3,OK
ORD_0000744,1,CUST_000324,São Paulo,SP,delivered,2024-10-30 14:23:00,2024-11-03 14:23:00,2024-11-07 14:23:00,PROD_00044,toys,Toys,SELL_0043,Belo Horizonte,MG,83.04,30.81,boleto,1,113.85,,
ORD_0000745,1,CUST_000329,São Paulo,SP,delivered,2024-11-15 16:14:01,2024-11-18 16:14:01,2024-11-16 16:14:01,PROD_00077,toys,Toys,SELL_0027,Porto Alegre,RS,32.2,14.71,credit_card,4,46.91,5,Fast delivery
ORD_0000746,1,CUST_000407,São Paulo,SP,delivered,2024-08-30 05:24:30,2024-09-07 05:24:30,2024-09-13 05:24:30,PROD_00185,electronics,Electronics,SELL_0014,São Paulo,SP,514.53,26.13,credit_card,3,540.66,5,Fast delivery
ORD_0000747,1,CUST_000065,Rio de Janeiro,RJ,delivered,2023-04-12 10:04:45,2023-04-18 10:04:45,2023-04-23 10:04:45,PROD_00200,furniture_decor,Furniture & Decor,SELL_0003,Rio de Janeiro,RJ,181.04,23.48,credit_card,4,204.52,5,Good quality
ORD_0000748,1,CUST_000251,São Paulo,SP,delivered,2023-03-07 16:53:37,2023-03-18 16:53:37,2023-03-18 16:53:37,PROD_00162,stationery,Stationery,SELL_0049,Curitiba,PR,34.24,19.19,credit_card,3,53.43,5,
ORD_0000749,1,CUST_000495,São Luís,MA,delivered,2024-11-05 03:11:55,2024-11-17 03:11:55,2024-11-15 03:11:55,PROD_00011,toys,Toys,SELL_0047,Florianópolis,SC,36.12,36.55,credit_card,1,130.68,5,Recommend
ORD_0000749,2,CUST_000495,São Luís,MA,delivered,2024-11-05 03:11:55,2024-11-17 03:11:55,2024-11-15 03:11:55,PROD_00095,food_drink,Food & Drink,SELL_0019,Belo Horizonte,MG,25.68,32.33,credit_card,1,130.68,5,Recommend
ORD_0000750,1,CUST_000021,Belo Horizonte,MG,delivered,2023-05-12 18:13:41,2023-05-21 18:13:41,2023-05-18 18:13:41,PROD_00187,bed_bath_table,Bed Bath Table,SELL_0025,Rio de Janeiro,RJ,31.4,8.38,credit_card,6,372.71,,
ORD_0000750,2,CUST_000021,Belo Horizonte,MG,delivered,2023-05-12 18:13:41,2023-05-21 18:13:41,2023-05-18 18:13:41,PROD_00106,baby,Baby,SELL_0033,Belo Horizonte,MG,145.7,39.52,credit_card,6,372.71,,
ORD_0000750,3,CUST_000021,Belo Horizonte,MG,delivered,2023-05-12 18:13:41,2023-05-21 18:13:41,2023-05-18 18:13:41,PROD_00136,garden_tools,Garden Tools,SELL_0050,São Paulo,SP,105.99,41.72,credit_card,6,372.71,,
ORD_0000751,1,CUST_000044,Belo Horizonte,MG,delivered,2023-05-08 16:19:23,2023-05-19 16:19:23,2023-05-24 16:19:23,PROD_00095,food_drink,Food & Drink,SELL_0034,São Paulo,SP,20.56,32.9,credit_card,2,276.5,5,Good quality
ORD_0000751,2,CUST_000044,Belo Horizonte,MG,delivered,2023-05-08 16:19:23,2023-05-19 16:19:23,2023-05-24 16:19:23,PROD_00071,watches_gifts,Watches & Gifts,SELL_0030,Curitiba,PR,179.14,43.9,credit_card,2,276.5,5,Good quality
ORD_0000752,1,CUST_000464,Belo Horizonte,MG,delivered,2025-03-12 09:42:34,2025-03-24 09:42:34,2025-03-26 09:42:34,PROD_00016,stationery,Stationery,SELL_0019,Belo Horizonte,MG,55.53,18.6,credit_card,10,154.07,1,Not as described
ORD_0000752,2,CUST_000464,Belo Horizonte,MG,delivered,2025-03-12 09:42:34,2025-03-24 09:42:34,2025-03-26 09:42:34,PROD_00164,bed_bath_table,Bed Bath Table,SELL_0016,São Paulo,SP,40.82,39.12,credit_card,10,154.07,1,Not as described
ORD_0000753,1,CUST_000268,Rio de Janeiro,RJ,delivered,2023-12-27 19:34:32,2024-01-06 19:34:32,2024-01-07 19:34:32,PROD_00054,telephony,Telephony,SELL_0013,Belo Horizonte,MG,291.52,37.96,credit_card,4,505.03,5,
ORD_0000753,2,CUST_000268,Rio de Janeiro,RJ,delivered,2023-12-27 19:34:32,2024-01-06 19:34:32,2024-01-07 19:34:32,PROD_00066,food_drink,Food & Drink,SELL_0008,Rio de Janeiro,RJ,38.53,40.34,credit_card,4,505.03,5,
ORD_0000753,3,CUST_000268,Rio de Janeiro,RJ,delivered,2023-12-27 19:34:32,2024-01-06 19:34:32,2024-01-07 19:34:32,PROD_00187,bed_bath_table,Bed Bath Table,SELL_0007,Porto Alegre,RS,86.02,10.66,credit_card,4,505.03,5,
ORD_0000754,1,CUST_000439,Porto Alegre,RS,delivered,2023-08-09 04:38:35,2023-08-25 04:38:35,2023-08-24 04:38:35,PROD_00154,watches_gifts,Watches & Gifts,SELL_0008,Rio de Janeiro,RJ,238.28,23.66,boleto,1,261.94,1,
ORD_0000755,1,CUST_000374,Curitiba,PR,delivered,2024-09-29 13:04:35,2024-10-11 13:04:35,2024-10-12 13:04:35,PROD_00051,watches_gifts,Watches & Gifts,SELL_0044,São Paulo,SP,135.73,8.66,credit_card,1,144.39,,
ORD_0000756,1,CUST_000347,Belo Horizonte,MG,delivered,2024-03-11 22:09:34,2024-03-23 22:09:34,2024-03-30 22:09:34,PROD_00035,stationery,Stationery,SELL_0015,Porto Alegre,RS,35.37,17.92,boleto,1,53.29,4,OK
ORD_0000757,1,CUST_000357,São Paulo,SP,delivered,2024-10-23 06:45:23,2024-10-28 06:45:23,2024-10-27 06:45:23,PROD_00009,watches_gifts,Watches & Gifts,SELL_0049,Curitiba,PR,367.21,43.25,credit_card,1,480.05,5,Average
ORD_0000757,2,CUST_000357,São Paulo,SP,delivered,2024-10-23 06:45:23,2024-10-28 06:45:23,2024-10-27 06:45:23,PROD_00195,food_drink,Food & Drink,SELL_0021,Belo Horizonte,MG,34.25,35.34,credit_card,1,480.05,5,Average
ORD_0000758,1,CUST_000162,Recife,PE,delivered,2025-03-17 13:24:01,2025-03-30 13:24:01,2025-03-28 13:24:01,PROD_00129,furniture_decor,Furniture & Decor,SELL_0047,Florianópolis,SC,520.69,36.16,credit_card,1,556.85,5,Great product!
ORD_0000759,1,CUST_000273,São Paulo,SP,delivered,2023-04-23 21:35:26,2023-04-29 21:35:26,2023-04-30 21:35:26,PROD_00003,telephony,Telephony,SELL_0002,São Paulo,SP,275.22,13.35,credit_card,1,375.48,3,Perfect!
ORD_0000759,2,CUST_000273,São Paulo,SP,delivered,2023-04-23 21:35:26,2023-04-29 21:35:26,2023-04-30 21:35:26,PROD_00151,auto,Auto,SELL_0008,Rio de Janeiro,RJ,50.76,36.15,credit_card,1,375.48,3,Perfect!
ORD_0000760,1,CUST_000075,Belo Horizonte,MG,delivered,2025-03-28 07:17:00,2025-04-10 07:17:00,2025-04-13 07:17:00,PROD_00153,telephony,Telephony,SELL_0045,São Paulo,SP,166.68,5.52,credit_card,10,172.2,5,Not as described
ORD_0000761,1,CUST_000488,Vitória,ES,shipped,2023-04-18 03:11:33,,2023-05-06 03:11:33,PROD_00164,bed_bath_table,Bed Bath Table,SELL_0019,Belo Horizonte,MG,218.28,15.56,credit_card,1,233.84,,
ORD_0000762,1,CUST_000179,Belo Horizonte,MG,delivered,2024-12-18 18:55:18,2024-12-26 18:55:18,2024-12-23 18:55:18,PROD_00186,sports_leisure,Sports & Leisure,SELL_0040,Curitiba,PR,365.02,41.67,credit_card,1,406.69,,
ORD_0000763,1,CUST_000088,Fortaleza,CE,delivered,2023-11-22 12:11:22,2023-12-02 12:11:22,2023-12-05 12:11:22,PROD_00095,food_drink,Food & Drink,SELL_0004,São Paulo,SP,39.71,18.83,boleto,1,58.54,5,
ORD_0000764,1,CUST_000245,São Paulo,SP,delivered,2024-08-29 04:16:00,2024-09-04 04:16:00,2024-09-11 04:16:00,PROD_00019,furniture_decor,Furniture & Decor,SELL_0041,São Paulo,SP,492.77,39.83,credit_card,6,532.6,1,Perfect!
ORD_0000765,1,CUST_000065,Rio de Janeiro,RJ,delivered,2023-05-27 12:36:47,2023-06-05 12:36:47,2023-06-11 12:36:47,PROD_00139,furniture_decor,Furniture & Decor,SELL_0034,São Paulo,SP,203.66,14.25,boleto,1,217.91,,
ORD_0000766,1,CUST_000215,São Paulo,SP,delivered,2024-12-24 14:11:28,2024-12-30 14:11:28,2024-12-31 14:11:28,PROD_00007,computers_accessories,Computers & Accessories,SELL_0027,Porto Alegre,RS,481.65,35.26,credit_card,10,516.91,4,Recommend
ORD_0000767,1,CUST_000142,Rio de Janeiro,RJ,delivered,2024-03-14 16:45:56,2024-03-27 16:45:56,2024-03-29 16:45:56,PROD_00186,sports_leisure,Sports & Leisure,SELL_0039,São Paulo,SP,79.92,13.62,credit_card,10,93.54,4,Great product!
ORD_0000768,1,CUST_000433,Curitiba,PR,delivered,2023-04-03 20:05:04,2023-04-15 20:05:04,2023-04-14 20:05:04,PROD_00062,sports_leisure,Sports & Leisure,SELL_0027,Porto Alegre,RS,191.49,18.41,credit_card,10,209.9,5,Perfect!
ORD_0000769,1,CUST_000295,São Paulo,SP,processing,2023-02-28 02:47:18,,2023-03-11 02:47:18,PROD_00010,electronics,Electronics,SELL_0019,Belo Horizonte,MG,494.41,39.29,credit_card,1,533.7,,
ORD_0000770,1,CUST_000347,Belo Horizonte,MG,delivered,2024-06-04 23:08:30,2024-06-15 23:08:30,2024-06-13 23:08:30,PROD_00105,garden_tools,Garden Tools,SELL_0024,São Paulo,SP,188.73,6.71,credit_card,10,195.44,,
ORD_0000771,1,CUST_000208,Belo Horizonte,MG,delivered,2023-01-15 19:12:58,2023-01-25 19:12:58,2023-01-25 19:12:58,PROD_00087,toys,Toys,SELL_0028,São Paulo,SP,43.27,42.42,credit_card,1,85.69,5,Good quality
ORD_0000772,1,CUST_000379,Curitiba,PR,delivered,2024-11-08 16:43:38,2024-11-16 16:43:38,2024-11-23 16:43:38,PROD_00191,furniture_decor,Furniture & Decor,SELL_0008,Rio de Janeiro,RJ,65.96,32.75,credit_card,6,726.82,5,Fast delivery
ORD_0000772,2,CUST_000379,Curitiba,PR,delivered,2024-11-08 16:43:38,2024-11-16 16:43:38,2024-11-23 16:43:38,PROD_00033,computers_accessories,Computers & Accessories,SELL_0003,Rio de Janeiro,RJ,358.42,38.86,credit_card,6,726.82,5,Fast delivery
ORD_0000772,3,CUST_000379,Curitiba,PR,delivered,2024-11-08 16:43:38,2024-11-16 16:43:38,2024-11-23 16:43:38,PROD_00015,sports_leisure,Sports & Leisure,SELL_0025,Rio de Janeiro,RJ,217.7,13.13,credit_card,6,726.82,5,Fast delivery
ORD_0000773,1,CUST_000477,Belo Horizonte,MG,delivered,2025-02-21 16:57:14,2025-02-25 16:57:14,2025-02-28 16:57:14,PROD_00023,stationery,Stationery,SELL_0025,Rio de Janeiro,RJ,66.36,35.51,credit_card,1,216.26,5,Great product!
ORD_0000773,2,CUST_000477,Belo Horizonte,MG,delivered,2025-02-21 16:57:14,2025-02-25 16:57:14,2025-02-28 16:57:14,PROD_00176,garden_tools,Garden Tools,SELL_0048,Rio de Janeiro,RJ,96.57,17.82,credit_card,1,216.26,5,Great product!
ORD_0000774,1,CUST_000254,Belo Horizonte,MG,processing,2024-01-24 05:23:07,,2024-02-04 05:23:07,PROD_00045,watches_gifts,Watches & Gifts,SELL_0022,Curitiba,PR,388.45,15.16,credit_card,4,403.61,,
ORD_0000775,1,CUST_000426,Belo Horizonte,MG,delivered,2024-07-06 03:18:19,2024-07-22 03:18:19,2024-07-25 03:18:19,PROD_00111,computers_accessories,Computers & Accessories,SELL_0037,São Paulo,SP,421.99,12.34,credit_card,10,434.33,2,Average
ORD_0000776,1,CUST_000112,Rio de Janeiro,RJ,canceled,2023-11-09 20:32:52,,2023-11-25 20:32:52,PROD_00125,sports_leisure,Sports & Leisure,SELL_0010,Rio de Janeiro,RJ,181.3,27.45,credit_card,6,208.75,,
ORD_0000777,1,CUST_000435,Rio de Janeiro,RJ,delivered,2024-05-14 01:22:00,2024-05-24 01:22:00,2024-05-23 01:22:00,PROD_00135,watches_gifts,Watches & Gifts,SELL_0003,Rio de Janeiro,RJ,419.07,16.62,credit_card,2,435.69,5,Not as described
ORD_0000778,1,CUST_000206,Fortaleza,CE,delivered,2023-12-30 00:06:27,2024-01-16 00:06:27,2024-01-21 00:06:27,PROD_00142,food_drink,Food & Drink,SELL_0029,Belo Horizonte,MG,8.26,26.11,boleto,1,34.37,5,Recommend
ORD_0000779,1,CUST_000461,São Paulo,SP,delivered,2023-06-07 13:07:58,2023-06-15 13:07:58,2023-06-16 13:07:58,PROD_00061,fashion_bags,Fashion Bags,SELL_0036,São Paulo,SP,206.45,31.68,credit_card,3,238.13,5,Perfect!
ORD_0000780,1,CUST_000187,Salvador,BA,delivered,2024-03-14 05:34:51,2024-04-02 05:34:51,2024-04-09 05:34:51,PROD_00035,stationery,Stationery,SELL_0042,Florianópolis,SC,35.56,13.48,credit_card,1,354.01,5,Perfect!
ORD_0000780,2,CUST_000187,Salvador,BA,delivered,2024-03-14 05:34:51,2024-04-02 05:34:51,2024-04-09 05:34:51,PROD_00158,fashion_bags,Fashion Bags,SELL_0043,Belo Horizonte,MG,297.83,7.14,credit_card,1,354.01,5,Perfect!
ORD_0000781,1,CUST_000430,Curitiba,PR,delivered,2024-03-25 05:08:22,2024-04-11 05:08:22,2024-04-09 05:08:22,PROD_00178,electronics,Electronics,SELL_0033,Belo Horizonte,MG,37.19,37.89,credit_card,6,75.08,5,Perfect!
ORD_0000782,1,CUST_000098,Belo Horizonte,MG,delivered,2023-10-19 01:08:25,2023-10-27 01:08:25,2023-10-26 01:08:25,PROD_00149,stationery,Stationery,SELL_0019,Belo Horizonte,MG,58.07,37.13,credit_card,2,584.55,3,Took too long
ORD_0000782,2,CUST_000098,Belo Horizonte,MG,delivered,2023-10-19 01:08:25,2023-10-27 01:08:25,2023-10-26 01:08:25,PROD_00047,garden_tools,Garden Tools,SELL_0029,Belo Horizonte,MG,187.64,33.59,credit_card,2,584.55,3,Took too long
ORD_0000782,3,CUST_000098,Belo Horizonte,MG,delivered,2023-10-19 01:08:25,2023-10-27 01:08:25,2023-10-26 01:08:25,PROD_00150,bed_bath_table,Bed Bath Table,SELL_0039,São Paulo,SP,247.01,21.11,credit_card,2,584.55,3,Took too long
ORD_0000783,1,CUST_000342,São Paulo,SP,delivered,2023-07-23 15:42:17,2023-07-26 15:42:17,2023-07-25 15:42:17,PROD_00161,furniture_decor,Furniture & Decor,SELL_0025,Rio de Janeiro,RJ,275.61,29.98,credit_card,4,305.59,5,OK
ORD_0000784,1,CUST_000167,Cuiabá,MT,shipped,2025-02-08 12:32:46,,2025-02-22 12:32:46,PROD_00142,food_drink,Food & Drink,SELL_0048,Rio de Janeiro,RJ,41.37,35.38,credit_card,1,76.75,,
ORD_0000785,1,CUST_000057,São Paulo,SP,delivered,2023-04-21 00:08:09,2023-05-04 00:08:09,2023-05-07 00:08:09,PROD_00195,food_drink,Food & Drink,SELL_0034,São Paulo,SP,59.02,23.25,credit_card,1,82.27,4,Took too long
ORD_0000786,1,CUST_000500,Salvador,BA,delivered,2024-09-03 23:00:27,2024-09-21 23:00:27,2024-09-19 23:00:27,PROD_00094,telephony,Telephony,SELL_0037,São Paulo,SP,182.2,30.47,credit_card,1,212.67,5,Perfect!
ORD_0000787,1,CUST_000390,Belém,PA,delivered,2024-03-15 07:39:09,2024-04-01 07:39:09,2024-04-02 07:39:09,PROD_00145,health_beauty,Health & Beauty,SELL_0033,Belo Horizonte,MG,39.19,5.85,credit_card,1,45.04,5,Took too long
ORD_0000788,1,CUST_000359,São Paulo,SP,delivered,2023-09-11 21:52:27,2023-09-20 21:52:27,2023-09-25 21:52:27,PROD_00050,furniture_decor,Furniture & Decor,SELL_0007,Porto Alegre,RS,573.84,40.62,boleto,1,614.46,3,
ORD_0000789,1,CUST_000313,Rio de Janeiro,RJ,delivered,2023-07-05 06:54:37,2023-07-17 06:54:37,2023-07-18 06:54:37,PROD_00058,garden_tools,Garden Tools,SELL_0028,São Paulo,SP,65.94,10.65,credit_card,6,265.65,1,OK
ORD_0000789,2,CUST_000313,Rio de Janeiro,RJ,delivered,2023-07-05 06:54:37,2023-07-17 06:54:37,2023-07-18 06:54:37,PROD_00145,health_beauty,Health & Beauty,SELL_0027,Porto Alegre,RS,146.56,42.5,credit_card,6,265.65,1,OK
ORD_0000790,1,CUST_000099,Belo Horizonte,MG,delivered,2023-05-30 13:01:39,2023-06-12 13:01:39,2023-06-15 13:01:39,PROD_00143,sports_leisure,Sports & Leisure,SELL_0008,Rio de Janeiro,RJ,199.73,20.92,credit_card,3,220.65,5,Average
ORD_0000791,1,CUST_000209,São Paulo,SP,delivered,2024-06-21 09:44:40,2024-06-25 09:44:40,2024-07-02 09:44:40,PROD_00008,sports_leisure,Sports & Leisure,SELL_0014,São Paulo,SP,263.94,11.96,credit_card,10,877.98,5,Love it
ORD_0000791,2,CUST_000209,São Paulo,SP,delivered,2024-06-21 09:44:40,2024-06-25 09:44:40,2024-07-02 09:44:40,PROD_00144,furniture_decor,Furniture & Decor,SELL_0034,São Paulo,SP,568.1,33.98,credit_card,10,877.98,5,Love it
ORD_0000792,1,CUST_000027,Recife,PE,canceled,2023-11-08 03:17:23,,2023-11-26 03:17:23,PROD_00172,bed_bath_table,Bed Bath Table,SELL_0042,Florianópolis,SC,207.2,41.31,boleto,1,248.51,,
ORD_0000793,1,CUST_000127,São Paulo,SP,delivered,2023-11-24 01:11:02,2023-12-03 01:11:02,2023-12-09 01:11:02,PROD_00134,baby,Baby,SELL_0049,Curitiba,PR,37.86,40.88,credit_card,1,412.01,5,Recommend
ORD_0000793,2,CUST_000127,São Paulo,SP,delivered,2023-11-24 01:11:02,2023-12-03 01:11:02,2023-12-09 01:11:02,PROD_00073,auto,Auto,SELL_0027,Porto Alegre,RS,292.38,40.89,credit_card,1,412.01,5,Recommend
ORD_0000794,1,CUST_000052,Belo Horizonte,MG,delivered,2024-03-17 05:16:31,2024-04-01 05:16:31,2024-03-30 05:16:31,PROD_00037,health_beauty,Health & Beauty,SELL_0028,São Paulo,SP,227.03,27.65,credit_card,1,254.68,5,Love it
ORD_0000795,1,CUST_000343,São Paulo,SP,delivered,2023-01-14 21:35:49,2023-01-22 21:35:49,2023-01-28 21:35:49,PROD_00038,food_drink,Food & Drink,SELL_0035,Rio de Janeiro,RJ,29.12,35.52,credit_card,10,64.64,5,Average
ORD_0000796,1,CUST_000191,Belém,PA,delivered,2023-09-01 20:17:13,2023-09-15 20:17:13,2023-09-14 20:17:13,PROD_00170,telephony,Telephony,SELL_0025,Rio de Janeiro,RJ,94.49,36.34,credit_card,3,130.83,5,Not as described
ORD_0000797,1,CUST_000323,São Paulo,SP,canceled,2025-01-30 19:07:02,,2025-02-11 19:07:02,PROD_00105,garden_tools,Garden Tools,SELL_0014,São Paulo,SP,129.77,41.94,credit_card,6,171.71,,
ORD_0000798,1,CUST_000361,São Paulo,SP,delivered,2024-04-01 03:04:34,2024-04-05 03:04:34,2024-04-05 03:04:34,PROD_00110,auto,Auto,SELL_0010,Rio de Janeiro,RJ,47.91,38.22,credit_card,3,86.13,5,Average
ORD_0000799,1,CUST_000274,Porto Alegre,RS,delivered,2025-01-08 04:02:08,2025-01-26 04:02:08,2025-01-31 04:02:08,PROD_00081,stationery,Stationery,SELL_0049,Curitiba,PR,47.86,44.22,credit_card,10,298.4,2,Recommend
ORD_0000799,2,CUST_000274,Porto Alegre,RS,delivered,2025-01-08 04:02:08,2025-01-26 04:02:08,2025-01-31 04:02:08,PROD_00065,garden_tools,Garden Tools,SELL_0026,São Paulo,SP,170.23,36.09,credit_card,10,298.4,2,Recommend
ORD_0000800,1,CUST_000500,Salvador,BA,delivered,2023-12-22 11:28:40,2024-01-04 11:28:40,2024-01-02 11:28:40,PROD_00151,auto,Auto,SELL_0033,Belo Horizonte,MG,281.75,17.43,boleto,1,299.18,3,OK
ORD_0000801,1,CUST_000248,Rio de Janeiro,RJ,delivered,2024-03-05 16:59:32,2024-03-14 16:59:32,2024-03-11 16:59:32,PROD_00011,toys,Toys,SELL_0011,São Paulo,SP,129.65,38.3,boleto,1,167.95,5,Great product!
ORD_0000802,1,CUST_000490,Belo Horizonte,MG,delivered,2024-08-02 01:50:44,2024-08-12 01:50:44,2024-08-16 01:50:44,PROD_00001,auto,Auto,SELL_0028,São Paulo,SP,17.18,39.09,credit_card,2,624.95,5,Perfect!
ORD_0000802,2,CUST_000490,Belo Horizonte,MG,delivered,2024-08-02 01:50:44,2024-08-12 01:50:44,2024-08-16 01:50:44,PROD_00101,furniture_decor,Furniture & Decor,SELL_0004,São Paulo,SP,548.11,20.57,credit_card,2,624.95,5,Perfect!
ORD_0000803,1,CUST_000351,São Paulo,SP,delivered,2024-06-29 16:04:10,2024-07-04 16:04:10,2024-07-10 16:04:10,PROD_00196,garden_tools,Garden Tools,SELL_0006,São Paulo,SP,83.57,13.08,credit_card,4,611.06,1,OK
ORD_0000803,2,CUST_000351,São Paulo,SP,delivered,2024-06-29 16:04:10,2024-07-04 16:04:10,2024-07-10 16:04:10,PROD_00050,furniture_decor,Furniture & Decor,SELL_0002,São Paulo,SP,496.02,18.39,credit_card,4,611.06,1,OK
ORD_0000804,1,CUST_000140,Belo Horizonte,MG,delivered,2023-07-31 05:00:10,2023-08-10 05:00:10,2023-08-15 05:00:10,PROD_00097,bed_bath_table,Bed Bath Table,SELL_0018,Florianópolis,SC,170.15,29.48,credit_card,1,480.71,5,Recommend
ORD_0000804,2,CUST_000140,Belo Horizonte,MG,delivered,2023-07-31 05:00:10,2023-08-10 05:00:10,2023-08-15 05:00:10,PROD_00076,bed_bath_table,Bed Bath Table,SELL_0048,Rio de Janeiro,RJ,198.21,7.93,credit_card,1,480.71,5,Recommend
ORD_0000804,3,CUST_000140,Belo Horizonte,MG,delivered,2023-07-31 05:00:10,2023-08-10 05:00:10,2023-08-15 05:00:10,PROD_00014,stationery,Stationery,SELL_0041,São Paulo,SP,38.99,35.95,credit_card,1,480.71,5,Recommend
ORD_0000805,1,CUST_000234,Curitiba,PR,delivered,2024-05-30 22:46:33,2024-06-11 22:46:33,2024-06-09 22:46:33,PROD_00150,bed_bath_table,Bed Bath Table,SELL_0041,São Paulo,SP,286.09,30.68,credit_card,4,316.77,,
ORD_0000806,1,CUST_000088,Fortaleza,CE,delivered,2023-08-18 01:34:15,2023-09-06 01:34:15,2023-09-07 01:34:15,PROD_00095,food_drink,Food & Drink,SELL_0002,São Paulo,SP,19.47,16.19,credit_card,6,35.66,5,Fast delivery
ORD_0000807,1,CUST_000475,Rio de Janeiro,RJ,delivered,2023-05-17 08:55:50,2023-05-29 08:55:50,2023-05-27 08:55:50,PROD_00154,watches_gifts,Watches & Gifts,SELL_0046,São Paulo,SP,155.12,11.49,credit_card,4,166.61,4,Great product!
ORD_0000808,1,CUST_000001,Belo Horizonte,MG,delivered,2024-10-26 11:40:38,2024-11-06 11:40:38,2024-11-07 11:40:38,PROD_00186,sports_leisure,Sports & Leisure,SELL_0043,Belo Horizonte,MG,173.22,39.52,credit_card,10,276.93,5,Fast delivery
ORD_0000808,2,CUST_000001,Belo Horizonte,MG,delivered,2024-10-26 11:40:38,2024-11-06 11:40:38,2024-11-07 11:40:38,PROD_00153,telephony,Telephony,SELL_0006,São Paulo,SP,58.41,5.78,credit_card,10,276.93,5,Fast delivery
ORD_0000809,1,CUST_000370,Rio de Janeiro,RJ,delivered,2023-05-17 13:57:39,2023-05-27 13:57:39,2023-05-29 13:57:39,PROD_00186,sports_leisure,Sports & Leisure,SELL_0025,Rio de Janeiro,RJ,257.65,23.97,credit_card,6,730.58,5,
ORD_0000809,2,CUST_000370,Rio de Janeiro,RJ,delivered,2023-05-17 13:57:39,2023-05-27 13:57:39,2023-05-29 13:57:39,PROD_00042,electronics,Electronics,SELL_0005,São Paulo,SP,406.66,42.3,credit_card,6,730.58,5,
ORD_0000810,1,CUST_000113,São Paulo,SP,delivered,2025-01-18 08:11:16,2025-01-25 08:11:16,2025-01-23 08:11:16,PROD_00135,watches_gifts,Watches & Gifts,SELL_0013,Belo Horizonte,MG,343.82,15.51,voucher,1,359.33,,
ORD_0000811,1,CUST_000370,Rio de Janeiro,RJ,shipped,2025-02-02 22:24:41,,2025-02-07 22:24:41,PROD_00060,food_drink,Food & Drink,SELL_0021,Belo Horizonte,MG,12.64,10.31,credit_card,1,22.95,,
ORD_0000812,1,CUST_000167,Cuiabá,MT,delivered,2023-10-03 06:37:40,2023-10-17 06:37:40,2023-10-20 06:37:40,PROD_00044,toys,Toys,SELL_0026,São Paulo,SP,38.37,41.63,voucher,1,260.68,5,Great product!
ORD_0000812,2,CUST_000167,Cuiabá,MT,delivered,2023-10-03 06:37:40,2023-10-17 06:37:40,2023-10-20 06:37:40,PROD_00120,telephony,Telephony,SELL_0001,Curitiba,PR,172.51,8.17,voucher,1,260.68,5,Great product!
ORD_0000813,1,CUST_000189,Belo Horizonte,MG,delivered,2023-06-01 15:05:31,2023-06-14 15:05:31,2023-06-13 15:05:31,PROD_00043,stationery,Stationery,SELL_0011,São Paulo,SP,55.85,8.14,credit_card,1,132.58,4,Perfect!
ORD_0000813,2,CUST_000189,Belo Horizonte,MG,delivered,2023-06-01 15:05:31,2023-06-14 15:05:31,2023-06-13 15:05:31,PROD_00098,baby,Baby,SELL_0016,São Paulo,SP,33.58,35.01,credit_card,1,132.58,4,Perfect!
ORD_0000814,1,CUST_000332,São Paulo,SP,delivered,2023-10-16 00:19:10,2023-10-27 00:19:10,2023-10-27 00:19:10,PROD_00082,telephony,Telephony,SELL_0037,São Paulo,SP,57.06,24.83,boleto,1,331.98,5,Recommend
ORD_0000814,2,CUST_000332,São Paulo,SP,delivered,2023-10-16 00:19:10,2023-10-27 00:19:10,2023-10-27 00:19:10,PROD_00097,bed_bath_table,Bed Bath Table,SELL_0005,São Paulo,SP,58.35,13.73,boleto,1,331.98,5,Recommend
ORD_0000814,3,CUST_000332,São Paulo,SP,delivered,2023-10-16 00:19:10,2023-10-27 00:19:10,2023-10-27 00:19:10,PROD_00140,watches_gifts,Watches & Gifts,SELL_0004,São Paulo,SP,162.43,15.58,boleto,1,331.98,5,Recommend
ORD_0000815,1,CUST_000036,Florianópolis,SC,processing,2023-05-27 02:27:15,,2023-06-17 02:27:15,PROD_00149,stationery,Stationery,SELL_0026,São Paulo,SP,29.23,10.63,credit_card,4,448.55,,
ORD_0000815,2,CUST_000036,Florianópolis,SC,processing,2023-05-27 02:27:15,,2023-06-17 02:27:15,PROD_00131,stationery,Stationery,SELL_0028,São Paulo,SP,8.23,37.7,credit_card,4,448.55,,
ORD_0000815,3,CUST_000036,Florianópolis,SC,processing,2023-05-27 02:27:15,,2023-06-17 02:27:15,PROD_00073,auto,Auto,SELL_0014,São Paulo,SP,348.3,14.46,credit_card,4,448.55,,
ORD_0000816,1,CUST_000071,Porto Alegre,RS,delivered,2025-01-14 00:38:06,2025-01-27 00:38:06,2025-01-24 00:38:06,PROD_00027,fashion_bags,Fashion Bags,SELL_0010,Rio de Janeiro,RJ,177.39,26.37,credit_card,6,203.76,1,Fast delivery
ORD_0000817,1,CUST_000391,Rio de Janeiro,RJ,delivered,2025-04-30 20:59:02,2025-05-09 20:59:02,2025-05-15 20:59:02,PROD_00128,stationery,Stationery,SELL_0012,São Paulo,SP,55.05,11.81,credit_card,2,308.4,5,Not as described
ORD_0000817,2,CUST_000391,Rio de Janeiro,RJ,delivered,2025-04-30 20:59:02,2025-05-09 20:59:02,2025-05-15 20:59:02,PROD_00004,health_beauty,Health & Beauty,SELL_0032,Rio de Janeiro,RJ,210.98,30.56,credit_card,2,308.4,5,Not as described
ORD_0000818,1,CUST_000007,São Paulo,SP,delivered,2025-03-22 00:50:06,2025-04-06 00:50:06,2025-04-04 00:50:06,PROD_00047,garden_tools,Garden Tools,SELL_0034,São Paulo,SP,29.44,12.74,credit_card,4,42.18,5,Good quality
ORD_0000819,1,CUST_000104,São Paulo,SP,delivered,2023-05-23 15:48:36,2023-05-30 15:48:36,2023-05-27 15:48:36,PROD_00140,watches_gifts,Watches & Gifts,SELL_0047,Florianópolis,SC,183.27,38.19,credit_card,1,221.46,5,Took too long
ORD_0000820,1,CUST_000279,São Paulo,SP,delivered,2024-12-09 08:40:34,2024-12-18 08:40:34,2024-12-16 08:40:34,PROD_00060,food_drink,Food & Drink,SELL_0015,Porto Alegre,RS,47.41,39.66,credit_card,4,87.07,3,Love it
ORD_0000821,1,CUST_000279,São Paulo,SP,delivered,2023-10-31 03:32:56,2023-11-11 03:32:56,2023-11-10 03:32:56,PROD_00030,sports_leisure,Sports & Leisure,SELL_0044,São Paulo,SP,342.27,12.09,credit_card,1,354.36,,
ORD_0000822,1,CUST_000181,Belo Horizonte,MG,delivered,2024-11-02 09:14:58,2024-11-14 09:14:58,2024-11-18 09:14:58,PROD_00087,toys,Toys,SELL_0048,Rio de Janeiro,RJ,42.05,35.01,credit_card,2,77.06,5,Recommend
ORD_0000823,1,CUST_000087,Belo Horizonte,MG,delivered,2023-04-23 07:06:18,2023-05-09 07:06:18,2023-05-07 07:06:18,PROD_00180,bed_bath_table,Bed Bath Table,SELL_0028,São Paulo,SP,186.87,33.77,credit_card,2,220.64,1,Recommend
ORD_0000824,1,CUST_000459,São Paulo,SP,delivered,2023-02-14 19:09:11,2023-02-26 19:09:11,2023-02-25 19:09:11,PROD_00031,watches_gifts,Watches & Gifts,SELL_0026,São Paulo,SP,237.72,33.0,debit_card,1,270.72,4,Great product!
ORD_0000825,1,CUST_000348,São Paulo,SP,delivered,2024-03-11 04:57:42,2024-03-18 04:57:42,2024-03-22 04:57:42,PROD_00104,sports_leisure,Sports & Leisure,SELL_0001,Curitiba,PR,216.95,37.3,boleto,1,254.25,5,
ORD_0000826,1,CUST_000339,São Paulo,SP,delivered,2024-01-13 08:51:58,2024-01-22 08:51:58,2024-01-21 08:51:58,PROD_00097,bed_bath_table,Bed Bath Table,SELL_0011,São Paulo,SP,173.67,8.37,credit_card,4,329.7,1,Fast delivery
ORD_0000826,2,CUST_000339,São Paulo,SP,delivered,2024-01-13 08:51:58,2024-01-22 08:51:58,2024-01-21 08:51:58,PROD_00058,garden_tools,Garden Tools,SELL_0011,São Paulo,SP,129.54,18.12,credit_card,4,329.7,1,Fast delivery
ORD_0000827,1,CUST_000399,Salvador,BA,delivered,2024-11-02 04:20:09,2024-11-18 04:20:09,2024-11-21 04:20:09,PROD_00174,watches_gifts,Watches & Gifts,SELL_0050,São Paulo,SP,439.26,19.64,credit_card,4,1365.83,4,Good quality
ORD_0000827,2,CUST_000399,Salvador,BA,delivered,2024-11-02 04:20:09,2024-11-18 04:20:09,2024-11-21 04:20:09,PROD_00139,furniture_decor,Furniture & Decor,SELL_0044,São Paulo,SP,593.77,42.48,credit_card,4,1365.83,4,Good quality
ORD_0000827,3,CUST_000399,Salvador,BA,delivered,2024-11-02 04:20:09,2024-11-18 04:20:09,2024-11-21 04:20:09,PROD_00104,sports_leisure,Sports & Leisure,SELL_0034,São Paulo,SP,236.38,34.3,credit_card,4,1365.83,4,Good quality
ORD_0000828,1,CUST_000492,São Paulo,SP,unavailable,2025-01-14 08:09:05,,2025-01-19 08:09:05,PROD_00045,watches_gifts,Watches & Gifts,SELL_0021,Belo Horizonte,MG,54.92,27.82,boleto,1,506.13,,
ORD_0000828,2,CUST_000492,São Paulo,SP,unavailable,2025-01-14 08:09:05,,2025-01-19 08:09:05,PROD_00102,sports_leisure,Sports & Leisure,SELL_0003,Rio de Janeiro,RJ,388.19,35.2,boleto,1,506.13,,
ORD_0000829,1,CUST_000393,São Paulo,SP,delivered,2024-01-30 11:20:31,2024-02-03 11:20:31,2024-02-02 11:20:31,PROD_00198,stationery,Stationery,SELL_0040,Curitiba,PR,56.14,14.41,credit_card,6,70.55,4,Took too long
ORD_0000830,1,CUST_000411,São Paulo,SP,delivered,2024-10-31 07:24:26,2024-11-05 07:24:26,2024-11-09 07:24:26,PROD_00140,watches_gifts,Watches & Gifts,SELL_0009,São Paulo,SP,436.68,43.12,credit_card,4,479.8,,
ORD_0000831,1,CUST_000273,São Paulo,SP,delivered,2024-07-03 07:24:05,2024-07-07 07:24:05,2024-07-07 07:24:05,PROD_00009,watches_gifts,Watches & Gifts,SELL_0015,Porto Alegre,RS,476.67,32.67,credit_card,3,825.67,3,Took too long
ORD_0000831,2,CUST_000273,São Paulo,SP,delivered,2024-07-03 07:24:05,2024-07-07 07:24:05,2024-07-07 07:24:05,PROD_00139,furniture_decor,Furniture & Decor,SELL_0046,São Paulo,SP,282.56,33.77,credit_card,3,825.67,3,Took too long
ORD_0000832,1,CUST_000360,São Paulo,SP,unavailable,2023-03-31 07:23:00,,2023-04-03 07:23:00,PROD_00075,sports_leisure,Sports & Leisure,SELL_0039,São Paulo,SP,266.38,16.93,credit_card,3,283.31,,
ORD_0000833,1,CUST_000186,São Paulo,SP,delivered,2024-07-25 15:08:58,2024-07-29 15:08:58,2024-07-28 15:08:58,PROD_00157,auto,Auto,SELL_0042,Florianópolis,SC,186.59,30.18,credit_card,1,377.98,5,OK
ORD_0000833,2,CUST_000186,São Paulo,SP,delivered,2024-07-25 15:08:58,2024-07-29 15:08:58,2024-07-28 15:08:58,PROD_00073,auto,Auto,SELL_0033,Belo Horizonte,MG,131.17,30.04,credit_card,1,377.98,5,OK
ORD_0000834,1,CUST_000151,São Paulo,SP,unavailable,2024-04-16 04:53:54,,2024-05-01 04:53:54,PROD_00193,bed_bath_table,Bed Bath Table,SELL_0029,Belo Horizonte,MG,276.05,32.81,boleto,1,1315.25,,
ORD_0000834,2,CUST_000151,São Paulo,SP,unavailable,2024-04-16 04:53:54,,2024-05-01 04:53:54,PROD_00092,electronics,Electronics,SELL_0035,Rio de Janeiro,RJ,648.46,14.41,boleto,1,1315.25,,
ORD_0000834,3,CUST_000151,São Paulo,SP,unavailable,2024-04-16 04:53:54,,2024-05-01 04:53:54,PROD_00115,computers_accessories,Computers & Accessories,SELL_0050,São Paulo,SP,330.68,12.84,boleto,1,1315.25,,
ORD_0000835,1,CUST_000125,São Paulo,SP,delivered,2023-08-04 07:03:47,2023-08-11 07:03:47,2023-08-14 07:03:47,PROD_00158,fashion_bags,Fashion Bags,SELL_0005,São Paulo,SP,197.24,20.22,credit_card,1,217.46,1,Love it
ORD_0000836,1,CUST_000191,Belém,PA,delivered,2023-02-25 22:06:42,2023-03-15 22:06:42,2023-03-14 22:06:42,PROD_00161,furniture_decor,Furniture & Decor,SELL_0040,Curitiba,PR,411.67,23.46,credit_card,2,435.13,,
ORD_0000837,1,CUST_000016,São Paulo,SP,delivered,2023-05-31 11:09:05,2023-06-09 11:09:05,2023-06-08 11:09:05,PROD_00139,furniture_decor,Furniture & Decor,SELL_0028,São Paulo,SP,123.95,29.95,credit_card,2,153.9,5,
ORD_0000838,1,CUST_000241,São Paulo,SP,canceled,2025-01-31 04:47:33,,2025-02-09 04:47:33,PROD_00040,watches_gifts,Watches & Gifts,SELL_0034,São Paulo,SP,421.78,10.18,boleto,1,431.96,,
ORD_0000839,1,CUST_000211,Brasília,DF,delivered,2025-01-09 10:28:50,2025-01-22 10:28:50,2025-01-29 10:28:50,PROD_00192,garden_tools,Garden Tools,SELL_0021,Belo Horizonte,MG,17.25,30.73,boleto,1,47.98,4,Good quality
ORD_0000840,1,CUST_000017,Porto Alegre,RS,delivered,2024-09-10 05:32:10,2024-09-24 05:32:10,2024-10-01 05:32:10,PROD_00103,food_drink,Food & Drink,SELL_0016,São Paulo,SP,41.46,32.29,credit_card,10,73.75,5,Average
ORD_0000841,1,CUST_000486,Belo Horizonte,MG,processing,2024-04-10 17:45:53,,2024-04-20 17:45:53,PROD_00069,stationery,Stationery,SELL_0024,São Paulo,SP,71.23,31.54,credit_card,3,102.77,,
ORD_0000842,1,CUST_000477,Belo Horizonte,MG,unavailable,2023-06-10 08:05:33,,2023-06-20 08:05:33,PROD_00159,stationery,Stationery,SELL_0003,Rio de Janeiro,RJ,29.89,23.27,boleto,1,53.16,,
ORD_0000843,1,CUST_000381,São Paulo,SP,delivered,2023-08-05 12:39:03,2023-08-12 12:39:03,2023-08-16 12:39:03,PROD_00043,stationery,Stationery,SELL_0050,São Paulo,SP,25.97,26.67,credit_card,1,52.64,2,
ORD_0000844,1,CUST_000245,São Paulo,SP,delivered,2023-11-17 20:41:25,2023-11-24 20:41:25,2023-12-01 20:41:25,PROD_00096,watches_gifts,Watches & Gifts,SELL_0034,São Paulo,SP,148.79,12.3,credit_card,1,161.09,,
ORD_0000845,1,CUST_000218,Belo Horizonte,MG,delivered,2023-07-19 08:06:06,2023-08-02 08:06:06,2023-08-07 08:06:06,PROD_00101,furniture_decor,Furniture & Decor,SELL_0040,Curitiba,PR,149.82,19.12,credit_card,6,168.94,5,Love it
ORD_0000846,1,CUST_000055,São Paulo,SP,delivered,2023-03-08 06:38:00,2023-03-16 06:38:00,2023-03-23 06:38:00,PROD_00064,garden_tools,Garden Tools,SELL_0035,Rio de Janeiro,RJ,130.45,10.32,credit_card,10,140.77,5,Not as described
ORD_0000847,1,CUST_000476,Rio de Janeiro,RJ,delivered,2023-02-03 07:17:05,2023-02-16 07:17:05,2023-02-13 07:17:05,PROD_00069,stationery,Stationery,SELL_0015,Porto Alegre,RS,64.22,38.21,credit_card,2,102.43,3,Fast delivery
ORD_0000848,1,CUST_000162,Recife,PE,canceled,2023-04-06 09:00:22,,2023-04-25 09:00:22,PROD_00147,bed_bath_table,Bed Bath Table,SELL_0011,São Paulo,SP,282.0,18.61,debit_card,1,300.61,,
ORD_0000849,1,CUST_000100,São Paulo,SP,delivered,2023-11-19 12:46:22,2023-11-24 12:46:22,2023-11-29 12:46:22,PROD_00175,furniture_decor,Furniture & Decor,SELL_0049,Curitiba,PR,552.96,12.46,credit_card,3,565.42,1,Great product!
ORD_0000850,1,CUST_000052,Belo Horizonte,MG,delivered,2024-05-29 04:01:37,2024-06-15 04:01:37,2024-06-16 04:01:37,PROD_00124,auto,Auto,SELL_0025,Rio de Janeiro,RJ,74.6,42.8,credit_card,1,194.3,4,Average
ORD_0000850,2,CUST_000052,Belo Horizonte,MG,delivered,2024-05-29 04:01:37,2024-06-15 04:01:37,2024-06-16 04:01:37,PROD_00148,toys,Toys,SELL_0015,Porto Alegre,RS,34.06,42.84,credit_card,1,194.3,4,Average
ORD_0000851,1,CUST_000083,São Paulo,SP,delivered,2023-06-05 21:29:05,2023-06-17 21:29:05,2023-06-24 21:29:05,PROD_00136,garden_tools,Garden Tools,SELL_0007,Porto Alegre,RS,125.51,32.46,credit_card,1,157.97,5,
ORD_0000852,1,CUST_000073,Rio de Janeiro,RJ,unavailable,2025-02-26 22:10:32,,2025-03-10 22:10:32,PROD_00130,garden_tools,Garden Tools,SELL_0024,São Paulo,SP,30.18,33.42,debit_card,1,850.94,,
ORD_0000852,2,CUST_000073,Rio de Janeiro,RJ,unavailable,2025-02-26 22:10:32,,2025-03-10 22:10:32,PROD_00007,computers_accessories,Computers & Accessories,SELL_0017,São Paulo,SP,762.75,24.59,debit_card,1,850.94,,
ORD_0000853,1,CUST_000334,Fortaleza,CE,delivered,2024-06-19 10:28:50,2024-06-30 10:28:50,2024-06-27 10:28:50,PROD_00144,furniture_decor,Furniture & Decor,SELL_0049,Curitiba,PR,221.65,29.4,credit_card,10,586.69,5,Good quality
ORD_0000853,2,CUST_000334,Fortaleza,CE,delivered,2024-06-19 10:28:50,2024-06-30 10:28:50,2024-06-27 10:28:50,PROD_00198,stationery,Stationery,SELL_0015,Porto Alegre,RS,56.01,37.99,credit_card,10,586.69,5,Good quality
ORD_0000853,3,CUST_000334,Fortaleza,CE,delivered,2024-06-19 10:28:50,2024-06-30 10:28:50,2024-06-27 10:28:50,PROD_00050,furniture_decor,Furniture & Decor,SELL_0044,São Paulo,SP,211.71,29.93,credit_card,10,586.69,5,Good quality
ORD_0000854,1,CUST_000457,Florianópolis,SC,unavailable,2024-12-30 21:24:15,,2025-01-14 21:24:15,PROD_00020,watches_gifts,Watches & Gifts,SELL_0031,São Paulo,SP,464.63,9.53,credit_card,1,557.34,,
ORD_0000854,2,CUST_000457,Florianópolis,SC,unavailable,2024-12-30 21:24:15,,2025-01-14 21:24:15,PROD_00124,auto,Auto,SELL_0046,São Paulo,SP,70.21,12.97,credit_card,1,557.34,,
ORD_0000855,1,CUST_000039,Porto Alegre,RS,delivered,2023-06-06 18:40:31,2023-06-20 18:40:31,2023-06-18 18:40:31,PROD_00069,stationery,Stationery,SELL_0024,São Paulo,SP,64.51,8.44,credit_card,10,72.95,5,Took too long
ORD_0000856,1,CUST_000256,São Paulo,SP,delivered,2023-04-07 14:20:10,2023-04-12 14:20:10,2023-04-18 14:20:10,PROD_00023,stationery,Stationery,SELL_0021,Belo Horizonte,MG,29.39,23.15,credit_card,10,52.54,,
ORD_0000857,1,CUST_000187,Salvador,BA,delivered,2023-12-28 02:04:11,2024-01-21 02:04:11,2024-01-25 02:04:11,PROD_00056,health_beauty,Health & Beauty,SELL_0014,São Paulo,SP,186.3,19.64,credit_card,4,205.94,3,Recommend
ORD_0000858,1,CUST_000333,Belo Horizonte,MG,delivered,2023-05-24 03:36:31,2023-06-04 03:36:31,2023-06-07 03:36:31,PROD_00135,watches_gifts,Watches & Gifts,SELL_0029,Belo Horizonte,MG,66.74,36.95,credit_card,6,103.69,5,Great product!
ORD_0000859,1,CUST_000210,Salvador,BA,delivered,2024-09-26 21:08:28,2024-10-15 21:08:28,2024-10-22 21:08:28,PROD_00159,stationery,Stationery,SELL_0045,São Paulo,SP,24.93,38.86,credit_card,10,63.79,4,Good quality
ORD_0000860,1,CUST_000212,São Paulo,SP,delivered,2024-06-02 14:16:56,2024-06-09 14:16:56,2024-06-09 14:16:56,PROD_00073,auto,Auto,SELL_0003,Rio de Janeiro,RJ,333.38,36.7,boleto,1,490.05,4,Average
ORD_0000860,2,CUST_000212,São Paulo,SP,delivered,2024-06-02 14:16:56,2024-06-09 14:16:56,2024-06-09 14:16:56,PROD_00046,baby,Baby,SELL_0008,Rio de Janeiro,RJ,90.34,29.63,boleto,1,490.05,4,Average
ORD_0000861,1,CUST_000359,São Paulo,SP,delivered,2025-04-20 17:00:09,2025-04-22 17:00:09,2025-04-22 17:00:09,PROD_00122,fashion_bags,Fashion Bags,SELL_0009,São Paulo,SP,237.75,29.2,credit_card,1,266.95,1,Took too long
ORD_0000862,1,CUST_000199,São Paulo,SP,delivered,2024-04-18 21:05:22,2024-04-23 21:05:22,2024-04-27 21:05:22,PROD_00093,health_beauty,Health & Beauty,SELL_0034,São Paulo,SP,45.5,38.79,credit_card,1,84.29,,
ORD_0000863,1,CUST_000056,Campo Grande,MS,delivered,2023-03-29 05:46:06,2023-04-11 05:46:06,2023-04-13 05:46:06,PROD_00090,bed_bath_table,Bed Bath Table,SELL_0022,Curitiba,PR,135.6,40.61,credit_card,3,341.97,5,Great product!
ORD_0000863,2,CUST_000056,Campo Grande,MS,delivered,2023-03-29 05:46:06,2023-04-11 05:46:06,2023-04-13 05:46:06,PROD_00199,auto,Auto,SELL_0021,Belo Horizonte,MG,158.43,7.33,credit_card,3,341.97,5,Great product!
ORD_0000864,1,CUST_000310,Rio de Janeiro,RJ,delivered,2024-05-12 06:44:47,2024-05-23 06:44:47,2024-05-20 06:44:47,PROD_00194,stationery,Stationery,SELL_0020,Curitiba,PR,38.73,22.69,credit_card,3,61.42,3,Love it
ORD_0000865,1,CUST_000280,São Paulo,SP,delivered,2023-06-09 15:09:40,2023-06-22 15:09:40,2023-06-19 15:09:40,PROD_00181,watches_gifts,Watches & Gifts,SELL_0048,Rio de Janeiro,RJ,182.19,18.49,credit_card,1,200.68,5,Not as described
ORD_0000866,1,CUST_000480,São Paulo,SP,delivered,2025-04-07 11:50:27,2025-04-14 11:50:27,2025-04-11 11:50:27,PROD_00162,stationery,Stationery,SELL_0024,São Paulo,SP,30.47,28.53,credit_card,2,59.0,4,Recommend
ORD_0000867,1,CUST_000488,Vitória,ES,delivered,2025-02-15 21:27:17,2025-02-28 21:27:17,2025-02-26 21:27:17,PROD_00158,fashion_bags,Fashion Bags,SELL_0020,Curitiba,PR,136.57,25.08,credit_card,1,683.61,5,
ORD_0000867,2,CUST_000488,Vitória,ES,delivered,2025-02-15 21:27:17,2025-02-28 21:27:17,2025-02-26 21:27:17,PROD_00031,watches_gifts,Watches & Gifts,SELL_0028,São Paulo,SP,484.46,37.5,credit_card,1,683.61,5,
ORD_0000868,1,CUST_000153,São Paulo,SP,delivered,2024-12-30 14:55:26,2025-01-09 14:55:26,2025-01-08 14:55:26,PROD_00002,health_beauty,Health & Beauty,SELL_0020,Curitiba,PR,222.39,6.71,credit_card,4,229.1,5,
ORD_0000869,1,CUST_000426,Belo Horizonte,MG,delivered,2023-02-25 02:57:57,2023-03-10 02:57:57,2023-03-13 02:57:57,PROD_00151,auto,Auto,SELL_0016,São Paulo,SP,231.86,14.28,credit_card,1,246.14,,
ORD_0000870,1,CUST_000247,Rio de Janeiro,RJ,canceled,2024-05-01 17:44:50,,2024-05-16 17:44:50,PROD_00030,sports_leisure,Sports & Leisure,SELL_0005,São Paulo,SP,323.74,39.74,credit_card,10,363.48,,
ORD_0000871,1,CUST_000182,Goiânia,GO,delivered,2024-12-10 18:24:52,2024-12-24 18:24:52,2024-12-30 18:24:52,PROD_00088,health_beauty,Health & Beauty,SELL_0041,São Paulo,SP,127.92,25.87,credit_card,6,153.79,4,Fast delivery
ORD_0000872,1,CUST_000316,São Paulo,SP,delivered,2023-05-29 10:42:52,2023-06-10 10:42:52,2023-06-07 10:42:52,PROD_00189,garden_tools,Garden Tools,SELL_0020,Curitiba,PR,44.61,9.01,boleto,1,53.62,5,Good quality
ORD_0000873,1,CUST_000078,Belo Horizonte,MG,delivered,2024-04-14 04:31:55,2024-04-25 04:31:55,2024-04-29 04:31:55,PROD_00135,watches_gifts,Watches & Gifts,SELL_0040,Curitiba,PR,316.12,20.43,credit_card,6,410.24,,
ORD_0000873,2,CUST_000078,Belo Horizonte,MG,delivered,2024-04-14 04:31:55,2024-04-25 04:31:55,2024-04-29 04:31:55,PROD_00126,toys,Toys,SELL_0045,São Paulo,SP,30.17,43.52,credit_card,6,410.24,,
ORD_0000874,1,CUST_000483,Porto Alegre,RS,delivered,2023-05-09 20:28:40,2023-05-27 20:28:40,2023-05-27 20:28:40,PROD_00164,bed_bath_table,Bed Bath Table,SELL_0019,Belo Horizonte,MG,241.93,33.77,credit_card,4,275.7,4,Good quality
ORD_0000875,1,CUST_000216,São Paulo,SP,delivered,2024-12-14 17:49:10,2024-12-22 17:49:10,2024-12-29 17:49:10,PROD_00192,garden_tools,Garden Tools,SELL_0033,Belo Horizonte,MG,11.21,19.65,credit_card,10,30.86,4,OK
ORD_0000876,1,CUST_000296,Porto Alegre,RS,delivered,2023-01-15 11:52:23,2023-01-31 11:52:23,2023-02-05 11:52:23,PROD_00095,food_drink,Food & Drink,SELL_0005,São Paulo,SP,22.97,42.99,voucher,1,282.14,1,Took too long
ORD_0000876,2,CUST_000296,Porto Alegre,RS,delivered,2023-01-15 11:52:23,2023-01-31 11:52:23,2023-02-05 11:52:23,PROD_00056,health_beauty,Health & Beauty,SELL_0035,Rio de Janeiro,RJ,204.27,11.91,voucher,1,282.14,1,Took too long
ORD_0000877,1,CUST_000420,São Paulo,SP,delivered,2023-05-08 22:31:41,2023-05-13 22:31:41,2023-05-18 22:31:41,PROD_00049,furniture_decor,Furniture & Decor,SELL_0039,São Paulo,SP,508.35,10.05,credit_card,6,579.56,5,OK
ORD_0000877,2,CUST_000420,São Paulo,SP,delivered,2023-05-08 22:31:41,2023-05-13 22:31:41,2023-05-18 22:31:41,PROD_00166,furniture_decor,Furniture & Decor,SELL_0006,São Paulo,SP,43.97,17.19,credit_card,6,579.56,5,OK
ORD_0000878,1,CUST_000499,São Paulo,SP,delivered,2025-02-22 10:07:59,2025-03-05 10:07:59,2025-03-04 10:07:59,PROD_00003,telephony,Telephony,SELL_0027,Porto Alegre,RS,267.93,25.78,voucher,1,293.71,4,Recommend
ORD_0000879,1,CUST_000284,Porto Alegre,RS,delivered,2024-09-01 05:34:27,2024-09-12 05:34:27,2024-09-10 05:34:27,PROD_00053,baby,Baby,SELL_0002,São Paulo,SP,133.39,23.53,credit_card,2,156.92,3,
ORD_0000880,1,CUST_000045,Brasília,DF,delivered,2025-04-05 03:05:41,2025-04-13 03:05:41,2025-04-11 03:05:41,PROD_00121,food_drink,Food & Drink,SELL_0043,Belo Horizonte,MG,29.01,33.25,boleto,1,62.26,,
ORD_0000881,1,CUST_000255,Curitiba,PR,delivered,2025-02-06 19:59:34,2025-02-18 19:59:34,2025-02-19 19:59:34,PROD_00047,garden_tools,Garden Tools,SELL_0021,Belo Horizonte,MG,180.97,24.2,credit_card,4,205.17,4,Average
ORD_0000882,1,CUST_000437,Florianópolis,SC,delivered,2024-03-06 06:14:49,2024-03-20 06:14:49,2024-03-20 06:14:49,PROD_00093,health_beauty,Health & Beauty,SELL_0009,São Paulo,SP,147.08,15.63,credit_card,2,639.51,,
ORD_0000882,2,CUST_000437,Florianópolis,SC,delivered,2024-03-06 06:14:49,2024-03-20 06:14:49,2024-03-20 06:14:49,PROD_00040,watches_gifts,Watches & Gifts,SELL_0021,Belo Horizonte,MG,434.11,42.69,credit_card,2,639.51,,
ORD_0000883,1,CUST_000439,Porto Alegre,RS,delivered,2024-04-25 03:22:50,2024-05-12 03:22:50,2024-05-12 03:22:50,PROD_00131,stationery,Stationery,SELL_0048,Rio de Janeiro,RJ,66.25,39.2,credit_card,4,105.45,2,Average
ORD_0000884,1,CUST_000260,Curitiba,PR,delivered,2023-10-18 08:56:42,2023-10-31 08:56:42,2023-11-07 08:56:42,PROD_00169,computers_accessories,Computers & Accessories,SELL_0026,São Paulo,SP,456.43,34.18,credit_card,2,490.61,,
ORD_0000885,1,CUST_000124,Curitiba,PR,delivered,2023-01-05 13:02:00,2023-01-20 13:02:00,2023-01-26 13:02:00,PROD_00047,garden_tools,Garden Tools,SELL_0042,Florianópolis,SC,146.47,43.41,credit_card,2,189.88,5,OK
ORD_0000886,1,CUST_000163,São Paulo,SP,delivered,2023-12-10 05:36:27,2023-12-15 05:36:27,2023-12-15 05:36:27,PROD_00118,electronics,Electronics,SELL_0046,São Paulo,SP,489.05,12.93,boleto,1,501.98,,
ORD_0000887,1,CUST_000316,São Paulo,SP,delivered,2024-10-21 12:53:03,2024-10-31 12:53:03,2024-11-02 12:53:03,PROD_00145,health_beauty,Health & Beauty,SELL_0002,São Paulo,SP,169.02,43.66,credit_card,1,212.68,5,Took too long
ORD_0000888,1,CUST_000265,Rio de Janeiro,RJ,delivered,2023-06-12 13:14:06,2023-06-22 13:14:06,2023-06-20 13:14:06,PROD_00040,watches_gifts,Watches & Gifts,SELL_0040,Curitiba,PR,296.79,27.67,boleto,1,324.46,4,Not as described
ORD_0000889,1,CUST_000324,São Paulo,SP,processing,2024-08-13 12:53:48,,2024-08-24 12:53:48,PROD_00044,toys,Toys,SELL_0021,Belo Horizonte,MG,143.75,34.31,credit_card,1,240.91,,
ORD_0000889,2,CUST_000324,São Paulo,SP,processing,2024-08-13 12:53:48,,2024-08-24 12:53:48,PROD_00150,bed_bath_table,Bed Bath Table,SELL_0036,São Paulo,SP,45.72,17.13,credit_card,1,240.91,,
ORD_0000890,1,CUST_000105,São Paulo,SP,delivered,2023-04-06 02:01:27,2023-04-12 02:01:27,2023-04-11 02:01:27,PROD_00043,stationery,Stationery,SELL_0016,São Paulo,SP,29.38,19.55,credit_card,6,48.93,5,OK
ORD_0000891,1,CUST_000015,Belo Horizonte,MG,delivered,2024-09-24 22:34:58,2024-10-05 22:34:58,2024-10-09 22:34:58,PROD_00139,furniture_decor,Furniture & Decor,SELL_0020,Curitiba,PR,153.78,27.24,credit_card,1,270.93,,
ORD_0000891,2,CUST_000015,Belo Horizonte,MG,delivered,2024-09-24 22:34:58,2024-10-05 22:34:58,2024-10-09 22:34:58,PROD_00107,auto,Auto,SELL_0030,Curitiba,PR,55.92,33.99,credit_card,1,270.93,,
ORD_0000892,1,CUST_000325,Florianópolis,SC,processing,2024-10-08 11:11:15,,2024-10-22 11:11:15,PROD_00127,stationery,Stationery,SELL_0019,Belo Horizonte,MG,21.41,37.33,credit_card,2,183.4,,
ORD_0000892,2,CUST_000325,Florianópolis,SC,processing,2024-10-08 11:11:15,,2024-10-22 11:11:15,PROD_00006,baby,Baby,SELL_0017,São Paulo,SP,109.22,15.44,credit_card,2,183.4,,
ORD_0000893,1,CUST_000100,São Paulo,SP,delivered,2024-07-02 07:46:49,2024-07-09 07:46:49,2024-07-16 07:46:49,PROD_00199,auto,Auto,SELL_0008,Rio de Janeiro,RJ,181.87,33.62,credit_card,10,749.19,4,Not as described
ORD_0000893,2,CUST_000100,São Paulo,SP,delivered,2024-07-02 07:46:49,2024-07-09 07:46:49,2024-07-16 07:46:49,PROD_00115,computers_accessories,Computers & Accessories,SELL_0038,Rio de Janeiro,RJ,494.78,38.92,credit_card,10,749.19,4,Not as described
ORD_0000894,1,CUST_000012,Belo Horizonte,MG,delivered,2024-10-15 18:55:06,2024-11-02 18:55:06,2024-10-31 18:55:06,PROD_00147,bed_bath_table,Bed Bath Table,SELL_0004,São Paulo,SP,72.94,7.8,credit_card,3,80.74,2,Not as described
ORD_0000895,1,CUST_000055,São Paulo,SP,delivered,2023-05-26 09:16:57,2023-06-06 09:16:57,2023-06-06 09:16:57,PROD_00153,telephony,Telephony,SELL_0032,Rio de Janeiro,RJ,151.18,26.08,credit_card,1,177.26,5,Recommend
ORD_0000896,1,CUST_000201,Curitiba,PR,delivered,2023-04-14 15:50:01,2023-04-22 15:50:01,2023-04-22 15:50:01,PROD_00126,toys,Toys,SELL_0009,São Paulo,SP,109.11,37.7,credit_card,2,146.81,5,Great product!
ORD_0000897,1,CUST_000352,São Paulo,SP,processing,2024-03-05 12:56:20,,2024-03-10 12:56:20,PROD_00133,stationery,Stationery,SELL_0044,São Paulo,SP,23.23,10.97,credit_card,6,236.54,,
ORD_0000897,2,CUST_000352,São Paulo,SP,processing,2024-03-05 12:56:20,,2024-03-10 12:56:20,PROD_00035,stationery,Stationery,SELL_0047,Florianópolis,SC,64.49,20.89,credit_card,6,236.54,,
ORD_0000897,3,CUST_000352,São Paulo,SP,processing,2024-03-05 12:56:20,,2024-03-10 12:56:20,PROD_00141,watches_gifts,Watches & Gifts,SELL_0003,Rio de Janeiro,RJ,110.45,6.51,credit_card,6,236.54,,
ORD_0000898,1,CUST_000463,Rio de Janeiro,RJ,shipped,2023-07-02 21:36:40,,2023-07-12 21:36:40,PROD_00126,toys,Toys,SELL_0030,Curitiba,PR,94.92,42.59,credit_card,6,488.58,,
ORD_0000898,2,CUST_000463,Rio de Janeiro,RJ,shipped,2023-07-02 21:36:40,,2023-07-12 21:36:40,PROD_00129,furniture_decor,Furniture & Decor,SELL_0023,São Paulo,SP,323.31,27.76,credit_card,6,488.58,,
ORD_0000899,1,CUST_000178,Rio de Janeiro,RJ,delivered,2024-05-10 19:38:34,2024-05-22 19:38:34,2024-05-19 19:38:34,PROD_00190,fashion_bags,Fashion Bags,SELL_0043,Belo Horizonte,MG,297.16,40.14,boleto,1,337.3,4,Perfect!
ORD_0000900,1,CUST_000275,Belo Horizonte,MG,delivered,2023-01-24 16:32:48,2023-02-03 16:32:48,2023-02-01 16:32:48,PROD_00061,fashion_bags,Fashion Bags,SELL_0004,São Paulo,SP,265.85,20.77,credit_card,1,286.62,4,Great product!
ORD_0000901,1,CUST_000461,São Paulo,SP,delivered,2023-08-11 00:20:08,2023-08-18 00:20:08,2023-08-16 00:20:08,PROD_00072,baby,Baby,SELL_0025,Rio de Janeiro,RJ,176.37,14.45,credit_card,4,190.82,3,Good quality
ORD_0000902,1,CUST_000179,Belo Horizonte,MG,delivered,2024-12-26 17:41:18,2025-01-10 17:41:18,2025-01-13 17:41:18,PROD_00147,bed_bath_table,Bed Bath Table,SELL_0008,Rio de Janeiro,RJ,260.18,27.95,credit_card,1,288.13,,
ORD_0000903,1,CUST_000263,São Paulo,SP,delivered,2024-02-14 06:16:11,2024-02-23 06:16:11,2024-02-29 06:16:11,PROD_00042,electronics,Electronics,SELL_0037,São Paulo,SP,669.01,39.88,credit_card,3,708.89,5,Great product!
ORD_0000904,1,CUST_000160,Belo Horizonte,MG,shipped,2023-06-19 06:46:31,,2023-07-06 06:46:31,PROD_00039,sports_leisure,Sports & Leisure,SELL_0047,Florianópolis,SC,264.31,11.7,credit_card,1,276.01,,
ORD_0000905,1,CUST_000383,Rio de Janeiro,RJ,delivered,2023-10-06 10:39:06,2023-10-13 10:39:06,2023-10-20 10:39:06,PROD_00170,telephony,Telephony,SELL_0031,São Paulo,SP,26.73,17.11,credit_card,1,505.87,4,Took too long
ORD_0000905,2,CUST_000383,Rio de Janeiro,RJ,delivered,2023-10-06 10:39:06,2023-10-13 10:39:06,2023-10-20 10:39:06,PROD_00168,watches_gifts,Watches & Gifts,SELL_0004,São Paulo,SP,436.57,25.46,credit_card,1,505.87,4,Took too long
ORD_0000906,1,CUST_000420,São Paulo,SP,canceled,2023-03-07 14:10:56,,2023-03-15 14:10:56,PROD_00002,health_beauty,Health & Beauty,SELL_0006,São Paulo,SP,150.49,44.69,credit_card,10,326.66,,
ORD_0000906,2,CUST_000420,São Paulo,SP,canceled,2023-03-07 14:10:56,,2023-03-15 14:10:56,PROD_00176,garden_tools,Garden Tools,SELL_0008,Rio de Janeiro,RJ,122.76,8.72,credit_card,10,326.66,,
ORD_0000907,1,CUST_000301,São Paulo,SP,canceled,2024-02-24 09:38:52,,2024-02-27 09:38:52,PROD_00163,toys,Toys,SELL_0014,São Paulo,SP,31.13,11.07,credit_card,3,42.2,,
ORD_0000908,1,CUST_000093,São Paulo,SP,delivered,2025-04-08 10:27:50,2025-04-15 10:27:50,2025-04-15 10:27:50,PROD_00176,garden_tools,Garden Tools,SELL_0027,Porto Alegre,RS,185.56,43.4,credit_card,3,228.96,5,OK
ORD_0000909,1,CUST_000337,São Paulo,SP,delivered,2024-01-16 11:09:49,2024-01-22 11:09:49,2024-01-22 11:09:49,PROD_00036,fashion_bags,Fashion Bags,SELL_0048,Rio de Janeiro,RJ,49.8,29.23,credit_card,1,113.03,5,Great product!
ORD_0000909,2,CUST_000337,São Paulo,SP,delivered,2024-01-16 11:09:49,2024-01-22 11:09:49,2024-01-22 11:09:49,PROD_00023,stationery,Stationery,SELL_0007,Porto Alegre,RS,13.7,20.3,credit_card,1,113.03,5,Great product!
ORD_0000910,1,CUST_000239,Recife,PE,delivered,2024-08-04 10:57:14,2024-08-14 10:57:14,2024-08-20 10:57:14,PROD_00011,toys,Toys,SELL_0029,Belo Horizonte,MG,26.93,33.87,credit_card,4,323.35,4,Took too long
ORD_0000910,2,CUST_000239,Recife,PE,delivered,2024-08-04 10:57:14,2024-08-14 10:57:14,2024-08-20 10:57:14,PROD_00186,sports_leisure,Sports & Leisure,SELL_0034,São Paulo,SP,150.32,34.7,credit_card,4,323.35,4,Took too long
ORD_0000910,3,CUST_000239,Recife,PE,delivered,2024-08-04 10:57:14,2024-08-14 10:57:14,2024-08-20 10:57:14,PROD_00064,garden_tools,Garden Tools,SELL_0047,Florianópolis,SC,47.61,29.92,credit_card,4,323.35,4,Took too long
ORD_0000911,1,CUST_000109,Florianópolis,SC,delivered,2024-06-23 06:06:35,2024-07-03 06:06:35,2024-07-10 06:06:35,PROD_00147,bed_bath_table,Bed Bath Table,SELL_0014,São Paulo,SP,77.92,20.21,credit_card,2,98.13,5,Fast delivery
ORD_0000912,1,CUST_000388,São Paulo,SP,delivered,2024-03-21 10:52:20,2024-03-27 10:52:20,2024-03-31 10:52:20,PROD_00046,baby,Baby,SELL_0020,Curitiba,PR,90.13,40.07,credit_card,4,130.2,4,
ORD_0000913,1,CUST_000024,São Paulo,SP,delivered,2023-10-09 13:07:07,2023-10-15 13:07:07,2023-10-12 13:07:07,PROD_00196,garden_tools,Garden Tools,SELL_0006,São Paulo,SP,159.15,12.05,boleto,1,171.2,5,OK
ORD_0000914,1,CUST_000146,São Paulo,SP,unavailable,2023-01-19 20:50:54,,2023-01-30 20:50:54,PROD_00143,sports_leisure,Sports & Leisure,SELL_0009,São Paulo,SP,279.56,30.01,credit_card,3,309.57,,
ORD_0000915,1,CUST_000146,São Paulo,SP,processing,2023-05-15 12:02:57,,2023-05-25 12:02:57,PROD_00148,toys,Toys,SELL_0010,Rio de Janeiro,RJ,103.09,44.28,credit_card,4,234.41,,
ORD_0000915,2,CUST_000146,São Paulo,SP,processing,2023-05-15 12:02:57,,2023-05-25 12:02:57,PROD_00074,garden_tools,Garden Tools,SELL_0038,Rio de Janeiro,RJ,81.36,5.68,credit_card,4,234.41,,
ORD_0000916,1,CUST_000241,São Paulo,SP,delivered,2023-04-08 13:46:19,2023-04-17 13:46:19,2023-04-20 13:46:19,PROD_00094,telephony,Telephony,SELL_0025,Rio de Janeiro,RJ,298.48,19.0,credit_card,4,624.84,5,Fast delivery
ORD_0000916,2,CUST_000241,São Paulo,SP,delivered,2023-04-08 13:46:19,2023-04-17 13:46:19,2023-04-20 13:46:19,PROD_00190,fashion_bags,Fashion Bags,SELL_0014,São Paulo,SP,302.31,5.05,credit_card,4,624.84,5,Fast delivery
ORD_0000917,1,CUST_000041,São Paulo,SP,delivered,2024-07-23 10:31:39,2024-07-26 10:31:39,2024-07-24 10:31:39,PROD_00153,telephony,Telephony,SELL_0038,Rio de Janeiro,RJ,116.67,36.17,credit_card,1,152.84,5,OK
ORD_0000918,1,CUST_000432,São Paulo,SP,delivered,2024-01-18 19:06:01,2024-01-26 19:06:01,2024-01-25 19:06:01,PROD_00199,auto,Auto,SELL_0008,Rio de Janeiro,RJ,47.55,43.76,credit_card,1,245.28,5,OK
ORD_0000918,2,CUST_000432,São Paulo,SP,delivered,2024-01-18 19:06:01,2024-01-26 19:06:01,2024-01-25 19:06:01,PROD_00071,watches_gifts,Watches & Gifts,SELL_0036,São Paulo,SP,111.56,42.41,credit_card,1,245.28,5,OK
ORD_0000919,1,CUST_000054,Salvador,BA,delivered,2023-11-27 22:46:27,2023-12-12 22:46:27,2023-12-17 22:46:27,PROD_00100,food_drink,Food & Drink,SELL_0014,São Paulo,SP,23.96,41.96,credit_card,1,65.92,,
ORD_0000920,1,CUST_000003,São Paulo,SP,delivered,2024-12-05 01:16:56,2024-12-07 01:16:56,2024-12-05 01:16:56,PROD_00020,watches_gifts,Watches & Gifts,SELL_0002,São Paulo,SP,446.29,36.14,credit_card,2,482.43,5,Good quality
ORD_0000921,1,CUST_000136,São Paulo,SP,delivered,2023-12-04 22:39:50,2023-12-15 22:39:50,2023-12-13 22:39:50,PROD_00014,stationery,Stationery,SELL_0011,São Paulo,SP,36.68,19.47,credit_card,1,152.62,5,Fast delivery
ORD_0000921,2,CUST_000136,São Paulo,SP,delivered,2023-12-04 22:39:50,2023-12-15 22:39:50,2023-12-13 22:39:50,PROD_00060,food_drink,Food & Drink,SELL_0011,São Paulo,SP,36.99,16.12,credit_card,1,152.62,5,Fast delivery
ORD_0000921,3,CUST_000136,São Paulo,SP,delivered,2023-12-04 22:39:50,2023-12-15 22:39:50,2023-12-13 22:39:50,PROD_00159,stationery,Stationery,SELL_0006,São Paulo,SP,9.61,33.75,credit_card,1,152.62,5,Fast delivery
ORD_0000922,1,CUST_000065,Rio de Janeiro,RJ,delivered,2023-11-23 04:48:37,2023-12-01 04:48:37,2023-12-06 04:48:37,PROD_00152,computers_accessories,Computers & Accessories,SELL_0009,São Paulo,SP,47.23,14.13,credit_card,6,61.36,,
ORD_0000923,1,CUST_000271,Curitiba,PR,unavailable,2023-09-04 18:30:42,,2023-09-15 18:30:42,PROD_00028,bed_bath_table,Bed Bath Table,SELL_0011,São Paulo,SP,119.16,15.44,credit_card,1,134.6,,
ORD_0000924,1,CUST_000048,Belo Horizonte,MG,delivered,2023-09-28 09:45:05,2023-10-14 09:45:05,2023-10-21 09:45:05,PROD_00002,health_beauty,Health & Beauty,SELL_0019,Belo Horizonte,MG,67.13,33.41,credit_card,1,100.54,4,Fast delivery
ORD_0000925,1,CUST_000332,São Paulo,SP,unavailable,2025-01-22 06:44:04,,2025-01-30 06:44:04,PROD_00032,stationery,Stationery,SELL_0026,São Paulo,SP,6.26,19.53,credit_card,2,25.79,,
ORD_0000926,1,CUST_000240,Belo Horizonte,MG,delivered,2025-04-18 12:12:31,2025-04-29 12:12:31,2025-05-04 12:12:31,PROD_00197,fashion_bags,Fashion Bags,SELL_0020,Curitiba,PR,266.74,19.74,credit_card,6,286.48,4,Average
ORD_0000927,1,CUST_000264,Rio de Janeiro,RJ,delivered,2023-11-17 09:45:29,2023-11-28 09:45:29,2023-11-30 09:45:29,PROD_00114,watches_gifts,Watches & Gifts,SELL_0023,São Paulo,SP,303.26,36.14,credit_card,1,339.4,,
ORD_0000928,1,CUST_000198,Curitiba,PR,delivered,2024-04-08 19:32:12,2024-04-22 19:32:12,2024-04-25 19:32:12,PROD_00045,watches_gifts,Watches & Gifts,SELL_0007,Porto Alegre,RS,473.97,15.05,credit_card,1,489.02,,
ORD_0000929,1,CUST_000085,São Paulo,SP,delivered,2024-12-03 09:55:36,2024-12-14 09:55:36,2024-12-14 09:55:36,PROD_00065,garden_tools,Garden Tools,SELL_0003,Rio de Janeiro,RJ,97.73,5.11,credit_card,6,202.42,5,Recommend
ORD_0000929,2,CUST_000085,São Paulo,SP,delivered,2024-12-03 09:55:36,2024-12-14 09:55:36,2024-12-14 09:55:36,PROD_00016,stationery,Stationery,SELL_0033,Belo Horizonte,MG,62.69,36.89,credit_card,6,202.42,5,Recommend
ORD_0000930,1,CUST_000009,São Paulo,SP,delivered,2024-04-16 05:17:01,2024-04-20 05:17:01,2024-04-22 05:17:01,PROD_00007,computers_accessories,Computers & Accessories,SELL_0027,Porto Alegre,RS,650.69,34.47,boleto,1,685.16,5,Average
ORD_0000931,1,CUST_000136,São Paulo,SP,delivered,2023-05-02 17:05:22,2023-05-06 17:05:22,2023-05-03 17:05:22,PROD_00116,electronics,Electronics,SELL_0006,São Paulo,SP,294.08,35.54,credit_card,1,329.62,5,Not as described
ORD_0000932,1,CUST_000226,Belo Horizonte,MG,delivered,2023-10-07 11:06:03,2023-10-18 11:06:03,2023-10-18 11:06:03,PROD_00133,stationery,Stationery,SELL_0007,Porto Alegre,RS,8.2,5.53,credit_card,6,13.73,5,Love it
ORD_0000933,1,CUST_000151,São Paulo,SP,delivered,2023-07-13 12:11:38,2023-07-19 12:11:38,2023-07-16 12:11:38,PROD_00115,computers_accessories,Computers & Accessories,SELL_0047,Florianópolis,SC,112.7,28.71,credit_card,10,141.41,,
ORD_0000934,1,CUST_000331,São Paulo,SP,processing,2023-09-12 03:14:07,,2023-09-26 03:14:07,PROD_00181,watches_gifts,Watches & Gifts,SELL_0033,Belo Horizonte,MG,49.19,8.38,credit_card,4,268.74,,
ORD_0000934,2,CUST_000331,São Paulo,SP,processing,2023-09-12 03:14:07,,2023-09-26 03:14:07,PROD_00105,garden_tools,Garden Tools,SELL_0030,Curitiba,PR,96.06,14.86,credit_card,4,268.74,,
ORD_0000934,3,CUST_000331,São Paulo,SP,processing,2023-09-12 03:14:07,,2023-09-26 03:14:07,PROD_00059,toys,Toys,SELL_0019,Belo Horizonte,MG,56.5,43.75,credit_card,4,268.74,,
ORD_0000935,1,CUST_000137,Belo Horizonte,MG,delivered,2023-09-02 02:34:06,2023-09-12 02:34:06,2023-09-15 02:34:06,PROD_00071,watches_gifts,Watches & Gifts,SELL_0026,São Paulo,SP,256.18,12.98,credit_card,4,678.37,4,Love it
ORD_0000935,2,CUST_000137,Belo Horizonte,MG,delivered,2023-09-02 02:34:06,2023-09-12 02:34:06,2023-09-15 02:34:06,PROD_00030,sports_leisure,Sports & Leisure,SELL_0037,São Paulo,SP,287.54,5.99,credit_card,4,678.37,4,Love it
ORD_0000935,3,CUST_000137,Belo Horizonte,MG,delivered,2023-09-02 02:34:06,2023-09-12 02:34:06,2023-09-15 02:34:06,PROD_00047,garden_tools,Garden Tools,SELL_0044,São Paulo,SP,76.3,39.38,credit_card,4,678.37,4,Love it
ORD_0000936,1,CUST_000052,Belo Horizonte,MG,delivered,2023-08-14 23:52:56,2023-08-22 23:52:56,2023-08-21 23:52:56,PROD_00181,watches_gifts,Watches & Gifts,SELL_0002,São Paulo,SP,226.15,15.15,credit_card,1,241.3,,
ORD_0000937,1,CUST_000403,Rio de Janeiro,RJ,delivered,2023-07-28 11:40:18,2023-08-10 11:40:18,2023-08-16 11:40:18,PROD_00002,health_beauty,Health & Beauty,SELL_0050,São Paulo,SP,93.43,44.99,credit_card,4,138.42,5,Not as described
ORD_0000938,1,CUST_000245,São Paulo,SP,delivered,2025-01-26 09:54:58,2025-02-05 09:54:58,2025-02-12 09:54:58,PROD_00041,fashion_bags,Fashion Bags,SELL_0029,Belo Horizonte,MG,334.36,41.78,credit_card,1,376.14,,
ORD_0000939,1,CUST_000036,Florianópolis,SC,delivered,2023-06-20 05:21:57,2023-07-03 05:21:57,2023-06-30 05:21:57,PROD_00101,furniture_decor,Furniture & Decor,SELL_0023,São Paulo,SP,284.61,10.96,boleto,1,472.08,5,Average
ORD_0000939,2,CUST_000036,Florianópolis,SC,delivered,2023-06-20 05:21:57,2023-07-03 05:21:57,2023-06-30 05:21:57,PROD_00017,health_beauty,Health & Beauty,SELL_0045,São Paulo,SP,138.28,38.23,boleto,1,472.08,5,Average
ORD_0000940,1,CUST_000091,Belo Horizonte,MG,delivered,2023-09-28 02:10:43,2023-10-07 02:10:43,2023-10-13 02:10:43,PROD_00015,sports_leisure,Sports & Leisure,SELL_0028,São Paulo,SP,392.33,21.12,credit_card,2,413.45,5,OK
ORD_0000941,1,CUST_000001,Belo Horizonte,MG,delivered,2024-05-15 07:30:07,2024-05-25 07:30:07,2024-05-25 07:30:07,PROD_00085,food_drink,Food & Drink,SELL_0005,São Paulo,SP,40.6,6.0,credit_card,3,46.6,5,Great product!
ORD_0000942,1,CUST_000269,São Paulo,SP,delivered,2024-05-30 05:48:09,2024-06-04 05:48:09,2024-06-08 05:48:09,PROD_00151,auto,Auto,SELL_0017,São Paulo,SP,177.69,23.69,boleto,1,201.38,5,OK
ORD_0000943,1,CUST_000252,Florianópolis,SC,delivered,2025-01-22 11:34:16,2025-01-31 11:34:16,2025-02-01 11:34:16,PROD_00168,watches_gifts,Watches & Gifts,SELL_0050,São Paulo,SP,146.09,14.44,credit_card,1,160.53,5,OK
ORD_0000944,1,CUST_000364,Florianópolis,SC,delivered,2023-12-08 16:49:42,2023-12-24 16:49:42,2023-12-31 16:49:42,PROD_00184,health_beauty,Health & Beauty,SELL_0046,São Paulo,SP,147.29,33.0,credit_card,1,180.29,3,Love it
ORD_0000945,1,CUST_000266,São Paulo,SP,shipped,2025-01-15 20:01:09,,2025-01-28 20:01:09,PROD_00147,bed_bath_table,Bed Bath Table,SELL_0046,São Paulo,SP,25.83,14.97,credit_card,3,40.8,,
ORD_0000946,1,CUST_000380,Goiânia,GO,delivered,2024-12-13 13:23:13,2024-12-26 13:23:13,2025-01-02 13:23:13,PROD_00045,watches_gifts,Watches & Gifts,SELL_0033,Belo Horizonte,MG,40.3,29.42,credit_card,1,69.72,3,Not as described
ORD_0000947,1,CUST_000056,Campo Grande,MS,unavailable,2023-10-08 20:43:34,,2023-10-30 20:43:34,PROD_00077,toys,Toys,SELL_0032,Rio de Janeiro,RJ,100.52,28.92,credit_card,1,264.7,,
ORD_0000947,2,CUST_000056,Campo Grande,MS,unavailable,2023-10-08 20:43:34,,2023-10-30 20:43:34,PROD_00156,garden_tools,Garden Tools,SELL_0015,Porto Alegre,RS,110.55,24.71,credit_card,1,264.7,,
ORD_0000948,1,CUST_000179,Belo Horizonte,MG,delivered,2023-12-06 12:37:26,2023-12-16 12:37:26,2023-12-22 12:37:26,PROD_00119,furniture_decor,Furniture & Decor,SELL_0027,Porto Alegre,RS,370.58,32.41,voucher,1,402.99,,
ORD_0000949,1,CUST_000267,São Paulo,SP,delivered,2024-12-19 10:53:39,2024-12-22 10:53:39,2024-12-24 10:53:39,PROD_00192,garden_tools,Garden Tools,SELL_0025,Rio de Janeiro,RJ,65.6,21.44,credit_card,1,87.04,4,Perfect!
ORD_0000950,1,CUST_000148,Porto Alegre,RS,delivered,2023-04-23 00:31:59,2023-05-05 00:31:59,2023-05-10 00:31:59,PROD_00125,sports_leisure,Sports & Leisure,SELL_0031,São Paulo,SP,128.93,6.96,credit_card,4,135.89,4,Love it
ORD_0000951,1,CUST_000495,São Luís,MA,delivered,2023-10-24 19:35:42,2023-11-12 19:35:42,2023-11-16 19:35:42,PROD_00060,food_drink,Food & Drink,SELL_0028,São Paulo,SP,51.21,35.49,credit_card,6,86.7,5,Took too long
ORD_0000952,1,CUST_000021,Belo Horizonte,MG,delivered,2023-08-11 09:52:37,2023-08-23 09:52:37,2023-08-20 09:52:37,PROD_00177,computers_accessories,Computers & Accessories,SELL_0039,São Paulo,SP,774.62,31.79,boleto,1,806.41,3,Average
ORD_0000953,1,CUST_000221,São Paulo,SP,delivered,2023-12-27 21:53:00,2024-01-08 21:53:00,2024-01-13 21:53:00,PROD_00030,sports_leisure,Sports & Leisure,SELL_0001,Curitiba,PR,398.35,22.84,credit_card,10,421.19,,
ORD_0000954,1,CUST_000341,Brasília,DF,delivered,2025-02-26 17:09:05,2025-03-06 17:09:05,2025-03-09 17:09:05,PROD_00068,electronics,Electronics,SELL_0043,Belo Horizonte,MG,136.47,22.23,credit_card,1,360.78,5,Love it
ORD_0000954,2,CUST_000341,Brasília,DF,delivered,2025-02-26 17:09:05,2025-03-06 17:09:05,2025-03-09 17:09:05,PROD_00007,computers_accessories,Computers & Accessories,SELL_0030,Curitiba,PR,195.04,7.04,credit_card,1,360.78,5,Love it
ORD_0000955,1,CUST_000300,Salvador,BA,processing,2023-03-24 09:14:02,,2023-04-12 09:14:02,PROD_00028,bed_bath_table,Bed Bath Table,SELL_0011,São Paulo,SP,49.48,7.2,boleto,1,357.43,,
ORD_0000955,2,CUST_000300,Salvador,BA,processing,2023-03-24 09:14:02,,2023-04-12 09:14:02,PROD_00171,sports_leisure,Sports & Leisure,SELL_0043,Belo Horizonte,MG,270.52,30.23,boleto,1,357.43,,
ORD_0000956,1,CUST_000217,São Paulo,SP,delivered,2024-02-13 03:57:16,2024-02-25 03:57:16,2024-03-02 03:57:16,PROD_00140,watches_gifts,Watches & Gifts,SELL_0016,São Paulo,SP,472.98,36.97,credit_card,10,509.95,1,Not as described
ORD_0000957,1,CUST_000224,São Paulo,SP,delivered,2024-11-26 10:51:37,2024-12-04 10:51:37,2024-12-04 10:51:37,PROD_00193,bed_bath_table,Bed Bath Table,SELL_0033,Belo Horizonte,MG,194.18,25.52,credit_card,3,219.7,2,Average
ORD_0000958,1,CUST_000155,São Paulo,SP,delivered,2023-11-09 02:19:36,2023-11-20 02:19:36,2023-11-23 02:19:36,PROD_00038,food_drink,Food & Drink,SELL_0029,Belo Horizonte,MG,54.67,8.34,credit_card,1,63.01,,
ORD_0000959,1,CUST_000401,Belo Horizonte,MG,delivered,2024-03-23 03:08:33,2024-04-08 03:08:33,2024-04-12 03:08:33,PROD_00138,computers_accessories,Computers & Accessories,SELL_0019,Belo Horizonte,MG,417.81,28.51,boleto,1,491.42,4,Good quality
ORD_0000959,2,CUST_000401,Belo Horizonte,MG,delivered,2024-03-23 03:08:33,2024-04-08 03:08:33,2024-04-12 03:08:33,PROD_00131,stationery,Stationery,SELL_0005,São Paulo,SP,7.29,37.81,boleto,1,491.42,4,Good quality
ORD_0000960,1,CUST_000182,Goiânia,GO,delivered,2024-03-13 14:26:26,2024-03-24 14:26:26,2024-03-21 14:26:26,PROD_00067,baby,Baby,SELL_0049,Curitiba,PR,65.18,10.53,credit_card,4,994.13,5,Great product!
ORD_0000960,2,CUST_000182,Goiânia,GO,delivered,2024-03-13 14:26:26,2024-03-24 14:26:26,2024-03-21 14:26:26,PROD_00116,electronics,Electronics,SELL_0034,São Paulo,SP,664.09,40.34,credit_card,4,994.13,5,Great product!
ORD_0000960,3,CUST_000182,Goiânia,GO,delivered,2024-03-13 14:26:26,2024-03-24 14:26:26,2024-03-21 14:26:26,PROD_00189,garden_tools,Garden Tools,SELL_0029,Belo Horizonte,MG,186.15,27.84,credit_card,4,994.13,5,Great product!
ORD_0000961,1,CUST_000491,São Paulo,SP,delivered,2025-02-24 13:05:48,2025-03-05 13:05:48,2025-03-07 13:05:48,PROD_00003,telephony,Telephony,SELL_0002,São Paulo,SP,170.95,7.47,credit_card,2,178.42,5,Fast delivery
ORD_0000962,1,CUST_000066,Campo Grande,MS,delivered,2024-09-27 17:57:36,2024-10-07 17:57:36,2024-10-06 17:57:36,PROD_00108,health_beauty,Health & Beauty,SELL_0006,São Paulo,SP,126.46,23.93,credit_card,10,150.39,,
ORD_0000963,1,CUST_000207,Goiânia,GO,delivered,2024-11-17 00:29:51,2024-12-02 00:29:51,2024-12-09 00:29:51,PROD_00098,baby,Baby,SELL_0026,São Paulo,SP,107.97,16.98,credit_card,10,266.42,4,Average
ORD_0000963,2,CUST_000207,Goiânia,GO,delivered,2024-11-17 00:29:51,2024-12-02 00:29:51,2024-12-09 00:29:51,PROD_00196,garden_tools,Garden Tools,SELL_0011,São Paulo,SP,133.11,8.36,credit_card,10,266.42,4,Average
ORD_0000964,1,CUST_000055,São Paulo,SP,delivered,2023-12-08 19:06:52,2023-12-17 19:06:52,2023-12-14 19:06:52,PROD_00173,health_beauty,Health & Beauty,SELL_0011,São Paulo,SP,207.03,15.82,credit_card,4,405.46,5,Good quality
ORD_0000964,2,CUST_000055,São Paulo,SP,delivered,2023-12-08 19:06:52,2023-12-17 19:06:52,2023-12-14 19:06:52,PROD_00172,bed_bath_table,Bed Bath Table,SELL_0010,Rio de Janeiro,RJ,141.46,41.15,credit_card,4,405.46,5,Good quality
ORD_0000965,1,CUST_000063,Rio de Janeiro,RJ,delivered,2025-01-28 18:43:32,2025-02-03 18:43:32,2025-02-07 18:43:32,PROD_00101,furniture_decor,Furniture & Decor,SELL_0031,São Paulo,SP,364.01,44.96,credit_card,1,432.7,4,OK
ORD_0000965,2,CUST_000063,Rio de Janeiro,RJ,delivered,2025-01-28 18:43:32,2025-02-03 18:43:32,2025-02-07 18:43:32,PROD_00163,toys,Toys,SELL_0023,São Paulo,SP,17.0,6.73,credit_card,1,432.7,4,OK
ORD_0000966,1,CUST_000070,Belo Horizonte,MG,delivered,2023-08-17 21:40:54,2023-08-28 21:40:54,2023-08-25 21:40:54,PROD_00067,baby,Baby,SELL_0038,Rio de Janeiro,RJ,164.28,8.54,credit_card,4,313.37,5,Fast delivery
ORD_0000966,2,CUST_000070,Belo Horizonte,MG,delivered,2023-08-17 21:40:54,2023-08-28 21:40:54,2023-08-25 21:40:54,PROD_00029,auto,Auto,SELL_0036,São Paulo,SP,133.79,6.76,credit_card,4,313.37,5,Fast delivery
ORD_0000967,1,CUST_000413,São Paulo,SP,delivered,2024-05-11 19:44:12,2024-05-17 19:44:12,2024-05-15 19:44:12,PROD_00125,sports_leisure,Sports & Leisure,SELL_0045,São Paulo,SP,127.96,40.75,credit_card,4,168.71,5,
ORD_0000968,1,CUST_000127,São Paulo,SP,delivered,2023-07-29 03:30:01,2023-08-05 03:30:01,2023-08-03 03:30:01,PROD_00086,garden_tools,Garden Tools,SELL_0050,São Paulo,SP,147.34,19.16,credit_card,3,166.5,5,Perfect!
ORD_0000969,1,CUST_000154,São Paulo,SP,shipped,2024-02-19 15:11:52,,2024-03-01 15:11:52,PROD_00169,computers_accessories,Computers & Accessories,SELL_0019,Belo Horizonte,MG,545.92,20.93,credit_card,1,566.85,,
ORD_0000970,1,CUST_000440,Vitória,ES,delivered,2024-11-04 19:07:27,2024-11-19 19:07:27,2024-11-18 19:07:27,PROD_00155,sports_leisure,Sports & Leisure,SELL_0019,Belo Horizonte,MG,371.97,33.08,boleto,1,405.05,4,Average
ORD_0000971,1,CUST_000420,São Paulo,SP,delivered,2025-02-01 21:15:10,2025-02-10 21:15:10,2025-02-11 21:15:10,PROD_00140,watches_gifts,Watches & Gifts,SELL_0040,Curitiba,PR,139.35,15.59,credit_card,2,154.94,5,Great product!
ORD_0000972,1,CUST_000342,São Paulo,SP,delivered,2023-04-13 18:31:23,2023-04-24 18:31:23,2023-04-22 18:31:23,PROD_00116,electronics,Electronics,SELL_0029,Belo Horizonte,MG,370.4,11.07,credit_card,1,381.47,1,Not as described
ORD_0000973,1,CUST_000238,Curitiba,PR,delivered,2024-03-02 13:09:01,2024-03-12 13:09:01,2024-03-09 13:09:01,PROD_00087,toys,Toys,SELL_0023,São Paulo,SP,24.31,10.69,boleto,1,35.0,5,Took too long
ORD_0000974,1,CUST_000331,São Paulo,SP,processing,2024-10-28 21:39:28,,2024-11-09 21:39:28,PROD_00162,stationery,Stationery,SELL_0009,São Paulo,SP,35.5,26.7,credit_card,1,687.5,,
ORD_0000974,2,CUST_000331,São Paulo,SP,processing,2024-10-28 21:39:28,,2024-11-09 21:39:28,PROD_00129,furniture_decor,Furniture & Decor,SELL_0050,São Paulo,SP,581.89,43.41,credit_card,1,687.5,,
ORD_0000975,1,CUST_000493,Florianópolis,SC,delivered,2023-05-23 14:56:46,2023-06-03 14:56:46,2023-06-08 14:56:46,PROD_00103,food_drink,Food & Drink,SELL_0040,Curitiba,PR,35.7,25.07,credit_card,1,60.77,5,
ORD_0000976,1,CUST_000108,Brasília,DF,delivered,2023-12-24 22:33:24,2024-01-09 22:33:24,2024-01-11 22:33:24,PROD_00036,fashion_bags,Fashion Bags,SELL_0010,Rio de Janeiro,RJ,394.45,20.81,credit_card,10,731.92,4,Great product!
ORD_0000976,2,CUST_000108,Brasília,DF,delivered,2023-12-24 22:33:24,2024-01-09 22:33:24,2024-01-11 22:33:24,PROD_00114,watches_gifts,Watches & Gifts,SELL_0002,São Paulo,SP,308.93,7.73,credit_card,10,731.92,4,Great product!
ORD_0000977,1,CUST_000336,Rio de Janeiro,RJ,shipped,2025-01-06 18:21:29,,2025-01-16 18:21:29,PROD_00023,stationery,Stationery,SELL_0008,Rio de Janeiro,RJ,27.49,13.58,voucher,1,135.57,,
ORD_0000977,2,CUST_000336,Rio de Janeiro,RJ,shipped,2025-01-06 18:21:29,,2025-01-16 18:21:29,PROD_00194,stationery,Stationery,SELL_0043,Belo Horizonte,MG,79.57,14.93,voucher,1,135.57,,
ORD_0000978,1,CUST_000473,São Paulo,SP,delivered,2024-02-08 02:58:53,2024-02-21 02:58:53,2024-02-27 02:58:53,PROD_00042,electronics,Electronics,SELL_0046,São Paulo,SP,699.04,39.93,credit_card,4,738.97,5,OK
ORD_0000979,1,CUST_000338,São Paulo,SP,delivered,2023-07-04 18:45:59,2023-07-11 18:45:59,2023-07-17 18:45:59,PROD_00055,electronics,Electronics,SELL_0001,Curitiba,PR,345.7,21.31,voucher,1,367.01,5,Fast delivery
ORD_0000980,1,CUST_000490,Belo Horizonte,MG,delivered,2024-08-17 11:37:39,2024-09-02 11:37:39,2024-09-01 11:37:39,PROD_00064,garden_tools,Garden Tools,SELL_0036,São Paulo,SP,18.32,15.18,credit_card,1,33.5,4,Love it
ORD_0000981,1,CUST_000119,Florianópolis,SC,delivered,2023-04-09 21:06:31,2023-04-29 21:06:31,2023-04-29 21:06:31,PROD_00086,garden_tools,Garden Tools,SELL_0011,São Paulo,SP,158.15,33.01,credit_card,1,191.16,5,Average
ORD_0000982,1,CUST_000054,Salvador,BA,processing,2023-06-28 23:57:24,,2023-07-10 23:57:24,PROD_00072,baby,Baby,SELL_0017,São Paulo,SP,138.83,24.82,credit_card,1,365.39,,
ORD_0000982,2,CUST_000054,Salvador,BA,processing,2023-06-28 23:57:24,,2023-07-10 23:57:24,PROD_00158,fashion_bags,Fashion Bags,SELL_0003,Rio de Janeiro,RJ,66.02,17.72,credit_card,1,365.39,,
ORD_0000982,3,CUST_000054,Salvador,BA,processing,2023-06-28 23:57:24,,2023-07-10 23:57:24,PROD_00179,auto,Auto,SELL_0037,São Paulo,SP,111.87,6.13,credit_card,1,365.39,,
ORD_0000983,1,CUST_000314,Rio de Janeiro,RJ,delivered,2023-09-14 03:02:54,2023-09-19 03:02:54,2023-09-18 03:02:54,PROD_00017,health_beauty,Health & Beauty,SELL_0048,Rio de Janeiro,RJ,125.46,34.61,boleto,1,160.07,,
ORD_0000984,1,CUST_000165,Curitiba,PR,unavailable,2023-04-21 22:28:24,,2023-05-07 22:28:24,PROD_00033,computers_accessories,Computers & Accessories,SELL_0037,São Paulo,SP,569.15,28.78,credit_card,1,632.71,,
ORD_0000984,2,CUST_000165,Curitiba,PR,unavailable,2023-04-21 22:28:24,,2023-05-07 22:28:24,PROD_00162,stationery,Stationery,SELL_0047,Florianópolis,SC,8.14,26.64,credit_card,1,632.71,,
ORD_0000985,1,CUST_000285,São Paulo,SP,delivered,2023-07-24 06:16:31,2023-08-01 06:16:31,2023-08-06 06:16:31,PROD_00119,furniture_decor,Furniture & Decor,SELL_0018,Florianópolis,SC,506.66,10.82,boleto,1,693.18,,
ORD_0000985,2,CUST_000285,São Paulo,SP,delivered,2023-07-24 06:16:31,2023-08-01 06:16:31,2023-08-06 06:16:31,PROD_00114,watches_gifts,Watches & Gifts,SELL_0007,Porto Alegre,RS,150.02,25.68,boleto,1,693.18,,
ORD_0000986,1,CUST_000415,Porto Alegre,RS,delivered,2025-03-19 06:05:37,2025-04-03 06:05:37,2025-04-03 06:05:37,PROD_00160,computers_accessories,Computers & Accessories,SELL_0025,Rio de Janeiro,RJ,172.23,20.78,boleto,1,447.19,5,Love it
ORD_0000986,2,CUST_000415,Porto Alegre,RS,delivered,2025-03-19 06:05:37,2025-04-03 06:05:37,2025-04-03 06:05:37,PROD_00140,watches_gifts,Watches & Gifts,SELL_0040,Curitiba,PR,222.65,31.53,boleto,1,447.19,5,Love it
ORD_0000987,1,CUST_000018,Curitiba,PR,delivered,2025-04-09 04:57:00,2025-04-21 04:57:00,2025-04-20 04:57:00,PROD_00149,stationery,Stationery,SELL_0029,Belo Horizonte,MG,34.69,29.74,credit_card,4,64.43,5,Average
ORD_0000988,1,CUST_000350,Belo Horizonte,MG,delivered,2025-01-17 23:41:33,2025-01-28 23:41:33,2025-02-03 23:41:33,PROD_00098,baby,Baby,SELL_0006,São Paulo,SP,108.59,32.55,credit_card,3,405.53,5,Love it
ORD_0000988,2,CUST_000350,Belo Horizonte,MG,delivered,2025-01-17 23:41:33,2025-01-28 23:41:33,2025-02-03 23:41:33,PROD_00088,health_beauty,Health & Beauty,SELL_0043,Belo Horizonte,MG,153.26,44.16,credit_card,3,405.53,5,Love it
ORD_0000988,3,CUST_000350,Belo Horizonte,MG,delivered,2025-01-17 23:41:33,2025-01-28 23:41:33,2025-02-03 23:41:33,PROD_00029,auto,Auto,SELL_0039,São Paulo,SP,56.58,10.39,credit_card,3,405.53,5,Love it
ORD_0000989,1,CUST_000424,Belo Horizonte,MG,processing,2024-04-30 16:22:22,,2024-05-19 16:22:22,PROD_00176,garden_tools,Garden Tools,SELL_0016,São Paulo,SP,158.4,44.79,credit_card,1,203.19,,
ORD_0000990,1,CUST_000219,Rio de Janeiro,RJ,delivered,2024-10-02 12:55:04,2024-10-08 12:55:04,2024-10-09 12:55:04,PROD_00178,electronics,Electronics,SELL_0031,São Paulo,SP,55.03,9.54,credit_card,1,402.66,5,Took too long
ORD_0000990,2,CUST_000219,Rio de Janeiro,RJ,delivered,2024-10-02 12:55:04,2024-10-08 12:55:04,2024-10-09 12:55:04,PROD_00109,stationery,Stationery,SELL_0039,São Paulo,SP,56.21,7.47,credit_card,1,402.66,5,Took too long
ORD_0000990,3,CUST_000219,Rio de Janeiro,RJ,delivered,2024-10-02 12:55:04,2024-10-08 12:55:04,2024-10-09 12:55:04,PROD_00193,bed_bath_table,Bed Bath Table,SELL_0014,São Paulo,SP,237.11,37.3,credit_card,1,402.66,5,Took too long
ORD_0000991,1,CUST_000052,Belo Horizonte,MG,delivered,2023-05-01 15:14:03,2023-05-13 15:14:03,2023-05-14 15:14:03,PROD_00106,baby,Baby,SELL_0007,Porto Alegre,RS,176.02,30.9,credit_card,1,206.92,5,OK
ORD_0000992,1,CUST_000200,São Paulo,SP,canceled,2024-12-21 11:04:55,,2025-01-03 11:04:55,PROD_00084,furniture_decor,Furniture & Decor,SELL_0032,Rio de Janeiro,RJ,248.54,7.23,credit_card,10,255.77,,
ORD_0000993,1,CUST_000274,Porto Alegre,RS,delivered,2024-08-12 07:54:33,2024-08-23 07:54:33,2024-08-21 07:54:33,PROD_00153,telephony,Telephony,SELL_0009,São Paulo,SP,203.7,27.9,boleto,1,231.6,5,Not as described
ORD_0000994,1,CUST_000299,São Paulo,SP,delivered,2024-04-27 08:41:01,2024-05-02 08:41:01,2024-05-02 08:41:01,PROD_00149,stationery,Stationery,SELL_0025,Rio de Janeiro,RJ,23.77,6.88,credit_card,2,30.65,4,OK
ORD_0000995,1,CUST_000172,Porto Alegre,RS,delivered,2025-02-22 01:08:13,2025-03-12 01:08:13,2025-03-09 01:08:13,PROD_00071,watches_gifts,Watches & Gifts,SELL_0036,São Paulo,SP,397.05,34.62,credit_card,10,431.67,4,Love it
ORD_0000996,1,CUST_000121,São Paulo,SP,delivered,2024-05-20 02:51:36,2024-05-26 02:51:36,2024-05-28 02:51:36,PROD_00128,stationery,Stationery,SELL_0028,São Paulo,SP,35.78,18.07,credit_card,1,53.85,,
ORD_0000997,1,CUST_000037,Rio de Janeiro,RJ,shipped,2024-03-02 19:47:39,,2024-03-11 19:47:39,PROD_00080,electronics,Electronics,SELL_0032,Rio de Janeiro,RJ,237.45,39.61,credit_card,3,277.06,,
ORD_0000998,1,CUST_000054,Salvador,BA,delivered,2023-02-06 15:32:14,2023-02-21 15:32:14,2023-02-22 15:32:14,PROD_00008,sports_leisure,Sports & Leisure,SELL_0020,Curitiba,PR,237.06,36.3,credit_card,1,273.36,4,Not as described
ORD_0000999,1,CUST_000401,Belo Horizonte,MG,delivered,2023-08-22 00:59:03,2023-08-27 00:59:03,2023-09-03 00:59:03,PROD_00050,furniture_decor,Furniture & Decor,SELL_0002,São Paulo,SP,477.51,37.21,credit_card,6,830.66,4,Fast delivery
ORD_0000999,2,CUST_000401,Belo Horizonte,MG,delivered,2023-08-22 00:59:03,2023-08-27 00:59:03,2023-09-03 00:59:03,PROD_00034,auto,Auto,SELL_0017,São Paulo,SP,96.24,36.29,credit_card,6,830.66,4,Fast delivery
ORD_0000999,3,CUST_000401,Belo Horizonte,MG,delivered,2023-08-22 00:59:03,2023-08-27 00:59:03,2023-09-03 00:59:03,PROD_00098,baby,Baby,SELL_0012,São Paulo,SP,144.24,39.17,credit_card,6,830.66,4,Fast delivery
ORD_0001000,1,CUST_000351,São Paulo,SP,delivered,2025-01-25 00:35:30,2025-01-31 00:35:30,2025-01-30 00:35:30,PROD_00075,sports_leisure,Sports & Leisure,SELL_0022,Curitiba,PR,40.59,20.86,credit_card,3,61.45,5,Love it
